ISO-10303-21;
HEADER;
/* Generated by software containing ST-Developer
 * from STEP Tools, Inc. (www.steptools.com) 
 */

FILE_DESCRIPTION(
/* description */ (''),
/* implementation_level */ '2;1');

FILE_NAME(
/* name */ 'MiniRemoteEncoderPillowJoint.step',
/* time_stamp */ '2024-11-11T18:59:55+03:00',
/* author */ (''),
/* organization */ (''),
/* preprocessor_version */ 'ST-DEVELOPER v20',
/* originating_system */ 'Autodesk Translation Framework v13.20.0.188',

/* authorisation */ '');

FILE_SCHEMA (('AUTOMOTIVE_DESIGN { 1 0 10303 214 3 1 1 }'));
ENDSEC;

DATA;
#10=MECHANICAL_DESIGN_GEOMETRIC_PRESENTATION_REPRESENTATION('',(#13),#4459);
#11=SHAPE_REPRESENTATION_RELATIONSHIP('SRR','None',#4466,#12);
#12=ADVANCED_BREP_SHAPE_REPRESENTATION('',(#14),#4458);
#13=STYLED_ITEM('',(#4476),#14);
#14=MANIFOLD_SOLID_BREP('Body3',#649);
#15=TOROIDAL_SURFACE('',#679,5.6,1.5);
#16=LINE('',#2403,#27);
#17=LINE('',#2421,#28);
#18=LINE('',#2424,#29);
#19=LINE('',#2461,#30);
#20=LINE('',#2489,#31);
#21=LINE('',#4183,#32);
#22=LINE('',#4184,#33);
#23=LINE('',#4241,#34);
#24=LINE('',#4266,#35);
#25=LINE('',#4449,#36);
#26=LINE('',#4455,#37);
#27=VECTOR('',#701,10.);
#28=VECTOR('',#702,10.);
#29=VECTOR('',#705,10.);
#30=VECTOR('',#708,10.);
#31=VECTOR('',#711,10.);
#32=VECTOR('',#714,10.);
#33=VECTOR('',#715,10.);
#34=VECTOR('',#718,10.);
#35=VECTOR('',#721,10.);
#36=VECTOR('',#726,5.5);
#37=VECTOR('',#735,4.1);
#38=CYLINDRICAL_SURFACE('',#670,0.75);
#39=CYLINDRICAL_SURFACE('',#672,0.75);
#40=CYLINDRICAL_SURFACE('',#675,0.75);
#41=CYLINDRICAL_SURFACE('',#676,0.75);
#42=CYLINDRICAL_SURFACE('',#678,5.5);
#43=CYLINDRICAL_SURFACE('',#682,4.1);
#44=(
BOUNDED_SURFACE()
B_SPLINE_SURFACE(1,2,((#1557,#1558,#1559,#1560,#1561),(#1562,#1563,#1564,
#1565,#1566)),.UNSPECIFIED.,.F.,.F.,.F.)
B_SPLINE_SURFACE_WITH_KNOTS((2,2),(3,2,3),(0.199185008784942,8.45070422535212),
(-1.41742839343508,0.,1.41742839343508),.UNSPECIFIED.)
GEOMETRIC_REPRESENTATION_ITEM()
RATIONAL_B_SPLINE_SURFACE(((1.,0.759199378865963,1.,0.759199378865963,1.),
(1.,0.759199378865963,1.,0.759199378865963,1.)))
REPRESENTATION_ITEM('')
SURFACE()
);
#45=ELLIPSE('',#668,0.71,0.35);
#46=FACE_BOUND('',#109,.T.);
#47=FACE_BOUND('',#111,.T.);
#48=FACE_BOUND('',#115,.T.);
#49=CIRCLE('',#664,5.5);
#50=CIRCLE('',#666,4.1);
#51=CIRCLE('',#667,3.);
#52=CIRCLE('',#669,0.25);
#53=CIRCLE('',#680,4.1);
#54=CIRCLE('',#681,1.5);
#55=PLANE('',#663);
#56=PLANE('',#665);
#57=PLANE('',#671);
#58=PLANE('',#673);
#59=PLANE('',#674);
#60=PLANE('',#677);
#61=FACE_OUTER_BOUND('',#103,.T.);
#62=FACE_OUTER_BOUND('',#104,.T.);
#63=FACE_OUTER_BOUND('',#105,.T.);
#64=FACE_OUTER_BOUND('',#106,.T.);
#65=FACE_OUTER_BOUND('',#107,.T.);
#66=FACE_OUTER_BOUND('',#108,.T.);
#67=FACE_OUTER_BOUND('',#110,.T.);
#68=FACE_OUTER_BOUND('',#112,.T.);
#69=FACE_OUTER_BOUND('',#113,.T.);
#70=FACE_OUTER_BOUND('',#114,.T.);
#71=FACE_OUTER_BOUND('',#116,.T.);
#72=FACE_OUTER_BOUND('',#117,.T.);
#73=FACE_OUTER_BOUND('',#118,.T.);
#74=FACE_OUTER_BOUND('',#119,.T.);
#75=FACE_OUTER_BOUND('',#120,.T.);
#76=FACE_OUTER_BOUND('',#121,.T.);
#77=FACE_OUTER_BOUND('',#122,.T.);
#78=FACE_OUTER_BOUND('',#123,.T.);
#79=FACE_OUTER_BOUND('',#124,.T.);
#80=FACE_OUTER_BOUND('',#125,.T.);
#81=FACE_OUTER_BOUND('',#126,.T.);
#82=FACE_OUTER_BOUND('',#127,.T.);
#83=FACE_OUTER_BOUND('',#128,.T.);
#84=FACE_OUTER_BOUND('',#129,.T.);
#85=FACE_OUTER_BOUND('',#130,.T.);
#86=FACE_OUTER_BOUND('',#131,.T.);
#87=FACE_OUTER_BOUND('',#132,.T.);
#88=FACE_OUTER_BOUND('',#133,.T.);
#89=FACE_OUTER_BOUND('',#134,.T.);
#90=FACE_OUTER_BOUND('',#135,.T.);
#91=FACE_OUTER_BOUND('',#136,.T.);
#92=FACE_OUTER_BOUND('',#137,.T.);
#93=FACE_OUTER_BOUND('',#138,.T.);
#94=FACE_OUTER_BOUND('',#139,.T.);
#95=FACE_OUTER_BOUND('',#140,.T.);
#96=FACE_OUTER_BOUND('',#141,.T.);
#97=FACE_OUTER_BOUND('',#142,.T.);
#98=FACE_OUTER_BOUND('',#143,.T.);
#99=FACE_OUTER_BOUND('',#144,.T.);
#100=FACE_OUTER_BOUND('',#145,.T.);
#101=FACE_OUTER_BOUND('',#146,.T.);
#102=FACE_OUTER_BOUND('',#147,.T.);
#103=EDGE_LOOP('',(#383,#384,#385,#386));
#104=EDGE_LOOP('',(#387,#388,#389,#390));
#105=EDGE_LOOP('',(#391,#392,#393,#394));
#106=EDGE_LOOP('',(#395,#396,#397,#398));
#107=EDGE_LOOP('',(#399,#400,#401,#402));
#108=EDGE_LOOP('',(#403));
#109=EDGE_LOOP('',(#404,#405,#406));
#110=EDGE_LOOP('',(#407));
#111=EDGE_LOOP('',(#408,#409,#410,#411));
#112=EDGE_LOOP('',(#412,#413,#414,#415));
#113=EDGE_LOOP('',(#416,#417,#418,#419));
#114=EDGE_LOOP('',(#420,#421,#422,#423,#424));
#115=EDGE_LOOP('',(#425,#426,#427,#428,#429,#430,#431,#432));
#116=EDGE_LOOP('',(#433,#434,#435,#436,#437,#438));
#117=EDGE_LOOP('',(#439,#440,#441,#442));
#118=EDGE_LOOP('',(#443,#444,#445,#446));
#119=EDGE_LOOP('',(#447,#448,#449,#450));
#120=EDGE_LOOP('',(#451,#452,#453,#454));
#121=EDGE_LOOP('',(#455,#456,#457,#458));
#122=EDGE_LOOP('',(#459,#460,#461,#462));
#123=EDGE_LOOP('',(#463,#464,#465,#466));
#124=EDGE_LOOP('',(#467,#468,#469,#470));
#125=EDGE_LOOP('',(#471,#472,#473,#474));
#126=EDGE_LOOP('',(#475,#476,#477,#478,#479));
#127=EDGE_LOOP('',(#480,#481,#482,#483));
#128=EDGE_LOOP('',(#484,#485,#486,#487));
#129=EDGE_LOOP('',(#488,#489,#490,#491));
#130=EDGE_LOOP('',(#492,#493,#494,#495));
#131=EDGE_LOOP('',(#496,#497,#498,#499));
#132=EDGE_LOOP('',(#500,#501,#502,#503));
#133=EDGE_LOOP('',(#504,#505,#506,#507));
#134=EDGE_LOOP('',(#508,#509,#510,#511));
#135=EDGE_LOOP('',(#512,#513,#514,#515));
#136=EDGE_LOOP('',(#516,#517,#518,#519));
#137=EDGE_LOOP('',(#520,#521,#522,#523));
#138=EDGE_LOOP('',(#524,#525,#526,#527));
#139=EDGE_LOOP('',(#528,#529,#530,#531,#532));
#140=EDGE_LOOP('',(#533,#534,#535,#536));
#141=EDGE_LOOP('',(#537,#538,#539,#540,#541,#542,#543,#544,#545,#546));
#142=EDGE_LOOP('',(#547,#548,#549,#550));
#143=EDGE_LOOP('',(#551,#552,#553,#554));
#144=EDGE_LOOP('',(#555,#556,#557,#558,#559,#560,#561,#562,#563,#564,#565));
#145=EDGE_LOOP('',(#566,#567,#568,#569,#570));
#146=EDGE_LOOP('',(#571,#572,#573,#574));
#147=EDGE_LOOP('',(#575,#576,#577,#578));
#148=(
BOUNDED_CURVE()
B_SPLINE_CURVE(3,(#806,#807,#808,#809),.UNSPECIFIED.,.F.,.F.)
B_SPLINE_CURVE_WITH_KNOTS((4,4),(0.,1.),.UNSPECIFIED.)
CURVE()
GEOMETRIC_REPRESENTATION_ITEM()
RATIONAL_B_SPLINE_CURVE((1.,0.857192126145277,0.857192126145277,1.))
REPRESENTATION_ITEM('')
);
#149=(
BOUNDED_CURVE()
B_SPLINE_CURVE(3,(#1054,#1055,#1056,#1057),.UNSPECIFIED.,.F.,.F.)
B_SPLINE_CURVE_WITH_KNOTS((4,4),(-1.,0.),.UNSPECIFIED.)
CURVE()
GEOMETRIC_REPRESENTATION_ITEM()
RATIONAL_B_SPLINE_CURVE((1.,0.857192126145277,0.857192126145277,1.))
REPRESENTATION_ITEM('')
);
#150=B_SPLINE_CURVE_WITH_KNOTS('',3,(#789,#790,#791,#792,#793),
 .UNSPECIFIED.,.F.,.F.,(4,1,4),(-1.,-0.5,0.),.UNSPECIFIED.);
#151=B_SPLINE_CURVE_WITH_KNOTS('',3,(#795,#796,#797,#798,#799,#800,#801,
#802,#803,#804),.UNSPECIFIED.,.F.,.F.,(4,1,1,1,1,1,1,4),(-0.579183727702511,
-0.573421798920384,-0.561897941356132,-0.54302487700176,-0.503369954704803,
-0.419479614799543,-0.335589274894284,-2.79152732462066E-5),
 .UNSPECIFIED.);
#152=B_SPLINE_CURVE_WITH_KNOTS('',3,(#810,#811,#812,#813,#814,#815,#816,
#817,#818,#819),.UNSPECIFIED.,.F.,.F.,(4,1,1,1,1,1,1,4),(2.79152732462066E-5,
0.335589274894284,0.419479614799543,0.503369954704803,0.54302487700176,
0.561897941356132,0.573421798920384,0.579183727702511),.UNSPECIFIED.);
#153=B_SPLINE_CURVE_WITH_KNOTS('',3,(#892,#893,#894,#895,#896,#897,#898),
 .UNSPECIFIED.,.F.,.F.,(4,1,1,1,4),(-1.,-0.785714285714286,-0.5,-0.285714285714286,
0.),.UNSPECIFIED.);
#154=B_SPLINE_CURVE_WITH_KNOTS('',3,(#899,#900,#901,#902,#903,#904,#905,
#906,#907,#908),.UNSPECIFIED.,.F.,.F.,(4,1,1,1,1,1,1,4),(-0.597777371533774,
-0.590733554513111,-0.585153354879885,-0.583555628906842,-0.581957902933799,
-0.580360176960756,-0.579968027208006,-0.579183727702506),.UNSPECIFIED.);
#155=B_SPLINE_CURVE_WITH_KNOTS('',3,(#909,#910,#911,#912,#913,#914,#915,
#916,#917,#918),.UNSPECIFIED.,.F.,.F.,(4,1,1,1,1,1,1,4),(0.579183727702506,
0.579968027208006,0.580360176960756,0.581957902933799,0.583555628906842,
0.585153354879885,0.590733554513111,0.597777371533774),.UNSPECIFIED.);
#156=B_SPLINE_CURVE_WITH_KNOTS('',3,(#970,#971,#972,#973,#974,#975,#976),
 .UNSPECIFIED.,.F.,.F.,(4,1,1,1,4),(-1.,-0.785714285714286,-0.5,-0.285714285714286,
0.),.UNSPECIFIED.);
#157=B_SPLINE_CURVE_WITH_KNOTS('',3,(#977,#978,#979,#980,#981,#982,#983),
 .UNSPECIFIED.,.F.,.F.,(4,1,1,1,4),(-0.664439216889504,-0.650154535741848,
-0.635869854594191,-0.616823613063983,-0.597777371533774),.UNSPECIFIED.);
#158=B_SPLINE_CURVE_WITH_KNOTS('',3,(#984,#985,#986,#987,#988,#989,#990),
 .UNSPECIFIED.,.F.,.F.,(4,1,1,1,4),(0.597777371533774,0.616823613063983,
0.635869854594191,0.650154535741848,0.664439216889504),.UNSPECIFIED.);
#159=B_SPLINE_CURVE_WITH_KNOTS('',3,(#1038,#1039,#1040,#1041,#1042),
 .UNSPECIFIED.,.F.,.F.,(4,1,4),(0.,0.5,1.),.UNSPECIFIED.);
#160=B_SPLINE_CURVE_WITH_KNOTS('',3,(#1044,#1045,#1046,#1047,#1048,#1049,
#1050,#1051,#1052),.UNSPECIFIED.,.F.,.F.,(4,1,1,1,1,1,4),(0.682576705961293,
0.699093380153575,0.717901816825092,0.757518083071953,0.841479882530594,
0.925441681989236,1.26126094534736),.UNSPECIFIED.);
#161=B_SPLINE_CURVE_WITH_KNOTS('',3,(#1058,#1059,#1060,#1061,#1062,#1063,
#1064,#1065,#1066),.UNSPECIFIED.,.F.,.F.,(4,1,1,1,1,1,4),(-1.26126094534736,
-0.925441681989236,-0.841479882530594,-0.757518083071953,-0.717901816825092,
-0.699093380153575,-0.682576705961293),.UNSPECIFIED.);
#162=B_SPLINE_CURVE_WITH_KNOTS('',3,(#1144,#1145,#1146,#1147,#1148,#1149,
#1150,#1151,#1152,#1153,#1154),.UNSPECIFIED.,.F.,.F.,(4,1,1,1,1,1,1,1,4),
(-0.682576705961295,-0.681832158666579,-0.681459885019221,-0.679612697339915,
-0.678689103500262,-0.676841915820956,-0.675918321981303,-0.669180067158084,
-0.664439216889504),.UNSPECIFIED.);
#163=B_SPLINE_CURVE_WITH_KNOTS('',3,(#1155,#1156,#1157,#1158,#1159,#1160,
#1161,#1162,#1163,#1164,#1165),.UNSPECIFIED.,.F.,.F.,(4,1,1,1,1,1,1,1,4),
(0.664439216889504,0.669180067158084,0.675918321981303,0.676841915820956,
0.678689103500262,0.679612697339915,0.681459885019221,0.681832158666579,
0.682576705961295),.UNSPECIFIED.);
#164=B_SPLINE_CURVE_WITH_KNOTS('',3,(#1170,#1171,#1172,#1173,#1174,#1175,
#1176),.UNSPECIFIED.,.F.,.F.,(4,1,1,1,4),(2.31812772179168,2.64112998104163,
2.96413224029158,3.12563336991655,3.4486356291665),.UNSPECIFIED.);
#165=B_SPLINE_CURVE_WITH_KNOTS('',3,(#1177,#1178,#1179,#1180,#1181,#1182,
#1183),.UNSPECIFIED.,.F.,.F.,(4,1,1,1,4),(1.18752865428394,1.51055695928615,
1.83358526428836,2.15661356929057,2.31812772179168),.UNSPECIFIED.);
#166=B_SPLINE_CURVE_WITH_KNOTS('',3,(#1225,#1226,#1227,#1228,#1229,#1230,
#1231,#1232,#1233,#1234,#1235,#1236,#1237,#1238,#1239,#1240,#1241,#1242,
#1243,#1244,#1245,#1246,#1247,#1248,#1249,#1250,#1251,#1252,#1253,#1254,
#1255,#1256,#1257,#1258,#1259,#1260,#1261,#1262,#1263,#1264,#1265,#1266,
#1267,#1268,#1269,#1270,#1271,#1272,#1273,#1274,#1275,#1276,#1277,#1278,
#1279,#1280,#1281,#1282,#1283,#1284,#1285,#1286,#1287,#1288,#1289,#1290,
#1291,#1292,#1293,#1294,#1295,#1296,#1297,#1298,#1299,#1300,#1301,#1302,
#1303,#1304,#1305,#1306,#1307,#1308,#1309,#1310,#1311,#1312,#1313,#1314,
#1315,#1316,#1317,#1318,#1319,#1320,#1321,#1322,#1323,#1324,#1325,#1326,
#1327,#1328,#1329,#1330,#1331,#1332,#1333,#1334,#1335,#1336,#1337,#1338,
#1339,#1340,#1341,#1342,#1343,#1344,#1345,#1346,#1347,#1348,#1349,#1350,
#1351),.UNSPECIFIED.,.F.,.F.,(4,3,3,3,3,3,3,3,3,3,3,3,3,3,3,3,3,3,3,3,3,
3,3,3,3,3,3,3,3,3,3,3,3,3,3,3,3,3,3,3,3,3,4),(-3.43565954017382,-3.40686110505971,
-3.37773312229059,-3.34827954367759,-3.32396264252493,-3.29250970458625,
-3.26076157289081,-3.22908284311455,-3.1978025846398,-3.18031506911094,
-3.15002519609655,-3.12557203012936,-3.09573110917622,-3.06584524701343,
-3.03666713768408,-3.00739375409724,-2.97817796232717,-2.96406176154066,
-2.93476884792207,-2.90509074983899,-2.89301946076439,-2.86153767799515,
-2.82957105537702,-2.79755841493793,-2.7658164882977,-2.74937163386019,
-2.72075070825742,-2.69233457270639,-2.66443151327552,-2.64140360060112,
-2.61288604056961,-2.605723855732,-2.57388537908515,-2.54134638051392,-2.50866694883173,
-2.47620679202789,-2.46207610910435,-2.43113641756741,-2.40016001521715,
-2.36943919118449,-2.33938978754363,-2.31842837623796,-2.31812772179168),
 .UNSPECIFIED.);
#167=B_SPLINE_CURVE_WITH_KNOTS('',3,(#1388,#1389,#1390,#1391,#1392,#1393,
#1394),.UNSPECIFIED.,.F.,.F.,(4,1,1,1,4),(-2.31812772179168,-2.15661356929057,
-1.83358526428836,-1.51055695928615,-1.20047060723932),.UNSPECIFIED.);
#168=B_SPLINE_CURVE_WITH_KNOTS('',3,(#1437,#1438,#1439,#1440,#1441,#1442,
#1443,#1444,#1445,#1446,#1447,#1448,#1449,#1450,#1451),.UNSPECIFIED.,.F.,
 .F.,(4,1,1,1,1,1,1,1,1,1,1,1,4),(-0.0529096624618599,-0.0510868809947961,
-0.046447034326157,-0.0418067668780408,-0.0371657595764418,-0.0325236565069704,
-0.0278802780099576,-0.0232371226594749,-0.0185956884425287,-0.0139557932665449,
-0.00931707941920273,-0.00467922472148143,-0.00290092390992274),
 .UNSPECIFIED.);
#169=B_SPLINE_CURVE_WITH_KNOTS('',3,(#1453,#1454,#1455,#1456,#1457,#1458,
#1459,#1460,#1461,#1462,#1463,#1464,#1465,#1466,#1467,#1468),
 .UNSPECIFIED.,.F.,.F.,(4,1,1,1,1,1,1,1,1,1,1,1,1,4),(-0.234005462902331,
-0.223467204616296,-0.209250853102101,-0.194957189690699,-0.180519627567968,
-0.165946527974018,-0.151158049197586,-0.136109795667232,-0.120786928233536,
-0.105124102592949,-0.0890856722805218,-0.0727317260766716,-0.0561551194655336,
-0.0529096624208932),.UNSPECIFIED.);
#170=B_SPLINE_CURVE_WITH_KNOTS('',3,(#1470,#1471,#1472,#1473,#1474,#1475,
#1476,#1477,#1478),.UNSPECIFIED.,.F.,.F.,(4,1,1,1,1,1,4),(-0.334404228494021,
-0.270411372554627,-0.262122130240721,-0.253832951946416,-0.245543987048219,
-0.237253680713579,-0.234005462902331),.UNSPECIFIED.);
#171=B_SPLINE_CURVE_WITH_KNOTS('',3,(#1480,#1481,#1482,#1483,#1484,#1485,
#1486,#1487,#1488,#1489,#1490,#1491,#1492,#1493,#1494,#1495,#1496),
 .UNSPECIFIED.,.F.,.F.,(4,1,1,1,1,1,1,1,1,1,1,1,1,1,4),(-0.517903426468775,
-0.514766754817049,-0.498987249878553,-0.483323866691185,-0.467857698536802,
-0.452589589606396,-0.437563077056146,-0.422748930749274,-0.408090242024369,
-0.393632023864599,-0.379321011746949,-0.365110510241606,-0.351035862863873,
-0.337020870352028,-0.33440422849371),.UNSPECIFIED.);
#172=B_SPLINE_CURVE_WITH_KNOTS('',3,(#1498,#1499,#1500,#1501,#1502,#1503,
#1504,#1505,#1506,#1507,#1508,#1509,#1510,#1511,#1512),.UNSPECIFIED.,.F.,
 .F.,(4,1,1,1,1,1,1,1,1,1,1,1,4),(-0.567918661759668,-0.566090961287295,
-0.561462212426534,-0.556832489701526,-0.552201432410906,-0.547568701027593,
-0.542934046280643,-0.538299158582131,-0.533665729281041,-0.529033510813757,
-0.524402166826695,-0.51977134027709,-0.517903426468775),.UNSPECIFIED.);
#173=B_SPLINE_CURVE_WITH_KNOTS('',3,(#1514,#1515,#1516,#1517,#1518,#1519,
#1520,#1521,#1522,#1523,#1524,#1525,#1526,#1527,#1528,#1529,#1530),
 .UNSPECIFIED.,.F.,.F.,(4,1,1,1,1,1,1,1,1,1,1,1,1,1,4),(-0.751372476228132,
-0.74875758598667,-0.734709866587451,-0.720637419114451,-0.70646508539068,
-0.692127884441511,-0.67768570510329,-0.663056533302131,-0.648225947435163,
-0.633217294611741,-0.617984424778102,-0.602518298461748,-0.586868706115501,
-0.571097738537395,-0.567918661786951),.UNSPECIFIED.);
#174=B_SPLINE_CURVE_WITH_KNOTS('',3,(#1532,#1533,#1534,#1535,#1536,#1537,
#1538,#1539,#1540),.UNSPECIFIED.,.F.,.F.,(4,1,1,1,1,1,4),(-0.851769312492971,
-0.848525560887637,-0.840235183389045,-0.831946151592146,-0.823656906346994,
-0.815367598466786,-0.75137247622813),.UNSPECIFIED.);
#175=B_SPLINE_CURVE_WITH_KNOTS('',3,(#1541,#1542,#1543,#1544,#1545,#1546,
#1547,#1548,#1549,#1550,#1551,#1552,#1553,#1554,#1555,#1556),
 .UNSPECIFIED.,.F.,.F.,(4,1,1,1,1,1,1,1,1,1,1,1,1,4),(-1.03282229731648,
-1.02992137336999,-1.01296765486893,-0.99662825322085,-0.980619907893359,
-0.964950655432445,-0.94963926735499,-0.934618666195208,-0.919828120707871,
-0.90525693838766,-0.890827764102944,-0.876516741709114,-0.862301370890951,
-0.851769312492973),.UNSPECIFIED.);
#176=B_SPLINE_CURVE_WITH_KNOTS('',3,(#1658,#1659,#1660,#1661,#1662,#1663),
 .UNSPECIFIED.,.F.,.F.,(4,1,1,4),(0.,0.285714285714286,0.571428571428571,
1.),.UNSPECIFIED.);
#177=B_SPLINE_CURVE_WITH_KNOTS('',3,(#1665,#1666,#1667,#1668,#1669,#1670,
#1671,#1672,#1673,#1674,#1675,#1676,#1677,#1678,#1679),.UNSPECIFIED.,.F.,
 .F.,(4,1,1,1,1,1,1,1,1,1,1,1,4),(0.00290092390992274,0.00467922472148143,
0.00931707941920273,0.0139557932665449,0.0185956884425287,0.0232371226594749,
0.0278802780099576,0.0325236565069704,0.0371657595764418,0.0418067668780408,
0.046447034326157,0.0510868809947961,0.0529096624618599),.UNSPECIFIED.);
#178=B_SPLINE_CURVE_WITH_KNOTS('',3,(#1680,#1681,#1682,#1683,#1684,#1685),
 .UNSPECIFIED.,.F.,.F.,(4,1,1,4),(-1.,-0.571428571428571,-0.285714285714286,
0.),.UNSPECIFIED.);
#179=B_SPLINE_CURVE_WITH_KNOTS('',3,(#1783,#1784,#1785,#1786,#1787,#1788),
 .UNSPECIFIED.,.F.,.F.,(4,1,1,4),(-1.,-0.571428571428571,-0.285714285714286,
0.),.UNSPECIFIED.);
#180=B_SPLINE_CURVE_WITH_KNOTS('',3,(#1789,#1790,#1791,#1792,#1793,#1794,
#1795,#1796,#1797,#1798,#1799,#1800,#1801,#1802,#1803,#1804),
 .UNSPECIFIED.,.F.,.F.,(4,1,1,1,1,1,1,1,1,1,1,1,1,4),(0.0529096624208932,
0.0561551194655336,0.0727317260766716,0.0890856722805218,0.105124102592949,
0.120786928233536,0.136109795667232,0.151158049197586,0.165946527974018,
0.180519627567968,0.194957189690699,0.209250853102101,0.223467204616296,
0.234005462902331),.UNSPECIFIED.);
#181=B_SPLINE_CURVE_WITH_KNOTS('',3,(#1851,#1852,#1853,#1854,#1855),
 .UNSPECIFIED.,.F.,.F.,(4,1,4),(-1.,-0.5,0.),.UNSPECIFIED.);
#182=B_SPLINE_CURVE_WITH_KNOTS('',3,(#1856,#1857,#1858,#1859,#1860,#1861,
#1862,#1863,#1864),.UNSPECIFIED.,.F.,.F.,(4,1,1,1,1,1,4),(0.234005462902331,
0.237253680713579,0.245543987048219,0.253832951946416,0.262122130240721,
0.270411372554627,0.334404228494021),.UNSPECIFIED.);
#183=B_SPLINE_CURVE_WITH_KNOTS('',3,(#1968,#1969,#1970,#1971,#1972,#1973),
 .UNSPECIFIED.,.F.,.F.,(4,1,1,4),(-1.,-0.571428571428571,-0.285714285714286,
0.),.UNSPECIFIED.);
#184=B_SPLINE_CURVE_WITH_KNOTS('',3,(#1974,#1975,#1976,#1977,#1978,#1979,
#1980,#1981,#1982,#1983,#1984,#1985,#1986,#1987,#1988,#1989,#1990),
 .UNSPECIFIED.,.F.,.F.,(4,1,1,1,1,1,1,1,1,1,1,1,1,1,4),(0.33440422849371,
0.337020870352028,0.351035862863873,0.365110510241606,0.379321011746949,
0.393632023864599,0.408090242024369,0.422748930749274,0.437563077056146,
0.452589589606396,0.467857698536802,0.483323866691185,0.498987249878553,
0.514766754817049,0.517903426468775),.UNSPECIFIED.);
#185=B_SPLINE_CURVE_WITH_KNOTS('',3,(#2082,#2083,#2084,#2085,#2086,#2087),
 .UNSPECIFIED.,.F.,.F.,(4,1,1,4),(-1.,-0.571428571428571,-0.285714285714286,
0.),.UNSPECIFIED.);
#186=B_SPLINE_CURVE_WITH_KNOTS('',3,(#2088,#2089,#2090,#2091,#2092,#2093,
#2094,#2095,#2096,#2097,#2098,#2099,#2100,#2101,#2102),.UNSPECIFIED.,.F.,
 .F.,(4,1,1,1,1,1,1,1,1,1,1,1,4),(0.517903426468775,0.51977134027709,0.524402166826695,
0.529033510813757,0.533665729281041,0.538299158582131,0.542934046280643,
0.547568701027593,0.552201432410906,0.556832489701526,0.561462212426534,
0.566090961287295,0.567918661759668),.UNSPECIFIED.);
#187=B_SPLINE_CURVE_WITH_KNOTS('',3,(#2206,#2207,#2208,#2209,#2210,#2211),
 .UNSPECIFIED.,.F.,.F.,(4,1,1,4),(-1.,-0.571428571428571,-0.285714285714286,
0.),.UNSPECIFIED.);
#188=B_SPLINE_CURVE_WITH_KNOTS('',3,(#2212,#2213,#2214,#2215,#2216,#2217,
#2218,#2219,#2220,#2221,#2222,#2223,#2224,#2225,#2226,#2227,#2228),
 .UNSPECIFIED.,.F.,.F.,(4,1,1,1,1,1,1,1,1,1,1,1,1,1,4),(0.567918661786951,
0.571097738537395,0.586868706115501,0.602518298461748,0.617984424778102,
0.633217294611741,0.648225947435163,0.663056533302131,0.67768570510329,
0.692127884441511,0.70646508539068,0.720637419114451,0.734709866587451,
0.74875758598667,0.751372476228132),.UNSPECIFIED.);
#189=B_SPLINE_CURVE_WITH_KNOTS('',3,(#2275,#2276,#2277,#2278,#2279),
 .UNSPECIFIED.,.F.,.F.,(4,1,4),(-1.,-0.5,0.),.UNSPECIFIED.);
#190=B_SPLINE_CURVE_WITH_KNOTS('',3,(#2280,#2281,#2282,#2283,#2284,#2285,
#2286,#2287,#2288),.UNSPECIFIED.,.F.,.F.,(4,1,1,1,1,1,4),(0.75137247622813,
0.815367598466786,0.823656906346994,0.831946151592146,0.840235183389045,
0.848525560887637,0.851769312492971),.UNSPECIFIED.);
#191=B_SPLINE_CURVE_WITH_KNOTS('',3,(#2385,#2386,#2387,#2388,#2389,#2390,
#2391,#2392,#2393,#2394,#2395,#2396,#2397,#2398,#2399,#2400),
 .UNSPECIFIED.,.F.,.F.,(4,1,1,1,1,1,1,1,1,1,1,1,1,4),(0.851769312492973,
0.862301370890951,0.876516741709114,0.890827764102944,0.90525693838766,
0.919828120707871,0.934618666195208,0.94963926735499,0.964950655432445,
0.980619907893359,0.99662825322085,1.01296765486893,1.02992137336999,1.03282229731648),
 .UNSPECIFIED.);
#192=B_SPLINE_CURVE_WITH_KNOTS('',3,(#2405,#2406,#2407,#2408,#2409,#2410,
#2411,#2412,#2413,#2414,#2415,#2416,#2417,#2418,#2419,#2420),
 .UNSPECIFIED.,.F.,.F.,(4,1,1,1,1,1,1,1,1,1,1,1,1,4),(0.219107095447599,
0.230614529101861,0.245573549358163,0.260615404550872,0.275783792704386,
0.290958269306085,0.306060553454504,0.321032536959048,0.335688773015114,
0.350017021112522,0.36402897912117,0.384324120389182,0.387628343711906,
0.388797007135862),.UNSPECIFIED.);
#193=B_SPLINE_CURVE_WITH_KNOTS('',3,(#2426,#2427,#2428,#2429,#2430,#2431,
#2432,#2433,#2434,#2435,#2436,#2437,#2438,#2439,#2440,#2441,#2442,#2443,
#2444,#2445,#2446,#2447,#2448,#2449,#2450,#2451,#2452,#2453,#2454),
 .UNSPECIFIED.,.F.,.F.,(4,1,1,1,1,1,1,1,1,1,1,1,1,1,1,1,1,1,1,1,1,1,1,1,
1,1,4),(0.390173387130213,0.390905323482167,0.392656697426774,0.394300002744635,
0.395907783325422,0.397504745280678,0.399004058574169,0.400502252407849,
0.401962777110049,0.403357430728106,0.404751308716292,0.406144199892589,
0.407535897555707,0.408926188702739,0.410989452805732,0.413052386806783,
0.417177329534576,0.425423695034599,0.433666107604405,0.441905179199194,
0.450141589963745,0.458375947254081,0.466608966177417,0.474841162622311,
0.483073390354136,0.491305989464718,0.497393125556191),.UNSPECIFIED.);
#194=B_SPLINE_CURVE_WITH_KNOTS('',3,(#2455,#2456,#2457,#2458),
 .UNSPECIFIED.,.F.,.F.,(4,4),(0.388797007135862,0.390173387130213),
 .UNSPECIFIED.);
#195=B_SPLINE_CURVE_WITH_KNOTS('',3,(#2462,#2463,#2464,#2465,#2466,#2467,
#2468,#2469,#2470,#2471,#2472,#2473,#2474,#2475,#2476,#2477,#2478,#2479,
#2480,#2481,#2482,#2483,#2484,#2485,#2486),.UNSPECIFIED.,.F.,.F.,(4,1,1,
1,1,1,2,2,2,2,2,2,2,1,1,4),(0.497393125556191,0.499536303494763,0.509297542808644,
0.523238973650016,0.531541314651404,0.537087651022664,0.550855957196575,
0.564553826561131,0.578183471258947,0.5918104117242,0.605395949690938,0.618983101582092,
0.632569056508501,0.646158379092922,0.659763541182652,0.671634580946576),
 .UNSPECIFIED.);
#196=B_SPLINE_CURVE_WITH_KNOTS('',3,(#2490,#2491,#2492,#2493,#2494,#2495,
#2496,#2497,#2498,#2499,#2500,#2501,#2502,#2503,#2504,#2505,#2506,#2507),
 .UNSPECIFIED.,.F.,.F.,(4,1,1,1,1,1,1,1,1,1,1,1,1,1,1,4),(0.671634580971279,
0.673176016704812,0.677090856081829,0.681004265249287,0.684917381738677,
0.688830288276137,0.692743076063799,0.695722527883387,0.696655705630161,
0.700568183539597,0.704480516560795,0.708392665328523,0.712304721901663,
0.716216769770666,0.720129949521685,0.72164895325232),.UNSPECIFIED.);
#197=B_SPLINE_CURVE_WITH_KNOTS('',3,(#2646,#2647,#2648,#2649,#2650,#2651,
#2652,#2653),.UNSPECIFIED.,.F.,.F.,(4,1,1,1,1,4),(0.,0.142857142857143,
0.285714285714286,0.571428571428571,0.785714285714286,1.),.UNSPECIFIED.);
#198=B_SPLINE_CURVE_WITH_KNOTS('',3,(#2655,#2656,#2657,#2658,#2659,#2660,
#2661,#2662,#2663,#2664,#2665,#2666,#2667,#2668,#2669,#2670,#2671),
 .UNSPECIFIED.,.F.,.F.,(4,1,1,1,1,1,1,1,1,1,1,1,1,1,4),(-0.000622889776475857,
0.,0.000551928587725462,0.0038629758853439,0.0241443446002,0.0381195856542452,
0.0524953744559057,0.0671642744668528,0.0820991434936249,0.0972320850263573,
0.112396158292409,0.127567710454728,0.14263930821651,0.157611396382423,
0.169083240987147),.UNSPECIFIED.);
#199=B_SPLINE_CURVE_WITH_KNOTS('',3,(#2673,#2674,#2675,#2676,#2677,#2678,
#2679,#2680),.UNSPECIFIED.,.F.,.F.,(4,1,1,1,1,4),(-1.,-0.785714285714286,
-0.571428571428571,-0.285714285714286,-0.142857142857143,0.),
 .UNSPECIFIED.);
#200=B_SPLINE_CURVE_WITH_KNOTS('',3,(#2681,#2682,#2683,#2684,#2685,#2686,
#2687,#2688,#2689,#2690,#2691,#2692,#2693,#2694,#2695,#2696,#2697),
 .UNSPECIFIED.,.F.,.F.,(4,1,1,1,1,1,1,1,1,1,1,1,1,1,4),(-0.169083240987147,
-0.157611396382423,-0.14263930821651,-0.127567710454728,-0.112396158292409,
-0.0972320850263573,-0.0820991434936249,-0.0671642744668528,-0.0524953744559057,
-0.0381195856542452,-0.0241443446002,-0.0038629758853439,-0.000551928587725462,
0.,0.000622889776475857),.UNSPECIFIED.);
#201=B_SPLINE_CURVE_WITH_KNOTS('',3,(#2835,#2836,#2837,#2838,#2839,#2840,
#2841,#2842),.UNSPECIFIED.,.F.,.F.,(4,1,1,1,1,4),(-1.,-0.785714285714286,
-0.571428571428571,-0.428571428571429,-0.285714285714286,0.),
 .UNSPECIFIED.);
#202=B_SPLINE_CURVE_WITH_KNOTS('',3,(#2843,#2844,#2845,#2846,#2847,#2848,
#2849,#2850,#2851,#2852,#2853,#2854,#2855,#2856,#2857,#2858,#2859),
 .UNSPECIFIED.,.F.,.F.,(4,1,1,1,1,1,1,1,1,1,1,1,1,1,4),(-0.219107095447599,
-0.216381104039368,-0.212664895215808,-0.208950932698527,-0.205238234933924,
-0.201526735873705,-0.197816472198964,-0.194107485734991,-0.1903975820536,
-0.186686473063272,-0.182974150940743,-0.179260651104541,-0.175545907599102,
-0.171828931153476,-0.169083240987147),.UNSPECIFIED.);
#203=B_SPLINE_CURVE_WITH_KNOTS('',3,(#2860,#2861,#2862,#2863,#2864,#2865,
#2866,#2867,#2868,#2869,#2870,#2871,#2872,#2873,#2874,#2875,#2876),
 .UNSPECIFIED.,.F.,.F.,(4,1,1,1,1,1,1,1,1,1,1,1,1,1,4),(0.169083240987147,
0.171828931153476,0.175545907599102,0.179260651104541,0.182974150940743,
0.186686473063272,0.1903975820536,0.194107485734991,0.197816472198964,0.201526735873705,
0.205238234933924,0.208950932698527,0.212664895215808,0.216381104039368,
0.219107095447599),.UNSPECIFIED.);
#204=B_SPLINE_CURVE_WITH_KNOTS('',3,(#3006,#3007,#3008,#3009,#3010,#3011,
#3012,#3013),.UNSPECIFIED.,.F.,.F.,(4,1,1,1,1,4),(-1.,-0.785714285714286,
-0.571428571428571,-0.285714285714286,-0.142857142857143,0.),
 .UNSPECIFIED.);
#205=B_SPLINE_CURVE_WITH_KNOTS('',3,(#3014,#3015,#3016,#3017,#3018,#3019,
#3020,#3021,#3022,#3023,#3024,#3025,#3026,#3027,#3028,#3029),
 .UNSPECIFIED.,.F.,.F.,(4,1,1,1,1,1,1,1,1,1,1,1,1,4),(-0.388797007135862,
-0.387628343711906,-0.384324120389182,-0.36402897912117,-0.350017021112522,
-0.335688773015114,-0.321032536959048,-0.306060553454504,-0.290958269306085,
-0.275783792704386,-0.260615404550872,-0.245573549358163,-0.230614529101861,
-0.219107095447599),.UNSPECIFIED.);
#206=B_SPLINE_CURVE_WITH_KNOTS('',3,(#3234,#3235,#3236,#3237,#3238,#3239,
#3240),.UNSPECIFIED.,.F.,.F.,(4,1,1,1,4),(0.,0.285714285714286,0.571428571428571,
0.857142857142857,1.),.UNSPECIFIED.);
#207=B_SPLINE_CURVE_WITH_KNOTS('',3,(#3242,#3243,#3244,#3245,#3246,#3247,
#3248),.UNSPECIFIED.,.F.,.F.,(4,1,1,1,4),(-1.,-0.857142857142857,-0.571428571428571,
-0.285714285714286,0.),.UNSPECIFIED.);
#208=B_SPLINE_CURVE_WITH_KNOTS('',3,(#3249,#3250,#3251,#3252,#3253,#3254,
#3255,#3256,#3257,#3258,#3259,#3260,#3261,#3262,#3263,#3264,#3265,#3266,
#3267,#3268,#3269,#3270,#3271,#3272,#3273,#3274,#3275,#3276,#3277),
 .UNSPECIFIED.,.F.,.F.,(4,1,1,1,1,1,1,1,1,1,1,1,1,1,1,1,1,1,1,1,1,1,1,1,
1,1,4),(-0.497393125556191,-0.491305989464718,-0.483073390354136,-0.474841162622311,
-0.466608966177417,-0.458375947254081,-0.450141589963745,-0.441905179199194,
-0.433666107604405,-0.425423695034599,-0.417177329534576,-0.413052386806783,
-0.410989452805732,-0.408926188702739,-0.407535897555707,-0.406144199892589,
-0.404751308716292,-0.403357430728106,-0.401962777110049,-0.400502252407849,
-0.399004058574169,-0.397504745280678,-0.395907783325422,-0.394300002744635,
-0.392656697426774,-0.390905323482167,-0.390173387130213),.UNSPECIFIED.);
#209=B_SPLINE_CURVE_WITH_KNOTS('',3,(#3454,#3455,#3456,#3457,#3458,#3459,
#3460),.UNSPECIFIED.,.F.,.F.,(4,1,1,1,4),(-1.,-0.857142857142857,-0.571428571428571,
-0.285714285714286,0.),.UNSPECIFIED.);
#210=B_SPLINE_CURVE_WITH_KNOTS('',3,(#3461,#3462,#3463,#3464,#3465,#3466,
#3467,#3468,#3469,#3470,#3471,#3472,#3473,#3474,#3475,#3476,#3477,#3478,
#3479,#3480,#3481,#3482,#3483,#3484,#3485),.UNSPECIFIED.,.F.,.F.,(4,1,1,
2,2,2,2,2,2,2,1,1,1,1,1,4),(-0.671634580946576,-0.659763541182652,-0.646158379092922,
-0.632569056508501,-0.618983101582092,-0.605395949690938,-0.5918104117242,
-0.578183471258947,-0.564553826561131,-0.550855957196575,-0.537087651022664,
-0.531541314651404,-0.523238973650016,-0.509297542808644,-0.499536303494763,
-0.497393125556191),.UNSPECIFIED.);
#211=B_SPLINE_CURVE_WITH_KNOTS('',3,(#3595,#3596,#3597,#3598,#3599,#3600),
 .UNSPECIFIED.,.F.,.F.,(4,1,1,4),(-1.,-0.571428571428571,-0.285714285714286,
0.),.UNSPECIFIED.);
#212=B_SPLINE_CURVE_WITH_KNOTS('',3,(#3601,#3602,#3603,#3604,#3605,#3606,
#3607,#3608,#3609,#3610,#3611,#3612,#3613,#3614,#3615,#3616,#3617,#3618),
 .UNSPECIFIED.,.F.,.F.,(4,1,1,1,1,1,1,1,1,1,1,1,1,1,1,4),(-0.72164895325232,
-0.720129949521685,-0.716216769770666,-0.712304721901663,-0.708392665328523,
-0.704480516560795,-0.700568183539597,-0.696655705630161,-0.695722527883387,
-0.692743076063799,-0.688830288276137,-0.684917381738677,-0.681004265249287,
-0.677090856081829,-0.673176016704812,-0.671634580971279),.UNSPECIFIED.);
#213=B_SPLINE_CURVE_WITH_KNOTS('',3,(#3796,#3797,#3798,#3799,#3800,#3801,
#3802),.UNSPECIFIED.,.F.,.F.,(4,1,1,1,4),(-1.,-0.857142857142857,-0.571428571428571,
-0.285714285714286,0.),.UNSPECIFIED.);
#214=B_SPLINE_CURVE_WITH_KNOTS('',3,(#3803,#3804,#3805,#3806,#3807,#3808,
#3809,#3810,#3811,#3812,#3813,#3814,#3815,#3816,#3817,#3818,#3819,#3820,
#3821,#3822,#3823,#3824,#3825,#3826,#3827),.UNSPECIFIED.,.F.,.F.,(4,1,1,
1,1,1,2,2,2,2,2,2,2,1,1,4),(-0.895877498246232,-0.893733334701627,-0.883969934995095,
-0.870036379538701,-0.861548694816039,-0.85614874104223,-0.842397257325998,
-0.828712533695941,-0.81504744390525,-0.801441922691174,-0.787863788372516,
-0.774271798953297,-0.760721610876762,-0.747148353480996,-0.733546472846208,
-0.72164895325232),.UNSPECIFIED.);
#215=B_SPLINE_CURVE_WITH_KNOTS('',3,(#3828,#3829,#3830,#3831,#3832,#3833,
#3834,#3835,#3836,#3837,#3838,#3839,#3840,#3841,#3842,#3843,#3844,#3845,
#3846,#3847,#3848,#3849,#3850,#3851,#3852),.UNSPECIFIED.,.F.,.F.,(4,1,1,
2,2,2,2,2,2,2,1,1,1,1,1,4),(0.72164895325232,0.733546472846208,0.747148353480996,
0.760721610876762,0.774271798953297,0.787863788372516,0.801441922691174,
0.81504744390525,0.828712533695941,0.842397257325998,0.85614874104223,0.861548694816039,
0.870036379538701,0.883969934995095,0.893733334701627,0.895877498246232),
 .UNSPECIFIED.);
#216=B_SPLINE_CURVE_WITH_KNOTS('',3,(#4051,#4052,#4053,#4054,#4055,#4056,
#4057),.UNSPECIFIED.,.F.,.F.,(4,1,1,1,4),(-1.,-0.857142857142857,-0.571428571428571,
-0.285714285714286,0.),.UNSPECIFIED.);
#217=B_SPLINE_CURVE_WITH_KNOTS('',3,(#4058,#4059,#4060,#4061,#4062,#4063,
#4064,#4065,#4066,#4067,#4068,#4069,#4070,#4071,#4072,#4073,#4074,#4075,
#4076,#4077,#4078,#4079,#4080,#4081,#4082,#4083,#4084,#4085),
 .UNSPECIFIED.,.F.,.F.,(4,1,1,1,1,1,1,1,1,1,1,1,1,1,1,1,1,1,1,1,1,1,1,1,
1,4),(-1.00308224603784,-1.0006028690483,-0.998960327889483,-0.997351916107853,
-0.995755463559304,-0.994255449427585,-0.992756720044074,-0.991296338548633,
-0.989901725593801,-0.98850809522978,-0.987115656613035,-0.985724614453039,
-0.98433517982083,-0.982272101351104,-0.980209353354884,-0.976084783697249,
-0.967839167952508,-0.959597508715561,-0.951359192596611,-0.943123538244127,
-0.934889937203724,-0.926657673566356,-0.918426230489558,-0.910194753954681,
-0.901962903004924,-0.895877498246232),.UNSPECIFIED.);
#218=B_SPLINE_CURVE_WITH_KNOTS('',3,(#4086,#4087,#4088,#4089,#4090,#4091,
#4092,#4093,#4094,#4095,#4096,#4097,#4098,#4099,#4100,#4101,#4102,#4103,
#4104,#4105,#4106,#4107,#4108,#4109,#4110,#4111,#4112,#4113),
 .UNSPECIFIED.,.F.,.F.,(4,1,1,1,1,1,1,1,1,1,1,1,1,1,1,1,1,1,1,1,1,1,1,1,
1,4),(0.895877498246232,0.901962903004924,0.910194753954681,0.918426230489558,
0.926657673566356,0.934889937203724,0.943123538244127,0.951359192596611,
0.959597508715561,0.967839167952508,0.976084783697249,0.980209353354884,
0.982272101351104,0.98433517982083,0.985724614453039,0.987115656613035,
0.98850809522978,0.989901725593801,0.991296338548633,0.992756720044074,
0.994255449427585,0.995755463559304,0.997351916107853,0.998960327889483,
1.0006028690483,1.00308224603784),.UNSPECIFIED.);
#219=B_SPLINE_CURVE_WITH_KNOTS('',3,(#4142,#4143,#4144,#4145),
 .UNSPECIFIED.,.F.,.F.,(4,4),(-0.00200474286066017,-0.000622891871899842),
 .UNSPECIFIED.);
#220=B_SPLINE_CURVE_WITH_KNOTS('',3,(#4146,#4147,#4148,#4149),
 .UNSPECIFIED.,.F.,.F.,(4,4),(0.00062289079866071,0.00200474286066017),
 .UNSPECIFIED.);
#221=B_SPLINE_CURVE_WITH_KNOTS('',3,(#4178,#4179,#4180,#4181),
 .UNSPECIFIED.,.F.,.F.,(4,4),(-0.390173387130213,-0.388797007135862),
 .UNSPECIFIED.);
#222=B_SPLINE_CURVE_WITH_KNOTS('',3,(#4227,#4228,#4229,#4230,#4231,#4232,
#4233,#4234,#4235,#4236,#4237,#4238,#4239),.UNSPECIFIED.,.F.,.F.,(4,3,3,
3,4),(-0.221139755827839,-0.18929259276487,-0.157445429701902,-0.125598266638934,
-0.119935888932283),.UNSPECIFIED.);
#223=B_SPLINE_CURVE_WITH_KNOTS('',3,(#4242,#4243,#4244,#4245,#4246,#4247,
#4248,#4249,#4250,#4251),.UNSPECIFIED.,.T.,.F.,(4,1,1,1,1,1,1,4),(0.,0.897597901025655,
1.79519580205131,2.69279370307697,3.59039160410262,4.48798950512828,5.38558740615393,
6.28318530717959),.UNSPECIFIED.);
#224=B_SPLINE_CURVE_WITH_KNOTS('',3,(#4252,#4253,#4254,#4255,#4256,#4257,
#4258,#4259,#4260,#4261,#4262,#4263,#4264),.UNSPECIFIED.,.F.,.F.,(4,3,3,
3,4),(-0.0997710686447291,-0.0941888563025317,-0.0627925708683545,-0.0313962854341773,
0.),.UNSPECIFIED.);
#225=B_SPLINE_CURVE_WITH_KNOTS('',3,(#4405,#4406,#4407,#4408),
 .UNSPECIFIED.,.F.,.F.,(4,4),(0.,1.),.UNSPECIFIED.);
#226=B_SPLINE_CURVE_WITH_KNOTS('',3,(#4410,#4411,#4412,#4413,#4414,#4415,
#4416,#4417,#4418,#4419,#4420,#4421,#4422,#4423,#4424,#4425),
 .UNSPECIFIED.,.F.,.F.,(4,1,1,1,1,1,1,1,1,1,1,1,1,4),(0.,0.00915331373864619,
0.0181844699217038,0.0272983872890041,0.036435850192491,0.0455314621558715,
0.0545743998148954,0.0639559566518756,0.0726838704755317,0.082447879697293,
0.0908490035695883,0.0959253180995783,0.101001632629568,0.109837938246291),
 .UNSPECIFIED.);
#227=B_SPLINE_CURVE_WITH_KNOTS('',3,(#4426,#4427,#4428,#4429,#4430,#4431,
#4432,#4433,#4434,#4435,#4436,#4437,#4438,#4439,#4440,#4441,#4442,#4443,
#4444,#4445,#4446,#4447),.UNSPECIFIED.,.F.,.F.,(4,1,1,1,1,1,1,1,1,1,1,1,
1,1,1,1,1,1,1,4),(0.109837938246291,0.109900602959669,0.11868785825285,
0.123715503665878,0.128743149078906,0.132890558047418,0.13703796701593,
0.147122634385082,0.149531880530739,0.156759618967709,0.160930921210035,
0.165102223452361,0.175363192626438,0.183960638281697,0.192955062666905,
0.198128486238976,0.200715198025011,0.203301909811046,0.211954651392845,
0.221139755827839),.UNSPECIFIED.);
#228=VERTEX_POINT('',#787);
#229=VERTEX_POINT('',#788);
#230=VERTEX_POINT('',#794);
#231=VERTEX_POINT('',#805);
#232=VERTEX_POINT('',#890);
#233=VERTEX_POINT('',#891);
#234=VERTEX_POINT('',#968);
#235=VERTEX_POINT('',#969);
#236=VERTEX_POINT('',#1036);
#237=VERTEX_POINT('',#1037);
#238=VERTEX_POINT('',#1043);
#239=VERTEX_POINT('',#1053);
#240=VERTEX_POINT('',#1167);
#241=VERTEX_POINT('',#1169);
#242=VERTEX_POINT('',#1185);
#243=VERTEX_POINT('',#1224);
#244=VERTEX_POINT('',#1435);
#245=VERTEX_POINT('',#1436);
#246=VERTEX_POINT('',#1452);
#247=VERTEX_POINT('',#1469);
#248=VERTEX_POINT('',#1479);
#249=VERTEX_POINT('',#1497);
#250=VERTEX_POINT('',#1513);
#251=VERTEX_POINT('',#1531);
#252=VERTEX_POINT('',#1657);
#253=VERTEX_POINT('',#1664);
#254=VERTEX_POINT('',#1782);
#255=VERTEX_POINT('',#1850);
#256=VERTEX_POINT('',#1967);
#257=VERTEX_POINT('',#2081);
#258=VERTEX_POINT('',#2205);
#259=VERTEX_POINT('',#2274);
#260=VERTEX_POINT('',#2402);
#261=VERTEX_POINT('',#2404);
#262=VERTEX_POINT('',#2423);
#263=VERTEX_POINT('',#2425);
#264=VERTEX_POINT('',#2460);
#265=VERTEX_POINT('',#2488);
#266=VERTEX_POINT('',#2644);
#267=VERTEX_POINT('',#2645);
#268=VERTEX_POINT('',#2654);
#269=VERTEX_POINT('',#2672);
#270=VERTEX_POINT('',#2834);
#271=VERTEX_POINT('',#3005);
#272=VERTEX_POINT('',#3233);
#273=VERTEX_POINT('',#3241);
#274=VERTEX_POINT('',#3453);
#275=VERTEX_POINT('',#3594);
#276=VERTEX_POINT('',#3794);
#277=VERTEX_POINT('',#3795);
#278=VERTEX_POINT('',#4049);
#279=VERTEX_POINT('',#4050);
#280=VERTEX_POINT('',#4226);
#281=VERTEX_POINT('',#4240);
#282=VERTEX_POINT('',#4404);
#283=VERTEX_POINT('',#4409);
#284=VERTEX_POINT('',#4451);
#285=EDGE_CURVE('',#228,#229,#150,.T.);
#286=EDGE_CURVE('',#229,#230,#151,.T.);
#287=EDGE_CURVE('',#230,#231,#148,.T.);
#288=EDGE_CURVE('',#231,#228,#152,.T.);
#289=EDGE_CURVE('',#232,#233,#153,.T.);
#290=EDGE_CURVE('',#233,#229,#154,.T.);
#291=EDGE_CURVE('',#228,#232,#155,.T.);
#292=EDGE_CURVE('',#234,#235,#156,.T.);
#293=EDGE_CURVE('',#235,#233,#157,.T.);
#294=EDGE_CURVE('',#232,#234,#158,.T.);
#295=EDGE_CURVE('',#236,#237,#159,.T.);
#296=EDGE_CURVE('',#237,#238,#160,.T.);
#297=EDGE_CURVE('',#238,#239,#149,.T.);
#298=EDGE_CURVE('',#239,#236,#161,.T.);
#299=EDGE_CURVE('',#236,#235,#162,.T.);
#300=EDGE_CURVE('',#234,#237,#163,.T.);
#301=EDGE_CURVE('',#240,#240,#49,.T.);
#302=EDGE_CURVE('',#241,#235,#164,.T.);
#303=EDGE_CURVE('',#233,#241,#165,.T.);
#304=EDGE_CURVE('',#242,#242,#50,.T.);
#305=EDGE_CURVE('',#239,#230,#51,.T.);
#306=EDGE_CURVE('',#238,#231,#45,.T.);
#307=EDGE_CURVE('',#236,#243,#166,.T.);
#308=EDGE_CURVE('',#243,#241,#52,.T.);
#309=EDGE_CURVE('',#243,#229,#167,.T.);
#310=EDGE_CURVE('',#244,#245,#168,.T.);
#311=EDGE_CURVE('',#246,#244,#169,.T.);
#312=EDGE_CURVE('',#247,#246,#170,.T.);
#313=EDGE_CURVE('',#248,#247,#171,.T.);
#314=EDGE_CURVE('',#249,#248,#172,.T.);
#315=EDGE_CURVE('',#250,#249,#173,.T.);
#316=EDGE_CURVE('',#251,#250,#174,.T.);
#317=EDGE_CURVE('',#245,#251,#175,.T.);
#318=EDGE_CURVE('',#245,#252,#176,.T.);
#319=EDGE_CURVE('',#252,#253,#177,.T.);
#320=EDGE_CURVE('',#253,#244,#178,.T.);
#321=EDGE_CURVE('',#254,#246,#179,.T.);
#322=EDGE_CURVE('',#253,#254,#180,.T.);
#323=EDGE_CURVE('',#255,#247,#181,.T.);
#324=EDGE_CURVE('',#254,#255,#182,.T.);
#325=EDGE_CURVE('',#256,#248,#183,.T.);
#326=EDGE_CURVE('',#255,#256,#184,.T.);
#327=EDGE_CURVE('',#257,#249,#185,.T.);
#328=EDGE_CURVE('',#256,#257,#186,.T.);
#329=EDGE_CURVE('',#258,#250,#187,.T.);
#330=EDGE_CURVE('',#257,#258,#188,.T.);
#331=EDGE_CURVE('',#259,#251,#189,.T.);
#332=EDGE_CURVE('',#258,#259,#190,.T.);
#333=EDGE_CURVE('',#259,#252,#191,.T.);
#334=EDGE_CURVE('',#255,#260,#16,.T.);
#335=EDGE_CURVE('',#261,#260,#192,.T.);
#336=EDGE_CURVE('',#256,#261,#17,.T.);
#337=EDGE_CURVE('',#254,#262,#18,.T.);
#338=EDGE_CURVE('',#263,#262,#193,.T.);
#339=EDGE_CURVE('',#260,#263,#194,.T.);
#340=EDGE_CURVE('',#253,#264,#19,.T.);
#341=EDGE_CURVE('',#262,#264,#195,.T.);
#342=EDGE_CURVE('',#252,#265,#20,.T.);
#343=EDGE_CURVE('',#264,#265,#196,.T.);
#344=EDGE_CURVE('',#266,#267,#197,.T.);
#345=EDGE_CURVE('',#267,#268,#198,.T.);
#346=EDGE_CURVE('',#268,#269,#199,.T.);
#347=EDGE_CURVE('',#269,#266,#200,.T.);
#348=EDGE_CURVE('',#261,#270,#201,.T.);
#349=EDGE_CURVE('',#270,#269,#202,.T.);
#350=EDGE_CURVE('',#268,#261,#203,.T.);
#351=EDGE_CURVE('',#260,#271,#204,.T.);
#352=EDGE_CURVE('',#271,#270,#205,.T.);
#353=EDGE_CURVE('',#272,#263,#206,.T.);
#354=EDGE_CURVE('',#262,#273,#207,.T.);
#355=EDGE_CURVE('',#273,#272,#208,.T.);
#356=EDGE_CURVE('',#264,#274,#209,.T.);
#357=EDGE_CURVE('',#274,#273,#210,.T.);
#358=EDGE_CURVE('',#265,#275,#211,.T.);
#359=EDGE_CURVE('',#275,#274,#212,.T.);
#360=EDGE_CURVE('',#276,#277,#213,.T.);
#361=EDGE_CURVE('',#277,#275,#214,.T.);
#362=EDGE_CURVE('',#265,#276,#215,.T.);
#363=EDGE_CURVE('',#278,#279,#216,.T.);
#364=EDGE_CURVE('',#279,#277,#217,.T.);
#365=EDGE_CURVE('',#276,#278,#218,.T.);
#366=EDGE_CURVE('',#278,#267,#219,.T.);
#367=EDGE_CURVE('',#266,#279,#220,.T.);
#368=EDGE_CURVE('',#272,#271,#221,.T.);
#369=EDGE_CURVE('',#258,#267,#21,.T.);
#370=EDGE_CURVE('',#259,#276,#22,.T.);
#371=EDGE_CURVE('',#280,#272,#222,.T.);
#372=EDGE_CURVE('',#281,#280,#23,.T.);
#373=EDGE_CURVE('',#281,#281,#223,.T.);
#374=EDGE_CURVE('',#279,#280,#224,.T.);
#375=EDGE_CURVE('',#257,#268,#24,.T.);
#376=EDGE_CURVE('',#280,#282,#225,.T.);
#377=EDGE_CURVE('',#282,#283,#226,.T.);
#378=EDGE_CURVE('',#283,#282,#227,.T.);
#379=EDGE_CURVE('',#283,#240,#25,.T.);
#380=EDGE_CURVE('',#284,#284,#53,.T.);
#381=EDGE_CURVE('',#284,#281,#54,.T.);
#382=EDGE_CURVE('',#284,#242,#26,.T.);
#383=ORIENTED_EDGE('',*,*,#285,.T.);
#384=ORIENTED_EDGE('',*,*,#286,.T.);
#385=ORIENTED_EDGE('',*,*,#287,.T.);
#386=ORIENTED_EDGE('',*,*,#288,.T.);
#387=ORIENTED_EDGE('',*,*,#289,.T.);
#388=ORIENTED_EDGE('',*,*,#290,.T.);
#389=ORIENTED_EDGE('',*,*,#285,.F.);
#390=ORIENTED_EDGE('',*,*,#291,.T.);
#391=ORIENTED_EDGE('',*,*,#292,.T.);
#392=ORIENTED_EDGE('',*,*,#293,.T.);
#393=ORIENTED_EDGE('',*,*,#289,.F.);
#394=ORIENTED_EDGE('',*,*,#294,.T.);
#395=ORIENTED_EDGE('',*,*,#295,.T.);
#396=ORIENTED_EDGE('',*,*,#296,.T.);
#397=ORIENTED_EDGE('',*,*,#297,.T.);
#398=ORIENTED_EDGE('',*,*,#298,.T.);
#399=ORIENTED_EDGE('',*,*,#295,.F.);
#400=ORIENTED_EDGE('',*,*,#299,.T.);
#401=ORIENTED_EDGE('',*,*,#292,.F.);
#402=ORIENTED_EDGE('',*,*,#300,.T.);
#403=ORIENTED_EDGE('',*,*,#301,.T.);
#404=ORIENTED_EDGE('',*,*,#293,.F.);
#405=ORIENTED_EDGE('',*,*,#302,.F.);
#406=ORIENTED_EDGE('',*,*,#303,.F.);
#407=ORIENTED_EDGE('',*,*,#304,.F.);
#408=ORIENTED_EDGE('',*,*,#287,.F.);
#409=ORIENTED_EDGE('',*,*,#305,.F.);
#410=ORIENTED_EDGE('',*,*,#297,.F.);
#411=ORIENTED_EDGE('',*,*,#306,.T.);
#412=ORIENTED_EDGE('',*,*,#299,.F.);
#413=ORIENTED_EDGE('',*,*,#307,.T.);
#414=ORIENTED_EDGE('',*,*,#308,.T.);
#415=ORIENTED_EDGE('',*,*,#302,.T.);
#416=ORIENTED_EDGE('',*,*,#290,.F.);
#417=ORIENTED_EDGE('',*,*,#303,.T.);
#418=ORIENTED_EDGE('',*,*,#308,.F.);
#419=ORIENTED_EDGE('',*,*,#309,.T.);
#420=ORIENTED_EDGE('',*,*,#286,.F.);
#421=ORIENTED_EDGE('',*,*,#309,.F.);
#422=ORIENTED_EDGE('',*,*,#307,.F.);
#423=ORIENTED_EDGE('',*,*,#298,.F.);
#424=ORIENTED_EDGE('',*,*,#305,.T.);
#425=ORIENTED_EDGE('',*,*,#310,.F.);
#426=ORIENTED_EDGE('',*,*,#311,.F.);
#427=ORIENTED_EDGE('',*,*,#312,.F.);
#428=ORIENTED_EDGE('',*,*,#313,.F.);
#429=ORIENTED_EDGE('',*,*,#314,.F.);
#430=ORIENTED_EDGE('',*,*,#315,.F.);
#431=ORIENTED_EDGE('',*,*,#316,.F.);
#432=ORIENTED_EDGE('',*,*,#317,.F.);
#433=ORIENTED_EDGE('',*,*,#296,.F.);
#434=ORIENTED_EDGE('',*,*,#300,.F.);
#435=ORIENTED_EDGE('',*,*,#294,.F.);
#436=ORIENTED_EDGE('',*,*,#291,.F.);
#437=ORIENTED_EDGE('',*,*,#288,.F.);
#438=ORIENTED_EDGE('',*,*,#306,.F.);
#439=ORIENTED_EDGE('',*,*,#318,.T.);
#440=ORIENTED_EDGE('',*,*,#319,.T.);
#441=ORIENTED_EDGE('',*,*,#320,.T.);
#442=ORIENTED_EDGE('',*,*,#310,.T.);
#443=ORIENTED_EDGE('',*,*,#321,.T.);
#444=ORIENTED_EDGE('',*,*,#311,.T.);
#445=ORIENTED_EDGE('',*,*,#320,.F.);
#446=ORIENTED_EDGE('',*,*,#322,.T.);
#447=ORIENTED_EDGE('',*,*,#323,.T.);
#448=ORIENTED_EDGE('',*,*,#312,.T.);
#449=ORIENTED_EDGE('',*,*,#321,.F.);
#450=ORIENTED_EDGE('',*,*,#324,.T.);
#451=ORIENTED_EDGE('',*,*,#325,.T.);
#452=ORIENTED_EDGE('',*,*,#313,.T.);
#453=ORIENTED_EDGE('',*,*,#323,.F.);
#454=ORIENTED_EDGE('',*,*,#326,.T.);
#455=ORIENTED_EDGE('',*,*,#327,.T.);
#456=ORIENTED_EDGE('',*,*,#314,.T.);
#457=ORIENTED_EDGE('',*,*,#325,.F.);
#458=ORIENTED_EDGE('',*,*,#328,.T.);
#459=ORIENTED_EDGE('',*,*,#329,.T.);
#460=ORIENTED_EDGE('',*,*,#315,.T.);
#461=ORIENTED_EDGE('',*,*,#327,.F.);
#462=ORIENTED_EDGE('',*,*,#330,.T.);
#463=ORIENTED_EDGE('',*,*,#331,.T.);
#464=ORIENTED_EDGE('',*,*,#316,.T.);
#465=ORIENTED_EDGE('',*,*,#329,.F.);
#466=ORIENTED_EDGE('',*,*,#332,.T.);
#467=ORIENTED_EDGE('',*,*,#318,.F.);
#468=ORIENTED_EDGE('',*,*,#317,.T.);
#469=ORIENTED_EDGE('',*,*,#331,.F.);
#470=ORIENTED_EDGE('',*,*,#333,.T.);
#471=ORIENTED_EDGE('',*,*,#326,.F.);
#472=ORIENTED_EDGE('',*,*,#334,.T.);
#473=ORIENTED_EDGE('',*,*,#335,.F.);
#474=ORIENTED_EDGE('',*,*,#336,.F.);
#475=ORIENTED_EDGE('',*,*,#324,.F.);
#476=ORIENTED_EDGE('',*,*,#337,.T.);
#477=ORIENTED_EDGE('',*,*,#338,.F.);
#478=ORIENTED_EDGE('',*,*,#339,.F.);
#479=ORIENTED_EDGE('',*,*,#334,.F.);
#480=ORIENTED_EDGE('',*,*,#322,.F.);
#481=ORIENTED_EDGE('',*,*,#340,.T.);
#482=ORIENTED_EDGE('',*,*,#341,.F.);
#483=ORIENTED_EDGE('',*,*,#337,.F.);
#484=ORIENTED_EDGE('',*,*,#319,.F.);
#485=ORIENTED_EDGE('',*,*,#342,.T.);
#486=ORIENTED_EDGE('',*,*,#343,.F.);
#487=ORIENTED_EDGE('',*,*,#340,.F.);
#488=ORIENTED_EDGE('',*,*,#344,.T.);
#489=ORIENTED_EDGE('',*,*,#345,.T.);
#490=ORIENTED_EDGE('',*,*,#346,.T.);
#491=ORIENTED_EDGE('',*,*,#347,.T.);
#492=ORIENTED_EDGE('',*,*,#348,.T.);
#493=ORIENTED_EDGE('',*,*,#349,.T.);
#494=ORIENTED_EDGE('',*,*,#346,.F.);
#495=ORIENTED_EDGE('',*,*,#350,.T.);
#496=ORIENTED_EDGE('',*,*,#351,.T.);
#497=ORIENTED_EDGE('',*,*,#352,.T.);
#498=ORIENTED_EDGE('',*,*,#348,.F.);
#499=ORIENTED_EDGE('',*,*,#335,.T.);
#500=ORIENTED_EDGE('',*,*,#353,.T.);
#501=ORIENTED_EDGE('',*,*,#338,.T.);
#502=ORIENTED_EDGE('',*,*,#354,.T.);
#503=ORIENTED_EDGE('',*,*,#355,.T.);
#504=ORIENTED_EDGE('',*,*,#356,.T.);
#505=ORIENTED_EDGE('',*,*,#357,.T.);
#506=ORIENTED_EDGE('',*,*,#354,.F.);
#507=ORIENTED_EDGE('',*,*,#341,.T.);
#508=ORIENTED_EDGE('',*,*,#358,.T.);
#509=ORIENTED_EDGE('',*,*,#359,.T.);
#510=ORIENTED_EDGE('',*,*,#356,.F.);
#511=ORIENTED_EDGE('',*,*,#343,.T.);
#512=ORIENTED_EDGE('',*,*,#360,.T.);
#513=ORIENTED_EDGE('',*,*,#361,.T.);
#514=ORIENTED_EDGE('',*,*,#358,.F.);
#515=ORIENTED_EDGE('',*,*,#362,.T.);
#516=ORIENTED_EDGE('',*,*,#363,.T.);
#517=ORIENTED_EDGE('',*,*,#364,.T.);
#518=ORIENTED_EDGE('',*,*,#360,.F.);
#519=ORIENTED_EDGE('',*,*,#365,.T.);
#520=ORIENTED_EDGE('',*,*,#363,.F.);
#521=ORIENTED_EDGE('',*,*,#366,.T.);
#522=ORIENTED_EDGE('',*,*,#344,.F.);
#523=ORIENTED_EDGE('',*,*,#367,.T.);
#524=ORIENTED_EDGE('',*,*,#353,.F.);
#525=ORIENTED_EDGE('',*,*,#368,.T.);
#526=ORIENTED_EDGE('',*,*,#351,.F.);
#527=ORIENTED_EDGE('',*,*,#339,.T.);
#528=ORIENTED_EDGE('',*,*,#332,.F.);
#529=ORIENTED_EDGE('',*,*,#369,.T.);
#530=ORIENTED_EDGE('',*,*,#366,.F.);
#531=ORIENTED_EDGE('',*,*,#365,.F.);
#532=ORIENTED_EDGE('',*,*,#370,.F.);
#533=ORIENTED_EDGE('',*,*,#333,.F.);
#534=ORIENTED_EDGE('',*,*,#370,.T.);
#535=ORIENTED_EDGE('',*,*,#362,.F.);
#536=ORIENTED_EDGE('',*,*,#342,.F.);
#537=ORIENTED_EDGE('',*,*,#367,.F.);
#538=ORIENTED_EDGE('',*,*,#347,.F.);
#539=ORIENTED_EDGE('',*,*,#349,.F.);
#540=ORIENTED_EDGE('',*,*,#352,.F.);
#541=ORIENTED_EDGE('',*,*,#368,.F.);
#542=ORIENTED_EDGE('',*,*,#371,.F.);
#543=ORIENTED_EDGE('',*,*,#372,.F.);
#544=ORIENTED_EDGE('',*,*,#373,.T.);
#545=ORIENTED_EDGE('',*,*,#372,.T.);
#546=ORIENTED_EDGE('',*,*,#374,.F.);
#547=ORIENTED_EDGE('',*,*,#330,.F.);
#548=ORIENTED_EDGE('',*,*,#375,.T.);
#549=ORIENTED_EDGE('',*,*,#345,.F.);
#550=ORIENTED_EDGE('',*,*,#369,.F.);
#551=ORIENTED_EDGE('',*,*,#328,.F.);
#552=ORIENTED_EDGE('',*,*,#336,.T.);
#553=ORIENTED_EDGE('',*,*,#350,.F.);
#554=ORIENTED_EDGE('',*,*,#375,.F.);
#555=ORIENTED_EDGE('',*,*,#364,.F.);
#556=ORIENTED_EDGE('',*,*,#374,.T.);
#557=ORIENTED_EDGE('',*,*,#376,.T.);
#558=ORIENTED_EDGE('',*,*,#377,.T.);
#559=ORIENTED_EDGE('',*,*,#378,.T.);
#560=ORIENTED_EDGE('',*,*,#376,.F.);
#561=ORIENTED_EDGE('',*,*,#371,.T.);
#562=ORIENTED_EDGE('',*,*,#355,.F.);
#563=ORIENTED_EDGE('',*,*,#357,.F.);
#564=ORIENTED_EDGE('',*,*,#359,.F.);
#565=ORIENTED_EDGE('',*,*,#361,.F.);
#566=ORIENTED_EDGE('',*,*,#377,.F.);
#567=ORIENTED_EDGE('',*,*,#378,.F.);
#568=ORIENTED_EDGE('',*,*,#379,.T.);
#569=ORIENTED_EDGE('',*,*,#301,.F.);
#570=ORIENTED_EDGE('',*,*,#379,.F.);
#571=ORIENTED_EDGE('',*,*,#380,.T.);
#572=ORIENTED_EDGE('',*,*,#381,.T.);
#573=ORIENTED_EDGE('',*,*,#373,.F.);
#574=ORIENTED_EDGE('',*,*,#381,.F.);
#575=ORIENTED_EDGE('',*,*,#380,.F.);
#576=ORIENTED_EDGE('',*,*,#382,.T.);
#577=ORIENTED_EDGE('',*,*,#304,.T.);
#578=ORIENTED_EDGE('',*,*,#382,.F.);
#579=B_SPLINE_SURFACE_WITH_KNOTS('',3,3,((#737,#738,#739,#740,#741,#742,
#743,#744,#745,#746),(#747,#748,#749,#750,#751,#752,#753,#754,#755,#756),
(#757,#758,#759,#760,#761,#762,#763,#764,#765,#766),(#767,#768,#769,#770,
#771,#772,#773,#774,#775,#776),(#777,#778,#779,#780,#781,#782,#783,#784,
#785,#786)),.UNSPECIFIED.,.F.,.F.,.F.,(4,1,4),(4,1,1,1,1,1,1,4),(0.,0.5,
1.),(2.79152732462066E-5,0.335589274894284,0.419479614799543,0.503369954704803,
0.54302487700176,0.561897941356132,0.573421798920384,0.579183727702511),
 .UNSPECIFIED.);
#580=B_SPLINE_SURFACE_WITH_KNOTS('',3,3,((#820,#821,#822,#823,#824,#825,
#826,#827,#828,#829),(#830,#831,#832,#833,#834,#835,#836,#837,#838,#839),
(#840,#841,#842,#843,#844,#845,#846,#847,#848,#849),(#850,#851,#852,#853,
#854,#855,#856,#857,#858,#859),(#860,#861,#862,#863,#864,#865,#866,#867,
#868,#869),(#870,#871,#872,#873,#874,#875,#876,#877,#878,#879),(#880,#881,
#882,#883,#884,#885,#886,#887,#888,#889)),.UNSPECIFIED.,.F.,.F.,.F.,(4,
1,1,1,4),(4,1,1,1,1,1,1,4),(0.,0.285714285714286,0.5,0.785714285714286,
1.),(0.579183727702506,0.579968027208006,0.580360176960756,0.581957902933799,
0.583555628906842,0.585153354879885,0.590733554513111,0.597777371533774),
 .UNSPECIFIED.);
#581=B_SPLINE_SURFACE_WITH_KNOTS('',3,3,((#919,#920,#921,#922,#923,#924,
#925),(#926,#927,#928,#929,#930,#931,#932),(#933,#934,#935,#936,#937,#938,
#939),(#940,#941,#942,#943,#944,#945,#946),(#947,#948,#949,#950,#951,#952,
#953),(#954,#955,#956,#957,#958,#959,#960),(#961,#962,#963,#964,#965,#966,
#967)),.UNSPECIFIED.,.F.,.F.,.F.,(4,1,1,1,4),(4,1,1,1,4),(0.,0.285714285714286,
0.5,0.785714285714286,1.),(0.597777371533774,0.616823613063983,0.635869854594191,
0.650154535741848,0.664439216889504),.UNSPECIFIED.);
#582=B_SPLINE_SURFACE_WITH_KNOTS('',3,3,((#991,#992,#993,#994,#995,#996,
#997,#998,#999),(#1000,#1001,#1002,#1003,#1004,#1005,#1006,#1007,#1008),
(#1009,#1010,#1011,#1012,#1013,#1014,#1015,#1016,#1017),(#1018,#1019,#1020,
#1021,#1022,#1023,#1024,#1025,#1026),(#1027,#1028,#1029,#1030,#1031,#1032,
#1033,#1034,#1035)),.UNSPECIFIED.,.F.,.F.,.F.,(4,1,4),(4,1,1,1,1,1,4),(0.,
0.5,1.),(0.682576705961293,0.699093380153575,0.717901816825092,0.757518083071953,
0.841479882530594,0.925441681989236,1.2612888798238),.UNSPECIFIED.);
#583=B_SPLINE_SURFACE_WITH_KNOTS('',3,3,((#1067,#1068,#1069,#1070,#1071,
#1072,#1073,#1074,#1075,#1076,#1077),(#1078,#1079,#1080,#1081,#1082,#1083,
#1084,#1085,#1086,#1087,#1088),(#1089,#1090,#1091,#1092,#1093,#1094,#1095,
#1096,#1097,#1098,#1099),(#1100,#1101,#1102,#1103,#1104,#1105,#1106,#1107,
#1108,#1109,#1110),(#1111,#1112,#1113,#1114,#1115,#1116,#1117,#1118,#1119,
#1120,#1121),(#1122,#1123,#1124,#1125,#1126,#1127,#1128,#1129,#1130,#1131,
#1132),(#1133,#1134,#1135,#1136,#1137,#1138,#1139,#1140,#1141,#1142,#1143)),
 .UNSPECIFIED.,.F.,.F.,.F.,(4,1,1,1,4),(4,1,1,1,1,1,1,1,4),(0.,0.285714285714286,
0.5,0.785714285714286,1.),(0.664439216889504,0.669180067158084,0.675918321981303,
0.676841915820956,0.678689103500262,0.679612697339915,0.681459885019221,
0.681832158666579,0.682576705961295),.UNSPECIFIED.);
#584=B_SPLINE_SURFACE_WITH_KNOTS('',3,3,((#1189,#1190,#1191,#1192,#1193,
#1194,#1195),(#1196,#1197,#1198,#1199,#1200,#1201,#1202),(#1203,#1204,#1205,
#1206,#1207,#1208,#1209),(#1210,#1211,#1212,#1213,#1214,#1215,#1216),(#1217,
#1218,#1219,#1220,#1221,#1222,#1223)),.UNSPECIFIED.,.F.,.F.,.F.,(4,1,4),
(4,1,1,1,4),(0.,0.571428571428571,1.),(2.31812772179168,2.64112998104163,
2.96413224029158,3.12563336991655,3.4486356291665),.UNSPECIFIED.);
#585=B_SPLINE_SURFACE_WITH_KNOTS('',3,3,((#1353,#1354,#1355,#1356,#1357,
#1358,#1359),(#1360,#1361,#1362,#1363,#1364,#1365,#1366),(#1367,#1368,#1369,
#1370,#1371,#1372,#1373),(#1374,#1375,#1376,#1377,#1378,#1379,#1380),(#1381,
#1382,#1383,#1384,#1385,#1386,#1387)),.UNSPECIFIED.,.F.,.F.,.F.,(4,1,4),
(4,1,1,1,4),(0.,0.571428571428571,1.),(1.18752865428394,1.51055695928615,
1.83358526428836,2.15661356929057,2.31812772179168),.UNSPECIFIED.);
#586=B_SPLINE_SURFACE_WITH_KNOTS('',3,3,((#1395,#1396,#1397,#1398,#1399,
#1400,#1401,#1402,#1403,#1404),(#1405,#1406,#1407,#1408,#1409,#1410,#1411,
#1412,#1413,#1414),(#1415,#1416,#1417,#1418,#1419,#1420,#1421,#1422,#1423,
#1424),(#1425,#1426,#1427,#1428,#1429,#1430,#1431,#1432,#1433,#1434)),
 .UNSPECIFIED.,.F.,.F.,.F.,(4,4),(4,1,1,1,1,1,1,4),(0.0286368833844033,
1.),(0.439971813771769,3.82085183535252,7.20173185693327,10.582611878514,
13.9634919000948,17.3443719216755,20.7252519432563,24.106131964837),
 .UNSPECIFIED.);
#587=B_SPLINE_SURFACE_WITH_KNOTS('',3,3,((#1567,#1568,#1569,#1570,#1571,
#1572,#1573,#1574,#1575,#1576,#1577,#1578,#1579,#1580,#1581),(#1582,#1583,
#1584,#1585,#1586,#1587,#1588,#1589,#1590,#1591,#1592,#1593,#1594,#1595,
#1596),(#1597,#1598,#1599,#1600,#1601,#1602,#1603,#1604,#1605,#1606,#1607,
#1608,#1609,#1610,#1611),(#1612,#1613,#1614,#1615,#1616,#1617,#1618,#1619,
#1620,#1621,#1622,#1623,#1624,#1625,#1626),(#1627,#1628,#1629,#1630,#1631,
#1632,#1633,#1634,#1635,#1636,#1637,#1638,#1639,#1640,#1641),(#1642,#1643,
#1644,#1645,#1646,#1647,#1648,#1649,#1650,#1651,#1652,#1653,#1654,#1655,
#1656)),.UNSPECIFIED.,.F.,.F.,.F.,(4,1,1,4),(4,1,1,1,1,1,1,1,1,1,1,1,4),
(0.,0.285714285714286,0.571428571428571,1.),(0.00290092390992274,0.00467922472148143,
0.00931707941920273,0.0139557932665449,0.0185956884425287,0.0232371226594749,
0.0278802780099576,0.0325236565069704,0.0371657595764418,0.0418067668780408,
0.046447034326157,0.0510868809947961,0.0529096624618599),.UNSPECIFIED.);
#588=B_SPLINE_SURFACE_WITH_KNOTS('',3,3,((#1686,#1687,#1688,#1689,#1690,
#1691,#1692,#1693,#1694,#1695,#1696,#1697,#1698,#1699,#1700,#1701),(#1702,
#1703,#1704,#1705,#1706,#1707,#1708,#1709,#1710,#1711,#1712,#1713,#1714,
#1715,#1716,#1717),(#1718,#1719,#1720,#1721,#1722,#1723,#1724,#1725,#1726,
#1727,#1728,#1729,#1730,#1731,#1732,#1733),(#1734,#1735,#1736,#1737,#1738,
#1739,#1740,#1741,#1742,#1743,#1744,#1745,#1746,#1747,#1748,#1749),(#1750,
#1751,#1752,#1753,#1754,#1755,#1756,#1757,#1758,#1759,#1760,#1761,#1762,
#1763,#1764,#1765),(#1766,#1767,#1768,#1769,#1770,#1771,#1772,#1773,#1774,
#1775,#1776,#1777,#1778,#1779,#1780,#1781)),.UNSPECIFIED.,.F.,.F.,.F.,(4,
1,1,4),(4,1,1,1,1,1,1,1,1,1,1,1,1,4),(0.,0.285714285714286,0.571428571428571,
1.),(0.0529096624208932,0.0561551194655336,0.0727317260766716,0.0890856722805218,
0.105124102592949,0.120786928233536,0.136109795667232,0.151158049197586,
0.165946527974018,0.180519627567968,0.194957189690699,0.209250853102101,
0.223467204616296,0.234005462902331),.UNSPECIFIED.);
#589=B_SPLINE_SURFACE_WITH_KNOTS('',3,3,((#1805,#1806,#1807,#1808,#1809,
#1810,#1811,#1812,#1813),(#1814,#1815,#1816,#1817,#1818,#1819,#1820,#1821,
#1822),(#1823,#1824,#1825,#1826,#1827,#1828,#1829,#1830,#1831),(#1832,#1833,
#1834,#1835,#1836,#1837,#1838,#1839,#1840),(#1841,#1842,#1843,#1844,#1845,
#1846,#1847,#1848,#1849)),.UNSPECIFIED.,.F.,.F.,.F.,(4,1,4),(4,1,1,1,1,
1,4),(0.,0.5,1.),(0.234005462902331,0.237253680713579,0.245543987048219,
0.253832951946416,0.262122130240721,0.270411372554627,0.334404228494021),
 .UNSPECIFIED.);
#590=B_SPLINE_SURFACE_WITH_KNOTS('',3,3,((#1865,#1866,#1867,#1868,#1869,
#1870,#1871,#1872,#1873,#1874,#1875,#1876,#1877,#1878,#1879,#1880,#1881),
(#1882,#1883,#1884,#1885,#1886,#1887,#1888,#1889,#1890,#1891,#1892,#1893,
#1894,#1895,#1896,#1897,#1898),(#1899,#1900,#1901,#1902,#1903,#1904,#1905,
#1906,#1907,#1908,#1909,#1910,#1911,#1912,#1913,#1914,#1915),(#1916,#1917,
#1918,#1919,#1920,#1921,#1922,#1923,#1924,#1925,#1926,#1927,#1928,#1929,
#1930,#1931,#1932),(#1933,#1934,#1935,#1936,#1937,#1938,#1939,#1940,#1941,
#1942,#1943,#1944,#1945,#1946,#1947,#1948,#1949),(#1950,#1951,#1952,#1953,
#1954,#1955,#1956,#1957,#1958,#1959,#1960,#1961,#1962,#1963,#1964,#1965,
#1966)),.UNSPECIFIED.,.F.,.F.,.F.,(4,1,1,4),(4,1,1,1,1,1,1,1,1,1,1,1,1,
1,4),(0.,0.285714285714286,0.571428571428571,1.),(0.33440422849371,0.337020870352028,
0.351035862863873,0.365110510241606,0.379321011746949,0.393632023864599,
0.408090242024369,0.422748930749274,0.437563077056146,0.452589589606396,
0.467857698536802,0.483323866691185,0.498987249878553,0.514766754817049,
0.517903426468775),.UNSPECIFIED.);
#591=B_SPLINE_SURFACE_WITH_KNOTS('',3,3,((#1991,#1992,#1993,#1994,#1995,
#1996,#1997,#1998,#1999,#2000,#2001,#2002,#2003,#2004,#2005),(#2006,#2007,
#2008,#2009,#2010,#2011,#2012,#2013,#2014,#2015,#2016,#2017,#2018,#2019,
#2020),(#2021,#2022,#2023,#2024,#2025,#2026,#2027,#2028,#2029,#2030,#2031,
#2032,#2033,#2034,#2035),(#2036,#2037,#2038,#2039,#2040,#2041,#2042,#2043,
#2044,#2045,#2046,#2047,#2048,#2049,#2050),(#2051,#2052,#2053,#2054,#2055,
#2056,#2057,#2058,#2059,#2060,#2061,#2062,#2063,#2064,#2065),(#2066,#2067,
#2068,#2069,#2070,#2071,#2072,#2073,#2074,#2075,#2076,#2077,#2078,#2079,
#2080)),.UNSPECIFIED.,.F.,.F.,.F.,(4,1,1,4),(4,1,1,1,1,1,1,1,1,1,1,1,4),
(0.,0.285714285714286,0.571428571428571,1.),(0.517903426468775,0.51977134027709,
0.524402166826695,0.529033510813757,0.533665729281041,0.538299158582131,
0.542934046280643,0.547568701027593,0.552201432410906,0.556832489701526,
0.561462212426534,0.566090961287295,0.567918661759668),.UNSPECIFIED.);
#592=B_SPLINE_SURFACE_WITH_KNOTS('',3,3,((#2103,#2104,#2105,#2106,#2107,
#2108,#2109,#2110,#2111,#2112,#2113,#2114,#2115,#2116,#2117,#2118,#2119),
(#2120,#2121,#2122,#2123,#2124,#2125,#2126,#2127,#2128,#2129,#2130,#2131,
#2132,#2133,#2134,#2135,#2136),(#2137,#2138,#2139,#2140,#2141,#2142,#2143,
#2144,#2145,#2146,#2147,#2148,#2149,#2150,#2151,#2152,#2153),(#2154,#2155,
#2156,#2157,#2158,#2159,#2160,#2161,#2162,#2163,#2164,#2165,#2166,#2167,
#2168,#2169,#2170),(#2171,#2172,#2173,#2174,#2175,#2176,#2177,#2178,#2179,
#2180,#2181,#2182,#2183,#2184,#2185,#2186,#2187),(#2188,#2189,#2190,#2191,
#2192,#2193,#2194,#2195,#2196,#2197,#2198,#2199,#2200,#2201,#2202,#2203,
#2204)),.UNSPECIFIED.,.F.,.F.,.F.,(4,1,1,4),(4,1,1,1,1,1,1,1,1,1,1,1,1,
1,4),(0.,0.285714285714286,0.571428571428571,1.),(0.567918661786951,0.571097738537395,
0.586868706115501,0.602518298461748,0.617984424778102,0.633217294611741,
0.648225947435163,0.663056533302131,0.67768570510329,0.692127884441511,
0.70646508539068,0.720637419114451,0.734709866587451,0.74875758598667,0.751372476228132),
 .UNSPECIFIED.);
#593=B_SPLINE_SURFACE_WITH_KNOTS('',3,3,((#2229,#2230,#2231,#2232,#2233,
#2234,#2235,#2236,#2237),(#2238,#2239,#2240,#2241,#2242,#2243,#2244,#2245,
#2246),(#2247,#2248,#2249,#2250,#2251,#2252,#2253,#2254,#2255),(#2256,#2257,
#2258,#2259,#2260,#2261,#2262,#2263,#2264),(#2265,#2266,#2267,#2268,#2269,
#2270,#2271,#2272,#2273)),.UNSPECIFIED.,.F.,.F.,.F.,(4,1,4),(4,1,1,1,1,
1,4),(0.,0.5,1.),(0.75137247622813,0.815367598466786,0.823656906346994,
0.831946151592146,0.840235183389045,0.848525560887637,0.851769312492971),
 .UNSPECIFIED.);
#594=B_SPLINE_SURFACE_WITH_KNOTS('',3,3,((#2289,#2290,#2291,#2292,#2293,
#2294,#2295,#2296,#2297,#2298,#2299,#2300,#2301,#2302,#2303,#2304),(#2305,
#2306,#2307,#2308,#2309,#2310,#2311,#2312,#2313,#2314,#2315,#2316,#2317,
#2318,#2319,#2320),(#2321,#2322,#2323,#2324,#2325,#2326,#2327,#2328,#2329,
#2330,#2331,#2332,#2333,#2334,#2335,#2336),(#2337,#2338,#2339,#2340,#2341,
#2342,#2343,#2344,#2345,#2346,#2347,#2348,#2349,#2350,#2351,#2352),(#2353,
#2354,#2355,#2356,#2357,#2358,#2359,#2360,#2361,#2362,#2363,#2364,#2365,
#2366,#2367,#2368),(#2369,#2370,#2371,#2372,#2373,#2374,#2375,#2376,#2377,
#2378,#2379,#2380,#2381,#2382,#2383,#2384)),.UNSPECIFIED.,.F.,.F.,.F.,(4,
1,1,4),(4,1,1,1,1,1,1,1,1,1,1,1,1,4),(0.,0.285714285714286,0.571428571428571,
1.),(0.851769312492973,0.862301370890951,0.876516741709114,0.890827764102944,
0.90525693838766,0.919828120707871,0.934618666195208,0.94963926735499,0.964950655432445,
0.980619907893359,0.99662825322085,1.01296765486893,1.02992137336999,1.03282229731648),
 .UNSPECIFIED.);
#595=B_SPLINE_SURFACE_WITH_KNOTS('',3,3,((#2508,#2509,#2510,#2511,#2512,
#2513,#2514,#2515,#2516,#2517,#2518,#2519,#2520,#2521,#2522,#2523,#2524),
(#2525,#2526,#2527,#2528,#2529,#2530,#2531,#2532,#2533,#2534,#2535,#2536,
#2537,#2538,#2539,#2540,#2541),(#2542,#2543,#2544,#2545,#2546,#2547,#2548,
#2549,#2550,#2551,#2552,#2553,#2554,#2555,#2556,#2557,#2558),(#2559,#2560,
#2561,#2562,#2563,#2564,#2565,#2566,#2567,#2568,#2569,#2570,#2571,#2572,
#2573,#2574,#2575),(#2576,#2577,#2578,#2579,#2580,#2581,#2582,#2583,#2584,
#2585,#2586,#2587,#2588,#2589,#2590,#2591,#2592),(#2593,#2594,#2595,#2596,
#2597,#2598,#2599,#2600,#2601,#2602,#2603,#2604,#2605,#2606,#2607,#2608,
#2609),(#2610,#2611,#2612,#2613,#2614,#2615,#2616,#2617,#2618,#2619,#2620,
#2621,#2622,#2623,#2624,#2625,#2626),(#2627,#2628,#2629,#2630,#2631,#2632,
#2633,#2634,#2635,#2636,#2637,#2638,#2639,#2640,#2641,#2642,#2643)),
 .UNSPECIFIED.,.F.,.F.,.F.,(4,1,1,1,1,4),(4,1,1,1,1,1,1,1,1,1,1,1,1,1,4),
(0.,0.142857142857143,0.285714285714286,0.571428571428571,0.785714285714286,
1.),(-0.000622889776475857,0.,0.000551928587725462,0.0038629758853439,0.0241443446002,
0.0381195856542452,0.0524953744559057,0.0671642744668528,0.0820991434936249,
0.0972320850263573,0.112396158292409,0.127567710454728,0.14263930821651,
0.157611396382423,0.169083240987147),.UNSPECIFIED.);
#596=B_SPLINE_SURFACE_WITH_KNOTS('',3,3,((#2698,#2699,#2700,#2701,#2702,
#2703,#2704,#2705,#2706,#2707,#2708,#2709,#2710,#2711,#2712,#2713,#2714),
(#2715,#2716,#2717,#2718,#2719,#2720,#2721,#2722,#2723,#2724,#2725,#2726,
#2727,#2728,#2729,#2730,#2731),(#2732,#2733,#2734,#2735,#2736,#2737,#2738,
#2739,#2740,#2741,#2742,#2743,#2744,#2745,#2746,#2747,#2748),(#2749,#2750,
#2751,#2752,#2753,#2754,#2755,#2756,#2757,#2758,#2759,#2760,#2761,#2762,
#2763,#2764,#2765),(#2766,#2767,#2768,#2769,#2770,#2771,#2772,#2773,#2774,
#2775,#2776,#2777,#2778,#2779,#2780,#2781,#2782),(#2783,#2784,#2785,#2786,
#2787,#2788,#2789,#2790,#2791,#2792,#2793,#2794,#2795,#2796,#2797,#2798,
#2799),(#2800,#2801,#2802,#2803,#2804,#2805,#2806,#2807,#2808,#2809,#2810,
#2811,#2812,#2813,#2814,#2815,#2816),(#2817,#2818,#2819,#2820,#2821,#2822,
#2823,#2824,#2825,#2826,#2827,#2828,#2829,#2830,#2831,#2832,#2833)),
 .UNSPECIFIED.,.F.,.F.,.F.,(4,1,1,1,1,4),(4,1,1,1,1,1,1,1,1,1,1,1,1,1,4),
(0.,0.285714285714286,0.428571428571429,0.571428571428571,0.785714285714286,
1.),(0.169083240987147,0.171828931153476,0.175545907599102,0.179260651104541,
0.182974150940743,0.186686473063272,0.1903975820536,0.194107485734991,0.197816472198964,
0.201526735873705,0.205238234933924,0.208950932698527,0.212664895215808,
0.216381104039368,0.219107095447599),.UNSPECIFIED.);
#597=B_SPLINE_SURFACE_WITH_KNOTS('',3,3,((#2877,#2878,#2879,#2880,#2881,
#2882,#2883,#2884,#2885,#2886,#2887,#2888,#2889,#2890,#2891,#2892),(#2893,
#2894,#2895,#2896,#2897,#2898,#2899,#2900,#2901,#2902,#2903,#2904,#2905,
#2906,#2907,#2908),(#2909,#2910,#2911,#2912,#2913,#2914,#2915,#2916,#2917,
#2918,#2919,#2920,#2921,#2922,#2923,#2924),(#2925,#2926,#2927,#2928,#2929,
#2930,#2931,#2932,#2933,#2934,#2935,#2936,#2937,#2938,#2939,#2940),(#2941,
#2942,#2943,#2944,#2945,#2946,#2947,#2948,#2949,#2950,#2951,#2952,#2953,
#2954,#2955,#2956),(#2957,#2958,#2959,#2960,#2961,#2962,#2963,#2964,#2965,
#2966,#2967,#2968,#2969,#2970,#2971,#2972),(#2973,#2974,#2975,#2976,#2977,
#2978,#2979,#2980,#2981,#2982,#2983,#2984,#2985,#2986,#2987,#2988),(#2989,
#2990,#2991,#2992,#2993,#2994,#2995,#2996,#2997,#2998,#2999,#3000,#3001,
#3002,#3003,#3004)),.UNSPECIFIED.,.F.,.F.,.F.,(4,1,1,1,1,4),(4,1,1,1,1,
1,1,1,1,1,1,1,1,4),(0.,0.142857142857143,0.285714285714286,0.571428571428571,
0.785714285714286,1.),(0.219107095447599,0.230614529101861,0.245573549358163,
0.260615404550872,0.275783792704386,0.290958269306085,0.306060553454504,
0.321032536959048,0.335688773015114,0.350017021112522,0.36402897912117,
0.384324120389182,0.387628343711906,0.388797007135862),.UNSPECIFIED.);
#598=B_SPLINE_SURFACE_WITH_KNOTS('',3,3,((#3030,#3031,#3032,#3033,#3034,
#3035,#3036,#3037,#3038,#3039,#3040,#3041,#3042,#3043,#3044,#3045,#3046,
#3047,#3048,#3049,#3050,#3051,#3052,#3053,#3054,#3055,#3056,#3057,#3058),
(#3059,#3060,#3061,#3062,#3063,#3064,#3065,#3066,#3067,#3068,#3069,#3070,
#3071,#3072,#3073,#3074,#3075,#3076,#3077,#3078,#3079,#3080,#3081,#3082,
#3083,#3084,#3085,#3086,#3087),(#3088,#3089,#3090,#3091,#3092,#3093,#3094,
#3095,#3096,#3097,#3098,#3099,#3100,#3101,#3102,#3103,#3104,#3105,#3106,
#3107,#3108,#3109,#3110,#3111,#3112,#3113,#3114,#3115,#3116),(#3117,#3118,
#3119,#3120,#3121,#3122,#3123,#3124,#3125,#3126,#3127,#3128,#3129,#3130,
#3131,#3132,#3133,#3134,#3135,#3136,#3137,#3138,#3139,#3140,#3141,#3142,
#3143,#3144,#3145),(#3146,#3147,#3148,#3149,#3150,#3151,#3152,#3153,#3154,
#3155,#3156,#3157,#3158,#3159,#3160,#3161,#3162,#3163,#3164,#3165,#3166,
#3167,#3168,#3169,#3170,#3171,#3172,#3173,#3174),(#3175,#3176,#3177,#3178,
#3179,#3180,#3181,#3182,#3183,#3184,#3185,#3186,#3187,#3188,#3189,#3190,
#3191,#3192,#3193,#3194,#3195,#3196,#3197,#3198,#3199,#3200,#3201,#3202,
#3203),(#3204,#3205,#3206,#3207,#3208,#3209,#3210,#3211,#3212,#3213,#3214,
#3215,#3216,#3217,#3218,#3219,#3220,#3221,#3222,#3223,#3224,#3225,#3226,
#3227,#3228,#3229,#3230,#3231,#3232)),.UNSPECIFIED.,.F.,.F.,.F.,(4,1,1,
1,4),(4,1,1,1,1,1,1,1,1,1,1,1,1,1,1,1,1,1,1,1,1,1,1,1,1,1,4),(0.,0.285714285714286,
0.571428571428571,0.857142857142857,1.),(0.390173387130213,0.390905323482167,
0.392656697426774,0.394300002744635,0.395907783325422,0.397504745280678,
0.399004058574169,0.400502252407849,0.401962777110049,0.403357430728106,
0.404751308716292,0.406144199892589,0.407535897555707,0.408926188702739,
0.410989452805732,0.413052386806783,0.417177329534576,0.425423695034599,
0.433666107604405,0.441905179199194,0.450141589963745,0.458375947254081,
0.466608966177417,0.474841162622311,0.483073390354136,0.491305989464718,
0.497393125556191),.UNSPECIFIED.);
#599=B_SPLINE_SURFACE_WITH_KNOTS('',3,3,((#3278,#3279,#3280,#3281,#3282,
#3283,#3284,#3285,#3286,#3287,#3288,#3289,#3290,#3291,#3292,#3293,#3294,
#3295,#3296,#3297,#3298,#3299,#3300,#3301,#3302),(#3303,#3304,#3305,#3306,
#3307,#3308,#3309,#3310,#3311,#3312,#3313,#3314,#3315,#3316,#3317,#3318,
#3319,#3320,#3321,#3322,#3323,#3324,#3325,#3326,#3327),(#3328,#3329,#3330,
#3331,#3332,#3333,#3334,#3335,#3336,#3337,#3338,#3339,#3340,#3341,#3342,
#3343,#3344,#3345,#3346,#3347,#3348,#3349,#3350,#3351,#3352),(#3353,#3354,
#3355,#3356,#3357,#3358,#3359,#3360,#3361,#3362,#3363,#3364,#3365,#3366,
#3367,#3368,#3369,#3370,#3371,#3372,#3373,#3374,#3375,#3376,#3377),(#3378,
#3379,#3380,#3381,#3382,#3383,#3384,#3385,#3386,#3387,#3388,#3389,#3390,
#3391,#3392,#3393,#3394,#3395,#3396,#3397,#3398,#3399,#3400,#3401,#3402),
(#3403,#3404,#3405,#3406,#3407,#3408,#3409,#3410,#3411,#3412,#3413,#3414,
#3415,#3416,#3417,#3418,#3419,#3420,#3421,#3422,#3423,#3424,#3425,#3426,
#3427),(#3428,#3429,#3430,#3431,#3432,#3433,#3434,#3435,#3436,#3437,#3438,
#3439,#3440,#3441,#3442,#3443,#3444,#3445,#3446,#3447,#3448,#3449,#3450,
#3451,#3452)),.UNSPECIFIED.,.F.,.F.,.F.,(4,1,1,1,4),(4,1,1,1,1,1,2,2,2,
2,2,2,2,1,1,4),(0.,0.285714285714286,0.571428571428571,0.857142857142857,
1.),(0.497393125556191,0.499536303494763,0.509297542808644,0.523238973650016,
0.531541314651404,0.537087651022664,0.550855957196575,0.564553826561131,
0.578183471258947,0.5918104117242,0.605395949690938,0.618983101582092,0.632569056508501,
0.646158379092922,0.659763541182652,0.671634580946576),.UNSPECIFIED.);
#600=B_SPLINE_SURFACE_WITH_KNOTS('',3,3,((#3486,#3487,#3488,#3489,#3490,
#3491,#3492,#3493,#3494,#3495,#3496,#3497,#3498,#3499,#3500,#3501,#3502,
#3503),(#3504,#3505,#3506,#3507,#3508,#3509,#3510,#3511,#3512,#3513,#3514,
#3515,#3516,#3517,#3518,#3519,#3520,#3521),(#3522,#3523,#3524,#3525,#3526,
#3527,#3528,#3529,#3530,#3531,#3532,#3533,#3534,#3535,#3536,#3537,#3538,
#3539),(#3540,#3541,#3542,#3543,#3544,#3545,#3546,#3547,#3548,#3549,#3550,
#3551,#3552,#3553,#3554,#3555,#3556,#3557),(#3558,#3559,#3560,#3561,#3562,
#3563,#3564,#3565,#3566,#3567,#3568,#3569,#3570,#3571,#3572,#3573,#3574,
#3575),(#3576,#3577,#3578,#3579,#3580,#3581,#3582,#3583,#3584,#3585,#3586,
#3587,#3588,#3589,#3590,#3591,#3592,#3593)),.UNSPECIFIED.,.F.,.F.,.F.,(4,
1,1,4),(4,1,1,1,1,1,1,1,1,1,1,1,1,1,1,4),(0.,0.285714285714286,0.571428571428571,
1.),(0.671634580971279,0.673176016704812,0.677090856081829,0.681004265249287,
0.684917381738677,0.688830288276137,0.692743076063799,0.695722527883387,
0.696655705630161,0.700568183539597,0.704480516560795,0.708392665328523,
0.712304721901663,0.716216769770666,0.720129949521685,0.72164895325232),
 .UNSPECIFIED.);
#601=B_SPLINE_SURFACE_WITH_KNOTS('',3,3,((#3619,#3620,#3621,#3622,#3623,
#3624,#3625,#3626,#3627,#3628,#3629,#3630,#3631,#3632,#3633,#3634,#3635,
#3636,#3637,#3638,#3639,#3640,#3641,#3642,#3643),(#3644,#3645,#3646,#3647,
#3648,#3649,#3650,#3651,#3652,#3653,#3654,#3655,#3656,#3657,#3658,#3659,
#3660,#3661,#3662,#3663,#3664,#3665,#3666,#3667,#3668),(#3669,#3670,#3671,
#3672,#3673,#3674,#3675,#3676,#3677,#3678,#3679,#3680,#3681,#3682,#3683,
#3684,#3685,#3686,#3687,#3688,#3689,#3690,#3691,#3692,#3693),(#3694,#3695,
#3696,#3697,#3698,#3699,#3700,#3701,#3702,#3703,#3704,#3705,#3706,#3707,
#3708,#3709,#3710,#3711,#3712,#3713,#3714,#3715,#3716,#3717,#3718),(#3719,
#3720,#3721,#3722,#3723,#3724,#3725,#3726,#3727,#3728,#3729,#3730,#3731,
#3732,#3733,#3734,#3735,#3736,#3737,#3738,#3739,#3740,#3741,#3742,#3743),
(#3744,#3745,#3746,#3747,#3748,#3749,#3750,#3751,#3752,#3753,#3754,#3755,
#3756,#3757,#3758,#3759,#3760,#3761,#3762,#3763,#3764,#3765,#3766,#3767,
#3768),(#3769,#3770,#3771,#3772,#3773,#3774,#3775,#3776,#3777,#3778,#3779,
#3780,#3781,#3782,#3783,#3784,#3785,#3786,#3787,#3788,#3789,#3790,#3791,
#3792,#3793)),.UNSPECIFIED.,.F.,.F.,.F.,(4,1,1,1,4),(4,1,1,2,2,2,2,2,2,
2,1,1,1,1,1,4),(0.,0.285714285714286,0.571428571428571,0.857142857142857,
1.),(0.72164895325232,0.733546472846208,0.747148353480996,0.760721610876762,
0.774271798953297,0.787863788372516,0.801441922691174,0.81504744390525,
0.828712533695941,0.842397257325998,0.85614874104223,0.861548694816039,
0.870036379538701,0.883969934995095,0.893733334701627,0.895877498246232),
 .UNSPECIFIED.);
#602=B_SPLINE_SURFACE_WITH_KNOTS('',3,3,((#3853,#3854,#3855,#3856,#3857,
#3858,#3859,#3860,#3861,#3862,#3863,#3864,#3865,#3866,#3867,#3868,#3869,
#3870,#3871,#3872,#3873,#3874,#3875,#3876,#3877,#3878,#3879,#3880),(#3881,
#3882,#3883,#3884,#3885,#3886,#3887,#3888,#3889,#3890,#3891,#3892,#3893,
#3894,#3895,#3896,#3897,#3898,#3899,#3900,#3901,#3902,#3903,#3904,#3905,
#3906,#3907,#3908),(#3909,#3910,#3911,#3912,#3913,#3914,#3915,#3916,#3917,
#3918,#3919,#3920,#3921,#3922,#3923,#3924,#3925,#3926,#3927,#3928,#3929,
#3930,#3931,#3932,#3933,#3934,#3935,#3936),(#3937,#3938,#3939,#3940,#3941,
#3942,#3943,#3944,#3945,#3946,#3947,#3948,#3949,#3950,#3951,#3952,#3953,
#3954,#3955,#3956,#3957,#3958,#3959,#3960,#3961,#3962,#3963,#3964),(#3965,
#3966,#3967,#3968,#3969,#3970,#3971,#3972,#3973,#3974,#3975,#3976,#3977,
#3978,#3979,#3980,#3981,#3982,#3983,#3984,#3985,#3986,#3987,#3988,#3989,
#3990,#3991,#3992),(#3993,#3994,#3995,#3996,#3997,#3998,#3999,#4000,#4001,
#4002,#4003,#4004,#4005,#4006,#4007,#4008,#4009,#4010,#4011,#4012,#4013,
#4014,#4015,#4016,#4017,#4018,#4019,#4020),(#4021,#4022,#4023,#4024,#4025,
#4026,#4027,#4028,#4029,#4030,#4031,#4032,#4033,#4034,#4035,#4036,#4037,
#4038,#4039,#4040,#4041,#4042,#4043,#4044,#4045,#4046,#4047,#4048)),
 .UNSPECIFIED.,.F.,.F.,.F.,(4,1,1,1,4),(4,1,1,1,1,1,1,1,1,1,1,1,1,1,1,1,
1,1,1,1,1,1,1,1,1,4),(0.,0.285714285714286,0.571428571428571,0.857142857142857,
1.),(0.895877498246232,0.901962903004924,0.910194753954681,0.918426230489558,
0.926657673566356,0.934889937203724,0.943123538244127,0.951359192596611,
0.959597508715561,0.967839167952508,0.976084783697249,0.980209353354884,
0.982272101351104,0.98433517982083,0.985724614453039,0.987115656613035,
0.98850809522978,0.989901725593801,0.991296338548633,0.992756720044074,
0.994255449427585,0.995755463559304,0.997351916107853,0.998960327889483,
1.0006028690483,1.00308224603784),.UNSPECIFIED.);
#603=B_SPLINE_SURFACE_WITH_KNOTS('',3,3,((#4114,#4115,#4116,#4117),(#4118,
#4119,#4120,#4121),(#4122,#4123,#4124,#4125),(#4126,#4127,#4128,#4129),
(#4130,#4131,#4132,#4133),(#4134,#4135,#4136,#4137),(#4138,#4139,#4140,
#4141)),.UNSPECIFIED.,.F.,.F.,.F.,(4,1,1,1,4),(4,4),(0.,0.285714285714286,
0.571428571428571,0.785714285714286,1.),(-0.00200474286066017,-0.00062289079866071),
 .UNSPECIFIED.);
#604=B_SPLINE_SURFACE_WITH_KNOTS('',3,3,((#4150,#4151,#4152,#4153),(#4154,
#4155,#4156,#4157),(#4158,#4159,#4160,#4161),(#4162,#4163,#4164,#4165),
(#4166,#4167,#4168,#4169),(#4170,#4171,#4172,#4173),(#4174,#4175,#4176,
#4177)),.UNSPECIFIED.,.F.,.F.,.F.,(4,1,1,1,4),(4,4),(0.,0.285714285714286,
0.571428571428571,0.785714285714286,1.),(0.388797007135862,0.390173387130213),
 .UNSPECIFIED.);
#605=B_SPLINE_SURFACE_WITH_KNOTS('',3,3,((#4186,#4187,#4188,#4189,#4190,
#4191,#4192,#4193,#4194,#4195),(#4196,#4197,#4198,#4199,#4200,#4201,#4202,
#4203,#4204,#4205),(#4206,#4207,#4208,#4209,#4210,#4211,#4212,#4213,#4214,
#4215),(#4216,#4217,#4218,#4219,#4220,#4221,#4222,#4223,#4224,#4225)),
 .UNSPECIFIED.,.F.,.T.,.F.,(4,4),(4,1,1,1,1,1,1,4),(0.,0.513153629157396),
(-6.28318530717959,-5.38558740615393,-4.48798950512828,-3.59039160410262,
-2.69279370307697,-1.79519580205131,-0.897597901025655,0.),
 .UNSPECIFIED.);
#606=B_SPLINE_SURFACE_WITH_KNOTS('',3,3,((#4268,#4269,#4270,#4271,#4272,
#4273,#4274,#4275,#4276,#4277,#4278,#4279,#4280,#4281,#4282,#4283,#4284,
#4285,#4286,#4287,#4288,#4289,#4290,#4291,#4292,#4293,#4294,#4295,#4296,
#4297,#4298,#4299,#4300,#4301),(#4302,#4303,#4304,#4305,#4306,#4307,#4308,
#4309,#4310,#4311,#4312,#4313,#4314,#4315,#4316,#4317,#4318,#4319,#4320,
#4321,#4322,#4323,#4324,#4325,#4326,#4327,#4328,#4329,#4330,#4331,#4332,
#4333,#4334,#4335),(#4336,#4337,#4338,#4339,#4340,#4341,#4342,#4343,#4344,
#4345,#4346,#4347,#4348,#4349,#4350,#4351,#4352,#4353,#4354,#4355,#4356,
#4357,#4358,#4359,#4360,#4361,#4362,#4363,#4364,#4365,#4366,#4367,#4368,
#4369),(#4370,#4371,#4372,#4373,#4374,#4375,#4376,#4377,#4378,#4379,#4380,
#4381,#4382,#4383,#4384,#4385,#4386,#4387,#4388,#4389,#4390,#4391,#4392,
#4393,#4394,#4395,#4396,#4397,#4398,#4399,#4400,#4401,#4402,#4403)),
 .UNSPECIFIED.,.F.,.T.,.F.,(4,4),(4,1,1,1,1,1,1,1,1,1,1,1,1,1,1,1,1,1,1,
1,1,1,1,1,1,1,1,1,1,1,1,4),(0.,1.),(0.,0.00915331373864619,0.0181844699217038,
0.0272983872890041,0.036435850192491,0.0455314621558715,0.0545743998148954,
0.0639559566518756,0.0726838704755317,0.082447879697293,0.0908490035695883,
0.0959253180995783,0.101001632629568,0.109900602959669,0.11868785825285,
0.123715503665878,0.128743149078906,0.132890558047418,0.13703796701593,
0.147122634385082,0.149531880530739,0.156759618967709,0.160930921210035,
0.165102223452361,0.175363192626438,0.183960638281697,0.192955062666905,
0.198128486238976,0.200715198025011,0.203301909811046,0.211954651392845,
0.221139755827839),.UNSPECIFIED.);
#607=ADVANCED_FACE('',(#61),#579,.T.);
#608=ADVANCED_FACE('',(#62),#580,.T.);
#609=ADVANCED_FACE('',(#63),#581,.T.);
#610=ADVANCED_FACE('',(#64),#582,.T.);
#611=ADVANCED_FACE('',(#65),#583,.T.);
#612=ADVANCED_FACE('',(#66,#46),#55,.T.);
#613=ADVANCED_FACE('',(#67,#47),#56,.F.);
#614=ADVANCED_FACE('',(#68),#584,.F.);
#615=ADVANCED_FACE('',(#69),#585,.F.);
#616=ADVANCED_FACE('',(#70,#48),#586,.T.);
#617=ADVANCED_FACE('',(#71),#44,.T.);
#618=ADVANCED_FACE('',(#72),#587,.T.);
#619=ADVANCED_FACE('',(#73),#588,.T.);
#620=ADVANCED_FACE('',(#74),#589,.T.);
#621=ADVANCED_FACE('',(#75),#590,.T.);
#622=ADVANCED_FACE('',(#76),#591,.T.);
#623=ADVANCED_FACE('',(#77),#592,.T.);
#624=ADVANCED_FACE('',(#78),#593,.T.);
#625=ADVANCED_FACE('',(#79),#594,.T.);
#626=ADVANCED_FACE('',(#80),#38,.F.);
#627=ADVANCED_FACE('',(#81),#57,.F.);
#628=ADVANCED_FACE('',(#82),#39,.F.);
#629=ADVANCED_FACE('',(#83),#58,.F.);
#630=ADVANCED_FACE('',(#84),#595,.T.);
#631=ADVANCED_FACE('',(#85),#596,.T.);
#632=ADVANCED_FACE('',(#86),#597,.T.);
#633=ADVANCED_FACE('',(#87),#598,.T.);
#634=ADVANCED_FACE('',(#88),#599,.T.);
#635=ADVANCED_FACE('',(#89),#600,.T.);
#636=ADVANCED_FACE('',(#90),#601,.T.);
#637=ADVANCED_FACE('',(#91),#602,.T.);
#638=ADVANCED_FACE('',(#92),#603,.T.);
#639=ADVANCED_FACE('',(#93),#604,.T.);
#640=ADVANCED_FACE('',(#94),#59,.F.);
#641=ADVANCED_FACE('',(#95),#40,.F.);
#642=ADVANCED_FACE('',(#96),#605,.T.);
#643=ADVANCED_FACE('',(#97),#41,.F.);
#644=ADVANCED_FACE('',(#98),#60,.F.);
#645=ADVANCED_FACE('',(#99),#606,.T.);
#646=ADVANCED_FACE('',(#100),#42,.T.);
#647=ADVANCED_FACE('',(#101),#15,.F.);
#648=ADVANCED_FACE('',(#102),#43,.T.);
#649=CLOSED_SHELL('',(#607,#608,#609,#610,#611,#612,#613,#614,#615,#616,
#617,#618,#619,#620,#621,#622,#623,#624,#625,#626,#627,#628,#629,#630,#631,
#632,#633,#634,#635,#636,#637,#638,#639,#640,#641,#642,#643,#644,#645,#646,
#647,#648));
#650=DERIVED_UNIT_ELEMENT(#652,1.);
#651=DERIVED_UNIT_ELEMENT(#4461,-3.);
#652=(
MASS_UNIT()
NAMED_UNIT(*)
SI_UNIT(.KILO.,.GRAM.)
);
#653=DERIVED_UNIT((#650,#651));
#654=MEASURE_REPRESENTATION_ITEM('density measure',
POSITIVE_RATIO_MEASURE(7850.),#653);
#655=PROPERTY_DEFINITION_REPRESENTATION(#660,#657);
#656=PROPERTY_DEFINITION_REPRESENTATION(#661,#658);
#657=REPRESENTATION('material name',(#659),#4458);
#658=REPRESENTATION('density',(#654),#4458);
#659=DESCRIPTIVE_REPRESENTATION_ITEM('Steel','Steel');
#660=PROPERTY_DEFINITION('material property','material name',#4468);
#661=PROPERTY_DEFINITION('material property','density of part',#4468);
#662=AXIS2_PLACEMENT_3D('',#736,#683,#684);
#663=AXIS2_PLACEMENT_3D('',#1166,#685,#686);
#664=AXIS2_PLACEMENT_3D('',#1168,#687,#688);
#665=AXIS2_PLACEMENT_3D('',#1184,#689,#690);
#666=AXIS2_PLACEMENT_3D('',#1186,#691,#692);
#667=AXIS2_PLACEMENT_3D('',#1187,#693,#694);
#668=AXIS2_PLACEMENT_3D('',#1188,#695,#696);
#669=AXIS2_PLACEMENT_3D('',#1352,#697,#698);
#670=AXIS2_PLACEMENT_3D('',#2401,#699,#700);
#671=AXIS2_PLACEMENT_3D('',#2422,#703,#704);
#672=AXIS2_PLACEMENT_3D('',#2459,#706,#707);
#673=AXIS2_PLACEMENT_3D('',#2487,#709,#710);
#674=AXIS2_PLACEMENT_3D('',#4182,#712,#713);
#675=AXIS2_PLACEMENT_3D('',#4185,#716,#717);
#676=AXIS2_PLACEMENT_3D('',#4265,#719,#720);
#677=AXIS2_PLACEMENT_3D('',#4267,#722,#723);
#678=AXIS2_PLACEMENT_3D('',#4448,#724,#725);
#679=AXIS2_PLACEMENT_3D('',#4450,#727,#728);
#680=AXIS2_PLACEMENT_3D('',#4452,#729,#730);
#681=AXIS2_PLACEMENT_3D('',#4453,#731,#732);
#682=AXIS2_PLACEMENT_3D('',#4454,#733,#734);
#683=DIRECTION('axis',(0.,0.,1.));
#684=DIRECTION('refdir',(1.,0.,0.));
#685=DIRECTION('center_axis',(0.,0.,1.));
#686=DIRECTION('ref_axis',(1.,0.,0.));
#687=DIRECTION('center_axis',(0.,0.,1.));
#688=DIRECTION('ref_axis',(-1.,0.,0.));
#689=DIRECTION('center_axis',(0.,0.,1.));
#690=DIRECTION('ref_axis',(1.,0.,0.));
#691=DIRECTION('center_axis',(0.,0.,1.));
#692=DIRECTION('ref_axis',(1.,0.,0.));
#693=DIRECTION('center_axis',(0.,0.,-1.));
#694=DIRECTION('ref_axis',(1.,0.,0.));
#695=DIRECTION('center_axis',(0.,0.,1.));
#696=DIRECTION('ref_axis',(-1.,1.77682991265109E-15,0.));
#697=DIRECTION('center_axis',(0.000809929256434191,0.999999672007246,0.));
#698=DIRECTION('ref_axis',(-0.98715927928578,0.000799529443293908,0.159737027869711));
#699=DIRECTION('center_axis',(1.,0.,0.));
#700=DIRECTION('ref_axis',(0.,-1.,0.));
#701=DIRECTION('',(1.,0.,0.));
#702=DIRECTION('',(1.,0.,0.));
#703=DIRECTION('center_axis',(0.,-1.,0.));
#704=DIRECTION('ref_axis',(0.,0.,-1.));
#705=DIRECTION('',(1.,0.,0.));
#706=DIRECTION('center_axis',(1.,0.,0.));
#707=DIRECTION('ref_axis',(0.,-4.62592926927149E-17,1.));
#708=DIRECTION('',(1.,0.,0.));
#709=DIRECTION('center_axis',(0.,0.,1.));
#710=DIRECTION('ref_axis',(0.,-1.,0.));
#711=DIRECTION('',(1.,0.,0.));
#712=DIRECTION('center_axis',(0.,1.,-1.38777878078144E-16));
#713=DIRECTION('ref_axis',(0.,1.38777878078144E-16,1.));
#714=DIRECTION('',(1.,0.,0.));
#715=DIRECTION('',(1.,0.,0.));
#716=DIRECTION('center_axis',(1.,0.,0.));
#717=DIRECTION('ref_axis',(0.,1.,0.));
#718=DIRECTION('',(-0.470838253284065,1.52221788323602E-16,0.882219552744333));
#719=DIRECTION('center_axis',(1.,0.,0.));
#720=DIRECTION('ref_axis',(0.,0.,-1.));
#721=DIRECTION('',(1.,0.,0.));
#722=DIRECTION('center_axis',(0.,0.,-1.));
#723=DIRECTION('ref_axis',(0.,1.,0.));
#724=DIRECTION('center_axis',(0.,0.,-1.));
#725=DIRECTION('ref_axis',(-1.,0.,0.));
#726=DIRECTION('',(0.,0.,1.));
#727=DIRECTION('center_axis',(0.,0.,1.));
#728=DIRECTION('ref_axis',(1.,9.96533856573895E-17,0.));
#729=DIRECTION('center_axis',(0.,0.,1.));
#730=DIRECTION('ref_axis',(1.,9.96533856573894E-17,0.));
#731=DIRECTION('center_axis',(2.22118065572125E-16,-1.,0.));
#732=DIRECTION('ref_axis',(-1.,-2.22118065572125E-16,0.));
#733=DIRECTION('center_axis',(0.,0.,1.));
#734=DIRECTION('ref_axis',(1.,0.,0.));
#735=DIRECTION('',(0.,0.,-1.));
#736=CARTESIAN_POINT('',(0.,0.,0.));
#737=CARTESIAN_POINT('Ctrl Pts',(-2.96116043710444,-0.481174464957847,0.00027897865968445));
#738=CARTESIAN_POINT('Ctrl Pts',(-2.96116043710443,-0.481174464957848,1.12382989809872));
#739=CARTESIAN_POINT('Ctrl Pts',(-3.02684553584214,-0.483944810560891,2.52676644223303));
#740=CARTESIAN_POINT('Ctrl Pts',(-3.20873501879561,-0.458266103846217,4.20331889062143));
#741=CARTESIAN_POINT('Ctrl Pts',(-3.3001936470172,-0.438089014284747,4.88753602311281));
#742=CARTESIAN_POINT('Ctrl Pts',(-3.37495542722333,-0.415144892767315,5.37518322586407));
#743=CARTESIAN_POINT('Ctrl Pts',(-3.40899219512291,-0.403019769970616,5.58499421575148));
#744=CARTESIAN_POINT('Ctrl Pts',(-3.43405214308675,-0.393339162090559,5.73506635897915));
#745=CARTESIAN_POINT('Ctrl Pts',(-3.4400057168224,-0.390869552881669,5.76979477317948));
#746=CARTESIAN_POINT('Ctrl Pts',(-3.44344553082408,-0.389453364504689,5.78993425696747));
#747=CARTESIAN_POINT('Ctrl Pts',(-2.96650682004841,-0.448272682323354,0.000278978659684408));
#748=CARTESIAN_POINT('Ctrl Pts',(-2.96648296011424,-0.448274749046097,1.12355574217064));
#749=CARTESIAN_POINT('Ctrl Pts',(-3.03208823224062,-0.45101832315653,2.52624488347773));
#750=CARTESIAN_POINT('Ctrl Pts',(-3.21325570614985,-0.425277041106492,4.2017103653252));
#751=CARTESIAN_POINT('Ctrl Pts',(-3.30426478937851,-0.405078387912653,4.88526202724579));
#752=CARTESIAN_POINT('Ctrl Pts',(-3.37855556669701,-0.382143851640624,5.37214505347094));
#753=CARTESIAN_POINT('Ctrl Pts',(-3.41235189515213,-0.37003660827204,5.58153446220538));
#754=CARTESIAN_POINT('Ctrl Pts',(-3.4372080833791,-0.360376595807549,5.7312355846473));
#755=CARTESIAN_POINT('Ctrl Pts',(-3.44311701009877,-0.35791418288276,5.76587623233373));
#756=CARTESIAN_POINT('Ctrl Pts',(-3.44652432249836,-0.356501924332868,5.78595496764142));
#757=CARTESIAN_POINT('Ctrl Pts',(-3.00182020495456,-0.377608847587096,0.000278978659684384));
#758=CARTESIAN_POINT('Ctrl Pts',(-3.0018210593158,-0.377601144897928,1.12228694089776));
#759=CARTESIAN_POINT('Ctrl Pts',(-3.06627084310387,-0.38065709717429,2.52338802319054));
#760=CARTESIAN_POINT('Ctrl Pts',(-3.24315999465676,-0.35568875183181,4.19581965624189));
#761=CARTESIAN_POINT('Ctrl Pts',(-3.33164465112044,-0.33593777453307,4.87777171490788));
#762=CARTESIAN_POINT('Ctrl Pts',(-3.4033833758706,-0.313507516296436,5.36304122629037));
#763=CARTESIAN_POINT('Ctrl Pts',(-3.43585406687717,-0.301676877786176,5.57156949564782));
#764=CARTESIAN_POINT('Ctrl Pts',(-3.45966732532732,-0.292249484477048,5.72057647555265));
#765=CARTESIAN_POINT('Ctrl Pts',(-3.46529998862179,-0.289848747296939,5.75502358755645));
#766=CARTESIAN_POINT('Ctrl Pts',(-3.46855749286799,-0.288471783928896,5.77500139805352));
#767=CARTESIAN_POINT('Ctrl Pts',(-3.07522787665865,-0.348424495133297,0.000278978659684537));
#768=CARTESIAN_POINT('Ctrl Pts',(-3.07530860954302,-0.348520571617375,1.11990037619583));
#769=CARTESIAN_POINT('Ctrl Pts',(-3.13800902456432,-0.349179760522076,2.5180325370493));
#770=CARTESIAN_POINT('Ctrl Pts',(-3.3081606728394,-0.317342791981675,4.18663443194848));
#771=CARTESIAN_POINT('Ctrl Pts',(-3.39250352865826,-0.293801749044533,4.86685889324034));
#772=CARTESIAN_POINT('Ctrl Pts',(-3.45976097161428,-0.267901049703807,5.3506076034136));
#773=CARTESIAN_POINT('Ctrl Pts',(-3.48983658864014,-0.254354725921243,5.55835830327136));
#774=CARTESIAN_POINT('Ctrl Pts',(-3.51171907919791,-0.243683654693283,5.70675620495504));
#775=CARTESIAN_POINT('Ctrl Pts',(-3.51683510947625,-0.240933646234746,5.74103279994698));
#776=CARTESIAN_POINT('Ctrl Pts',(-3.51981123819076,-0.239396150114027,5.76092386124144));
#777=CARTESIAN_POINT('Ctrl Pts',(-3.10846484955606,-0.34589176069643,0.000278978659684626));
#778=CARTESIAN_POINT('Ctrl Pts',(-3.10846484955605,-0.34589176069643,1.11881792220555));
#779=CARTESIAN_POINT('Ctrl Pts',(-3.17123544107199,-0.345341032201583,2.51567347030877));
#780=CARTESIAN_POINT('Ctrl Pts',(-3.34015598146446,-0.30881138809543,4.18244826651006));
#781=CARTESIAN_POINT('Ctrl Pts',(-3.42355275419542,-0.282579842026775,4.86182926210991));
#782=CARTESIAN_POINT('Ctrl Pts',(-3.48952035160981,-0.253990558420969,5.34480687570753));
#783=CARTESIAN_POINT('Ctrl Pts',(-3.51883285313473,-0.239110974714688,5.55217043435127));
#784=CARTESIAN_POINT('Ctrl Pts',(-3.54003329499499,-0.227329031930466,5.70023648433907));
#785=CARTESIAN_POINT('Ctrl Pts',(-3.54498165919199,-0.22434466224493,5.73443910394403));
#786=CARTESIAN_POINT('Ctrl Pts',(-3.54784514876555,-0.222632343703351,5.75427662394906));
#787=CARTESIAN_POINT('',(-3.54784514876555,-0.222632343703351,5.75427662394906));
#788=CARTESIAN_POINT('',(-3.44344553082408,-0.389453364504692,5.78993425696747));
#789=CARTESIAN_POINT('Ctrl Pts',(-3.54784514876555,-0.222632343703351,5.75427662394906));
#790=CARTESIAN_POINT('Ctrl Pts',(-3.51981123819076,-0.239396150114027,5.76092386124144));
#791=CARTESIAN_POINT('Ctrl Pts',(-3.46855749286799,-0.288471783928896,5.77500139805352));
#792=CARTESIAN_POINT('Ctrl Pts',(-3.44652432249836,-0.356501924332868,5.78595496764142));
#793=CARTESIAN_POINT('Ctrl Pts',(-3.44344553082408,-0.389453364504689,5.78993425696747));
#794=CARTESIAN_POINT('',(-2.96116043710444,-0.481174464957848,3.74612518197655E-14));
#795=CARTESIAN_POINT('Ctrl Pts',(-3.44344553082408,-0.389453364504689,5.78993425696747));
#796=CARTESIAN_POINT('Ctrl Pts',(-3.4400057168224,-0.390869552881669,5.76979477317948));
#797=CARTESIAN_POINT('Ctrl Pts',(-3.43405214308675,-0.393339162090559,5.73506635897915));
#798=CARTESIAN_POINT('Ctrl Pts',(-3.40899219512291,-0.403019769970616,5.58499421575148));
#799=CARTESIAN_POINT('Ctrl Pts',(-3.37495542722333,-0.415144892767315,5.37518322586407));
#800=CARTESIAN_POINT('Ctrl Pts',(-3.3001936470172,-0.438089014284747,4.88753602311281));
#801=CARTESIAN_POINT('Ctrl Pts',(-3.20873501879561,-0.458266103846217,4.20331889062143));
#802=CARTESIAN_POINT('Ctrl Pts',(-3.02684553584214,-0.483944810560891,2.52676644223303));
#803=CARTESIAN_POINT('Ctrl Pts',(-2.96116043710443,-0.481174464957848,1.12382989809872));
#804=CARTESIAN_POINT('Ctrl Pts',(-2.96116043710444,-0.481174464957847,0.00027897865968445));
#805=CARTESIAN_POINT('',(-3.10846484955606,-0.34589176069643,2.45664457472396E-14));
#806=CARTESIAN_POINT('Ctrl Pts',(-2.96116043710444,-0.481174464957847,-1.27314331593011E-15));
#807=CARTESIAN_POINT('Ctrl Pts',(-2.97363461361844,-0.404408051382748,-1.2233602949921E-15));
#808=CARTESIAN_POINT('Ctrl Pts',(-3.03091637032101,-0.351801134708663,-1.16000604556317E-15));
#809=CARTESIAN_POINT('Ctrl Pts',(-3.10846484955606,-0.34589176069643,-1.11022302462516E-15));
#810=CARTESIAN_POINT('Ctrl Pts',(-3.10846484955606,-0.34589176069643,0.000278978659684626));
#811=CARTESIAN_POINT('Ctrl Pts',(-3.10846484955605,-0.34589176069643,1.11881792220555));
#812=CARTESIAN_POINT('Ctrl Pts',(-3.17123544107199,-0.345341032201583,2.51567347030877));
#813=CARTESIAN_POINT('Ctrl Pts',(-3.34015598146446,-0.30881138809543,4.18244826651006));
#814=CARTESIAN_POINT('Ctrl Pts',(-3.42355275419542,-0.282579842026775,4.86182926210991));
#815=CARTESIAN_POINT('Ctrl Pts',(-3.48952035160981,-0.253990558420969,5.34480687570753));
#816=CARTESIAN_POINT('Ctrl Pts',(-3.51883285313473,-0.239110974714688,5.55217043435127));
#817=CARTESIAN_POINT('Ctrl Pts',(-3.54003329499499,-0.227329031930466,5.70023648433907));
#818=CARTESIAN_POINT('Ctrl Pts',(-3.54498165919199,-0.22434466224493,5.73443910394403));
#819=CARTESIAN_POINT('Ctrl Pts',(-3.54784514876555,-0.222632343703351,5.75427662394906));
#820=CARTESIAN_POINT('Ctrl Pts',(-3.44344553082406,-0.389453364504697,5.78993425696737));
#821=CARTESIAN_POINT('Ctrl Pts',(-3.44577507154102,-0.3887286023525,5.80373603360867));
#822=CARTESIAN_POINT('Ctrl Pts',(-3.44977214040056,-0.387496501503979,5.8186132705071));
#823=CARTESIAN_POINT('Ctrl Pts',(-3.45959268568678,-0.384497180612765,5.84697395054018));
#824=CARTESIAN_POINT('Ctrl Pts',(-3.47332109832542,-0.380348240572883,5.87412674881839));
#825=CARTESIAN_POINT('Ctrl Pts',(-3.4941341722655,-0.373980800427785,5.90409905234437));
#826=CARTESIAN_POINT('Ctrl Pts',(-3.53725609849349,-0.360366758228973,5.94998063384574));
#827=CARTESIAN_POINT('Ctrl Pts',(-3.61222059935051,-0.333598105645969,5.99189592652538));
#828=CARTESIAN_POINT('Ctrl Pts',(-3.67084013641628,-0.305057445514326,6.));
#829=CARTESIAN_POINT('Ctrl Pts',(-3.70105361208658,-0.287314237974968,6.));
#830=CARTESIAN_POINT('Ctrl Pts',(-3.44520484035223,-0.370623970120799,5.78766037735249));
#831=CARTESIAN_POINT('Ctrl Pts',(-3.44726509955484,-0.369965876856227,5.80073227377353));
#832=CARTESIAN_POINT('Ctrl Pts',(-3.45081976964476,-0.368840648129426,5.81485896877312));
#833=CARTESIAN_POINT('Ctrl Pts',(-3.45961839671331,-0.366084926532305,5.84199292779237));
#834=CARTESIAN_POINT('Ctrl Pts',(-3.47202570278543,-0.362239215533618,5.86826866666204));
#835=CARTESIAN_POINT('Ctrl Pts',(-3.49111976998782,-0.356262393574245,5.8976976427355));
#836=CARTESIAN_POINT('Ctrl Pts',(-3.53111120957276,-0.343361875302344,5.94357026651175));
#837=CARTESIAN_POINT('Ctrl Pts',(-3.60225893532763,-0.317616426943701,5.98766047453112));
#838=CARTESIAN_POINT('Ctrl Pts',(-3.65928096234489,-0.289908655298018,5.99846776824544));
#839=CARTESIAN_POINT('Ctrl Pts',(-3.6888789189741,-0.272665393686084,6.));
#840=CARTESIAN_POINT('Ctrl Pts',(-3.45264971358478,-0.337124058404403,5.78286122875404));
#841=CARTESIAN_POINT('Ctrl Pts',(-3.45423160380125,-0.336563329153374,5.79428435085203));
#842=CARTESIAN_POINT('Ctrl Pts',(-3.45698188574392,-0.335599960413908,5.80684971238806));
#843=CARTESIAN_POINT('Ctrl Pts',(-3.46387787162832,-0.333207006704033,5.83113152929124));
#844=CARTESIAN_POINT('Ctrl Pts',(-3.47383554868173,-0.329799006440386,5.85523331924236));
#845=CARTESIAN_POINT('Ctrl Pts',(-3.48954810272113,-0.324374636326128,5.88292334538873));
#846=CARTESIAN_POINT('Ctrl Pts',(-3.52334250381474,-0.312427496849126,5.92737105325925));
#847=CARTESIAN_POINT('Ctrl Pts',(-3.5859298861024,-0.287958193315168,5.97373390690518));
#848=CARTESIAN_POINT('Ctrl Pts',(-3.63813335646759,-0.261284003607139,5.98880081460358));
#849=CARTESIAN_POINT('Ctrl Pts',(-3.66560977449895,-0.244667474477569,5.99295277073605));
#850=CARTESIAN_POINT('Ctrl Pts',(-3.47678035656481,-0.287898329552325,5.77350530799615));
#851=CARTESIAN_POINT('Ctrl Pts',(-3.47762654505648,-0.287517025550081,5.78179595992301));
#852=CARTESIAN_POINT('Ctrl Pts',(-3.47914554776466,-0.28684292222406,5.79107493988338));
#853=CARTESIAN_POINT('Ctrl Pts',(-3.48312954893387,-0.285102409873915,5.80946663401733));
#854=CARTESIAN_POINT('Ctrl Pts',(-3.48920671514731,-0.282484676098234,5.82849166920607));
#855=CARTESIAN_POINT('Ctrl Pts',(-3.49950696268324,-0.278047923389421,5.85133919789621));
#856=CARTESIAN_POINT('Ctrl Pts',(-3.52279534085519,-0.267808810752411,5.88971478621333));
#857=CARTESIAN_POINT('Ctrl Pts',(-3.5695702803465,-0.245553081156604,5.93382435110647));
#858=CARTESIAN_POINT('Ctrl Pts',(-3.61088376727369,-0.220609592147404,5.95141929374474));
#859=CARTESIAN_POINT('Ctrl Pts',(-3.63269551830218,-0.20506435598776,5.95752949453863));
#860=CARTESIAN_POINT('Ctrl Pts',(-3.50878427166115,-0.249725487350077,5.7639286476674));
#861=CARTESIAN_POINT('Ctrl Pts',(-3.5090196328872,-0.249577624466099,5.76896904665582));
#862=CARTESIAN_POINT('Ctrl Pts',(-3.50950744206875,-0.249285653826115,5.774838737787));
#863=CARTESIAN_POINT('Ctrl Pts',(-3.51103099339631,-0.248417974446986,5.78696597049291));
#864=CARTESIAN_POINT('Ctrl Pts',(-3.51381789608538,-0.246892062793776,5.80038926669789));
#865=CARTESIAN_POINT('Ctrl Pts',(-3.51943278229993,-0.243878535112985,5.81753801192419));
#866=CARTESIAN_POINT('Ctrl Pts',(-3.53356317146991,-0.236238704044639,5.84789099993292));
#867=CARTESIAN_POINT('Ctrl Pts',(-3.56607561708874,-0.217734991463041,5.886008982725));
#868=CARTESIAN_POINT('Ctrl Pts',(-3.59724261976269,-0.195982971967426,5.90257511543742));
#869=CARTESIAN_POINT('Ctrl Pts',(-3.61386027953018,-0.182401404456604,5.90847700818558));
#870=CARTESIAN_POINT('Ctrl Pts',(-3.53583061566206,-0.229816832165073,5.75712543993146));
#871=CARTESIAN_POINT('Ctrl Pts',(-3.5356753548943,-0.2298986685039,5.75981964039539));
#872=CARTESIAN_POINT('Ctrl Pts',(-3.53550332467213,-0.229987930480022,5.76329775963669));
#873=CARTESIAN_POINT('Ctrl Pts',(-3.53544543335022,-0.229999559194923,5.77092475108714));
#874=CARTESIAN_POINT('Ctrl Pts',(-3.53613721176815,-0.229586216472769,5.78036043856451));
#875=CARTESIAN_POINT('Ctrl Pts',(-3.53876156434531,-0.228059905941631,5.79339389176576));
#876=CARTESIAN_POINT('Ctrl Pts',(-3.54714855499803,-0.223169451560143,5.81793190454755));
#877=CARTESIAN_POINT('Ctrl Pts',(-3.57095412435573,-0.208729769007866,5.85155772507991));
#878=CARTESIAN_POINT('Ctrl Pts',(-3.596555477796,-0.190272287294574,5.86719146280376));
#879=CARTESIAN_POINT('Ctrl Pts',(-3.61066112747018,-0.178552118076206,5.87286435804841));
#880=CARTESIAN_POINT('Ctrl Pts',(-3.54784514876554,-0.222632343703354,5.75427662394901));
#881=CARTESIAN_POINT('Ctrl Pts',(-3.54752383003592,-0.22282448689241,5.75602746613192));
#882=CARTESIAN_POINT('Ctrl Pts',(-3.54707395939573,-0.223092815353459,5.75847089555712));
#883=CARTESIAN_POINT('Ctrl Pts',(-3.54636177665491,-0.223516569650428,5.76425879901665));
#884=CARTESIAN_POINT('Ctrl Pts',(-3.54617285606232,-0.223628421452213,5.77202629057991));
#885=CARTESIAN_POINT('Ctrl Pts',(-3.54758049703984,-0.222792182625246,5.78338220017196));
#886=CARTESIAN_POINT('Ctrl Pts',(-3.55359317228014,-0.219186005478229,5.80557686574695));
#887=CARTESIAN_POINT('Ctrl Pts',(-3.57393606103909,-0.206586213825368,5.83749607761304));
#888=CARTESIAN_POINT('Ctrl Pts',(-3.59747610116598,-0.189510228202032,5.85291272250249));
#889=CARTESIAN_POINT('Ctrl Pts',(-3.61066112747017,-0.178552118076206,5.85857864376269));
#890=CARTESIAN_POINT('',(-3.61066112747017,-0.178552118076206,5.85857864376269));
#891=CARTESIAN_POINT('',(-3.70105361208658,-0.287314237974967,6.));
#892=CARTESIAN_POINT('Ctrl Pts',(-3.61066112747017,-0.178552118076206,5.85857864376269));
#893=CARTESIAN_POINT('Ctrl Pts',(-3.61066112747018,-0.178552118076206,5.87286435804841));
#894=CARTESIAN_POINT('Ctrl Pts',(-3.61386027953018,-0.182401404456604,5.90847700818558));
#895=CARTESIAN_POINT('Ctrl Pts',(-3.63269551830218,-0.20506435598776,5.95752949453863));
#896=CARTESIAN_POINT('Ctrl Pts',(-3.66560977449895,-0.244667474477569,5.99295277073605));
#897=CARTESIAN_POINT('Ctrl Pts',(-3.6888789189741,-0.272665393686084,6.));
#898=CARTESIAN_POINT('Ctrl Pts',(-3.70105361208658,-0.287314237974968,6.));
#899=CARTESIAN_POINT('Ctrl Pts',(-3.70105361208658,-0.287314237974968,6.));
#900=CARTESIAN_POINT('Ctrl Pts',(-3.67084013641628,-0.305057445514326,6.));
#901=CARTESIAN_POINT('Ctrl Pts',(-3.61222059935051,-0.333598105645969,5.99189592652538));
#902=CARTESIAN_POINT('Ctrl Pts',(-3.53725609849349,-0.360366758228973,5.94998063384574));
#903=CARTESIAN_POINT('Ctrl Pts',(-3.4941341722655,-0.373980800427785,5.90409905234437));
#904=CARTESIAN_POINT('Ctrl Pts',(-3.47332109832542,-0.380348240572883,5.87412674881839));
#905=CARTESIAN_POINT('Ctrl Pts',(-3.45959268568678,-0.384497180612765,5.84697395054018));
#906=CARTESIAN_POINT('Ctrl Pts',(-3.44977214040056,-0.387496501503979,5.8186132705071));
#907=CARTESIAN_POINT('Ctrl Pts',(-3.44577507154102,-0.3887286023525,5.80373603360867));
#908=CARTESIAN_POINT('Ctrl Pts',(-3.44344553082406,-0.389453364504697,5.78993425696737));
#909=CARTESIAN_POINT('Ctrl Pts',(-3.54784514876554,-0.222632343703354,5.75427662394901));
#910=CARTESIAN_POINT('Ctrl Pts',(-3.54752383003592,-0.22282448689241,5.75602746613192));
#911=CARTESIAN_POINT('Ctrl Pts',(-3.54707395939573,-0.223092815353459,5.75847089555712));
#912=CARTESIAN_POINT('Ctrl Pts',(-3.54636177665491,-0.223516569650428,5.76425879901665));
#913=CARTESIAN_POINT('Ctrl Pts',(-3.54617285606232,-0.223628421452213,5.77202629057991));
#914=CARTESIAN_POINT('Ctrl Pts',(-3.54758049703984,-0.222792182625246,5.78338220017196));
#915=CARTESIAN_POINT('Ctrl Pts',(-3.55359317228014,-0.219186005478229,5.80557686574695));
#916=CARTESIAN_POINT('Ctrl Pts',(-3.57393606103909,-0.206586213825368,5.83749607761304));
#917=CARTESIAN_POINT('Ctrl Pts',(-3.59747610116598,-0.189510228202032,5.85291272250249));
#918=CARTESIAN_POINT('Ctrl Pts',(-3.61066112747017,-0.178552118076206,5.85857864376269));
#919=CARTESIAN_POINT('Ctrl Pts',(-3.70105361208658,-0.287314237974968,6.));
#920=CARTESIAN_POINT('Ctrl Pts',(-3.75238865352652,-0.24464954968127,6.));
#921=CARTESIAN_POINT('Ctrl Pts',(-3.83612054522907,-0.146899382541892,6.));
#922=CARTESIAN_POINT('Ctrl Pts',(-3.86649494596935,0.0339538175899348,6.));
#923=CARTESIAN_POINT('Ctrl Pts',(-3.80502034960094,0.185155995448136,6.));
#924=CARTESIAN_POINT('Ctrl Pts',(-3.7396525379655,0.255234568904821,6.));
#925=CARTESIAN_POINT('Ctrl Pts',(-3.70105361208656,0.287314237974984,6.));
#926=CARTESIAN_POINT('Ctrl Pts',(-3.68887891897409,-0.272665393686084,6.));
#927=CARTESIAN_POINT('Ctrl Pts',(-3.73847879486792,-0.231442806052801,6.));
#928=CARTESIAN_POINT('Ctrl Pts',(-3.81819175231473,-0.137784730655383,6.));
#929=CARTESIAN_POINT('Ctrl Pts',(-3.8465096805,0.0317289241590939,6.));
#930=CARTESIAN_POINT('Ctrl Pts',(-3.78877877726222,0.174347694144541,6.));
#931=CARTESIAN_POINT('Ctrl Pts',(-3.72617317022096,0.241670043142619,6.));
#932=CARTESIAN_POINT('Ctrl Pts',(-3.68887891897408,0.2726653936861,6.));
#933=CARTESIAN_POINT('Ctrl Pts',(-3.66560977208249,-0.244667471570035,5.99295276794836));
#934=CARTESIAN_POINT('Ctrl Pts',(-3.71187515067449,-0.206216193436235,5.99295276794836));
#935=CARTESIAN_POINT('Ctrl Pts',(-3.78386590781091,-0.120345462373773,5.99295276794836));
#936=CARTESIAN_POINT('Ctrl Pts',(-3.80823156797783,0.0274868701302221,5.99295276794836));
#937=CARTESIAN_POINT('Ctrl Pts',(-3.75769517864953,0.153639839935213,5.99295276794836));
#938=CARTESIAN_POINT('Ctrl Pts',(-3.70039680777861,0.215755874481474,5.99295276794836));
#939=CARTESIAN_POINT('Ctrl Pts',(-3.66560977208248,0.24466747157005,5.99295276794836));
#940=CARTESIAN_POINT('Ctrl Pts',(-3.63269551682065,-0.205064354205157,5.95752949426185));
#941=CARTESIAN_POINT('Ctrl Pts',(-3.67426296472534,-0.170517538652411,5.95752949426185));
#942=CARTESIAN_POINT('Ctrl Pts',(-3.73537292916514,-0.0956968906546867,
5.95752949426185));
#943=CARTESIAN_POINT('Ctrl Pts',(-3.75417060738645,0.0214758136395493,5.95752949426185));
#944=CARTESIAN_POINT('Ctrl Pts',(-3.71377027673889,0.124400449917614,5.95752949426185));
#945=CARTESIAN_POINT('Ctrl Pts',(-3.6639501685292,0.17908853076235,5.95752949426185));
#946=CARTESIAN_POINT('Ctrl Pts',(-3.63269551682064,0.20506435420517,5.95752949426185));
#947=CARTESIAN_POINT('Ctrl Pts',(-3.61386027595688,-0.182401400157141,5.90847701018688));
#948=CARTESIAN_POINT('Ctrl Pts',(-3.65272531714527,-0.150100561951638,5.90847701018688));
#949=CARTESIAN_POINT('Ctrl Pts',(-3.70757709971496,-0.0815772558504987,
5.90847701018689));
#950=CARTESIAN_POINT('Ctrl Pts',(-3.72317164978287,0.0180439532603489,5.90847701018688));
#951=CARTESIAN_POINT('Ctrl Pts',(-3.68860206912486,0.107629318617115,5.90847701018689));
#952=CARTESIAN_POINT('Ctrl Pts',(-3.64308298235846,0.158114331816507,5.90847701018688));
#953=CARTESIAN_POINT('Ctrl Pts',(-3.61386027595687,0.182401400157154,5.90847701018688));
#954=CARTESIAN_POINT('Ctrl Pts',(-3.61066112747017,-0.178552118076206,5.87286435804841));
#955=CARTESIAN_POINT('Ctrl Pts',(-3.64908597519874,-0.1466171258158,5.87286435804841));
#956=CARTESIAN_POINT('Ctrl Pts',(-3.70291727930142,-0.0791984452810752,
5.87286435804841));
#957=CARTESIAN_POINT('Ctrl Pts',(-3.71799039276543,0.0174503437796314,5.87286435804841));
#958=CARTESIAN_POINT('Ctrl Pts',(-3.6843703787816,0.104832905557483,5.87286435804841));
#959=CARTESIAN_POINT('Ctrl Pts',(-3.63955285148133,0.154540130072936,5.87286435804841));
#960=CARTESIAN_POINT('Ctrl Pts',(-3.61066112747016,0.178552118076218,5.87286435804841));
#961=CARTESIAN_POINT('Ctrl Pts',(-3.61066112747017,-0.178552118076206,5.85857864376269));
#962=CARTESIAN_POINT('Ctrl Pts',(-3.64907389249792,-0.146627167780311,5.85857864376269));
#963=CARTESIAN_POINT('Ctrl Pts',(-3.70287791394144,-0.0791859844013814,
5.85857864376269));
#964=CARTESIAN_POINT('Ctrl Pts',(-3.71793650094858,0.0174572249098654,5.85857864376269));
#965=CARTESIAN_POINT('Ctrl Pts',(-3.68434268576864,0.104799404010289,5.85857864376269));
#966=CARTESIAN_POINT('Ctrl Pts',(-3.63954376647311,0.154547680647222,5.85857864376269));
#967=CARTESIAN_POINT('Ctrl Pts',(-3.61066112747016,0.178552118076218,5.85857864376269));
#968=CARTESIAN_POINT('',(-3.61066112747016,0.178552118076218,5.85857864376269));
#969=CARTESIAN_POINT('',(-3.70105361208657,0.287314237974987,6.));
#970=CARTESIAN_POINT('Ctrl Pts',(-3.61066112747016,0.178552118076218,5.85857864376269));
#971=CARTESIAN_POINT('Ctrl Pts',(-3.61066112747016,0.178552118076218,5.87286435804841));
#972=CARTESIAN_POINT('Ctrl Pts',(-3.61386027595687,0.182401400157154,5.90847701018688));
#973=CARTESIAN_POINT('Ctrl Pts',(-3.63269551682064,0.20506435420517,5.95752949426185));
#974=CARTESIAN_POINT('Ctrl Pts',(-3.66560977208248,0.24466747157005,5.99295276794836));
#975=CARTESIAN_POINT('Ctrl Pts',(-3.68887891897408,0.2726653936861,6.));
#976=CARTESIAN_POINT('Ctrl Pts',(-3.70105361208656,0.287314237974984,6.));
#977=CARTESIAN_POINT('Ctrl Pts',(-3.70105361208656,0.287314237974984,6.));
#978=CARTESIAN_POINT('Ctrl Pts',(-3.7396525379655,0.255234568904821,6.));
#979=CARTESIAN_POINT('Ctrl Pts',(-3.80502034960094,0.185155995448136,6.));
#980=CARTESIAN_POINT('Ctrl Pts',(-3.86649494596935,0.0339538175899348,6.));
#981=CARTESIAN_POINT('Ctrl Pts',(-3.83612054522907,-0.146899382541892,6.));
#982=CARTESIAN_POINT('Ctrl Pts',(-3.75238865352652,-0.24464954968127,6.));
#983=CARTESIAN_POINT('Ctrl Pts',(-3.70105361208658,-0.287314237974968,6.));
#984=CARTESIAN_POINT('Ctrl Pts',(-3.61066112747017,-0.178552118076206,5.85857864376269));
#985=CARTESIAN_POINT('Ctrl Pts',(-3.64907389249792,-0.146627167780311,5.85857864376269));
#986=CARTESIAN_POINT('Ctrl Pts',(-3.70287791394144,-0.0791859844013814,
5.85857864376269));
#987=CARTESIAN_POINT('Ctrl Pts',(-3.71793650094858,0.0174572249098654,5.85857864376269));
#988=CARTESIAN_POINT('Ctrl Pts',(-3.68434268576864,0.104799404010289,5.85857864376269));
#989=CARTESIAN_POINT('Ctrl Pts',(-3.63954376647311,0.154547680647222,5.85857864376269));
#990=CARTESIAN_POINT('Ctrl Pts',(-3.61066112747016,0.178552118076218,5.85857864376269));
#991=CARTESIAN_POINT('Ctrl Pts',(-3.44344553082408,0.38945336450469,5.78993425696747));
#992=CARTESIAN_POINT('Ctrl Pts',(-3.4330371862864,0.39373853124646,5.72899529748474));
#993=CARTESIAN_POINT('Ctrl Pts',(-3.41328185501689,0.401446503392494,5.61119886862806));
#994=CARTESIAN_POINT('Ctrl Pts',(-3.37313401937199,0.415873837465994,5.36439413315399));
#995=CARTESIAN_POINT('Ctrl Pts',(-3.3011604929761,0.437799656572097,4.89400675677488));
#996=CARTESIAN_POINT('Ctrl Pts',(-3.20841459588375,0.458506646788003,4.20245566006012));
#997=CARTESIAN_POINT('Ctrl Pts',(-3.02723034892693,0.483844335267153,2.53063288282626));
#998=CARTESIAN_POINT('Ctrl Pts',(-2.96115161613475,0.481174621378612,1.12303156788428));
#999=CARTESIAN_POINT('Ctrl Pts',(-2.96116043820512,0.48117446493833,-1.25005418475074E-6));
#1000=CARTESIAN_POINT('Ctrl Pts',(-3.44652432249837,0.35650192433287,5.78595496764142));
#1001=CARTESIAN_POINT('Ctrl Pts',(-3.43618940593926,0.360776621061599,5.72515706041771));
#1002=CARTESIAN_POINT('Ctrl Pts',(-3.41660736702713,0.36846594406264,5.60767898972756));
#1003=CARTESIAN_POINT('Ctrl Pts',(-3.37673889606228,0.382872482258821,5.36136419439233));
#1004=CARTESIAN_POINT('Ctrl Pts',(-3.30522473863372,0.404789234923523,4.89172138641346));
#1005=CARTESIAN_POINT('Ctrl Pts',(-3.21293526667844,0.425517340556623,4.2008475639785));
#1006=CARTESIAN_POINT('Ctrl Pts',(-3.03247063898495,0.450917969572936,2.53010696834717));
#1007=CARTESIAN_POINT('Ctrl Pts',(-2.96647625787834,0.448274764739474,1.12276096937863));
#1008=CARTESIAN_POINT('Ctrl Pts',(-2.96650682114646,0.448272682303467,-1.18776631786723E-6));
#1009=CARTESIAN_POINT('Ctrl Pts',(-3.46855749286799,0.288471783928898,5.77500139805353));
#1010=CARTESIAN_POINT('Ctrl Pts',(-3.45870577444939,0.292635811933523,5.7145509123099));
#1011=CARTESIAN_POINT('Ctrl Pts',(-3.43994119436731,0.3001431116437,5.59760445762953));
#1012=CARTESIAN_POINT('Ctrl Pts',(-3.40165721864407,0.314214884213513,5.35233387048965));
#1013=CARTESIAN_POINT('Ctrl Pts',(-3.33257260653627,0.33565526144545,4.88421073633171));
#1014=CARTESIAN_POINT('Ctrl Pts',(-3.24286797582036,0.355921331180696,4.19498251913839));
#1015=CARTESIAN_POINT('Ctrl Pts',(-3.06663968359194,0.380560184351565,2.52723884515618));
#1016=CARTESIAN_POINT('Ctrl Pts',(-3.00181202958811,0.377601469817948,1.12148973776012));
#1017=CARTESIAN_POINT('Ctrl Pts',(-3.00182020603102,0.377608847572431,-8.64983394171438E-7));
#1018=CARTESIAN_POINT('Ctrl Pts',(-3.51981123819076,0.239396150114029,5.76092386124144));
#1019=CARTESIAN_POINT('Ctrl Pts',(-3.51088108939454,0.244187599792855,5.70077708491292));
#1020=CARTESIAN_POINT('Ctrl Pts',(-3.49361532858794,0.252619465151603,5.58429627111439));
#1021=CARTESIAN_POINT('Ctrl Pts',(-3.45821909559539,0.268758645700644,5.33996419402509));
#1022=CARTESIAN_POINT('Ctrl Pts',(-3.39337524179978,0.293479718463175,4.87327855944325));
#1023=CARTESIAN_POINT('Ctrl Pts',(-3.30793327256769,0.317623307630463,4.18581709679352));
#1024=CARTESIAN_POINT('Ctrl Pts',(-3.13835198322578,0.349065413978414,2.52187113851806));
#1025=CARTESIAN_POINT('Ctrl Pts',(-3.07529379589023,0.34850931260562,1.11910273790265));
#1026=CARTESIAN_POINT('Ctrl Pts',(-3.07522787770206,0.348424495078663,-2.65138064734177E-7));
#1027=CARTESIAN_POINT('Ctrl Pts',(-3.54784514876555,0.222632343703353,5.75427662394906));
#1028=CARTESIAN_POINT('Ctrl Pts',(-3.5391806727075,0.227813554469491,5.69425136011656));
#1029=CARTESIAN_POINT('Ctrl Pts',(-3.52250304068415,0.237186442775051,5.5780530386907));
#1030=CARTESIAN_POINT('Ctrl Pts',(-3.48799297937786,0.254874500780102,5.33417133018276));
#1031=CARTESIAN_POINT('Ctrl Pts',(-3.42440533328483,0.282218632658445,4.86823732266372));
#1032=CARTESIAN_POINT('Ctrl Pts',(-3.33993067682435,0.309090619066348,4.18162994686452));
#1033=CARTESIAN_POINT('Ctrl Pts',(-3.17157142301076,0.345212178355254,2.51950655014098));
#1034=CARTESIAN_POINT('Ctrl Pts',(-3.10845651099914,0.345892396113817,1.11802315320448));
#1035=CARTESIAN_POINT('Ctrl Pts',(-3.10846485059654,0.345891760617143,8.88178419700125E-15));
#1036=CARTESIAN_POINT('',(-3.44344553082407,0.389453364504694,5.78993425696742));
#1037=CARTESIAN_POINT('',(-3.54784514876555,0.222632343703353,5.75427662394906));
#1038=CARTESIAN_POINT('Ctrl Pts',(-3.44344553082408,0.38945336450469,5.78993425696747));
#1039=CARTESIAN_POINT('Ctrl Pts',(-3.44652432249837,0.35650192433287,5.78595496764142));
#1040=CARTESIAN_POINT('Ctrl Pts',(-3.46855749286799,0.288471783928898,5.77500139805353));
#1041=CARTESIAN_POINT('Ctrl Pts',(-3.51981123819076,0.239396150114029,5.76092386124144));
#1042=CARTESIAN_POINT('Ctrl Pts',(-3.54784514876555,0.222632343703353,5.75427662394906));
#1043=CARTESIAN_POINT('',(-3.10846484955606,0.34589176069643,0.000139489329914477));
#1044=CARTESIAN_POINT('Ctrl Pts',(-3.54784514876555,0.222632343703353,5.75427662394906));
#1045=CARTESIAN_POINT('Ctrl Pts',(-3.5391806727075,0.227813554469491,5.69425136011656));
#1046=CARTESIAN_POINT('Ctrl Pts',(-3.52250304068415,0.237186442775051,5.5780530386907));
#1047=CARTESIAN_POINT('Ctrl Pts',(-3.48799297937786,0.254874500780102,5.33417133018276));
#1048=CARTESIAN_POINT('Ctrl Pts',(-3.42440533328483,0.282218632658445,4.86823732266372));
#1049=CARTESIAN_POINT('Ctrl Pts',(-3.33993067682435,0.309090619066348,4.18162994686452));
#1050=CARTESIAN_POINT('Ctrl Pts',(-3.17158075866031,0.345210175387131,2.51959871615612));
#1051=CARTESIAN_POINT('Ctrl Pts',(-3.10846491078937,0.34589230545892,1.1182096651181));
#1052=CARTESIAN_POINT('Ctrl Pts',(-3.1084648495637,0.345891760764399,0.000278978645592178));
#1053=CARTESIAN_POINT('',(-2.96116043710444,0.481174464957847,-2.57230184147385E-14));
#1054=CARTESIAN_POINT('Ctrl Pts',(-3.10846484955606,0.34589176069643,3.33066907387547E-15));
#1055=CARTESIAN_POINT('Ctrl Pts',(-3.03091637032101,0.351801134708663,3.20470993043445E-15));
#1056=CARTESIAN_POINT('Ctrl Pts',(-2.97363461361844,0.404408051382748,3.04441337066255E-15));
#1057=CARTESIAN_POINT('Ctrl Pts',(-2.96116043710444,0.481174464957847,2.91845422722152E-15));
#1058=CARTESIAN_POINT('Ctrl Pts',(-2.9611604371011,0.48117446502168,0.000278978642861375));
#1059=CARTESIAN_POINT('Ctrl Pts',(-2.9611604103899,0.481174976563733,1.12321889399037));
#1060=CARTESIAN_POINT('Ctrl Pts',(-3.02724039573217,0.483842930272924,2.53072558667948));
#1061=CARTESIAN_POINT('Ctrl Pts',(-3.20841459588375,0.458506646788003,4.20245566006012));
#1062=CARTESIAN_POINT('Ctrl Pts',(-3.3011604929761,0.437799656572097,4.89400675677488));
#1063=CARTESIAN_POINT('Ctrl Pts',(-3.37313401937199,0.415873837465994,5.36439413315399));
#1064=CARTESIAN_POINT('Ctrl Pts',(-3.41328185501689,0.401446503392494,5.61119886862806));
#1065=CARTESIAN_POINT('Ctrl Pts',(-3.4330371862864,0.39373853124646,5.72899529748474));
#1066=CARTESIAN_POINT('Ctrl Pts',(-3.44344553082408,0.38945336450469,5.78993425696747));
#1067=CARTESIAN_POINT('Ctrl Pts',(-3.70105361208656,0.287314237974984,6.));
#1068=CARTESIAN_POINT('Ctrl Pts',(-3.680571921947,0.299342343674192,6.));
#1069=CARTESIAN_POINT('Ctrl Pts',(-3.62823990991529,0.326412281560435,5.99443875213541));
#1070=CARTESIAN_POINT('Ctrl Pts',(-3.56488228489881,0.350807251532713,5.9686489071858));
#1071=CARTESIAN_POINT('Ctrl Pts',(-3.51664023241899,0.366855470936051,5.92807662183683));
#1072=CARTESIAN_POINT('Ctrl Pts',(-3.49856229688211,0.372593948916289,5.90928480839891));
#1073=CARTESIAN_POINT('Ctrl Pts',(-3.47714247455113,0.379190461580498,5.88008803105428));
#1074=CARTESIAN_POINT('Ctrl Pts',(-3.46331306537424,0.383366567498236,5.85624860513571));
#1075=CARTESIAN_POINT('Ctrl Pts',(-3.45076093726075,0.387192547235386,5.82209946142111));
#1076=CARTESIAN_POINT('Ctrl Pts',(-3.44610954373341,0.388624542018103,5.80571767336208));
#1077=CARTESIAN_POINT('Ctrl Pts',(-3.44344553082409,0.389453364504691,5.78993425696754));
#1078=CARTESIAN_POINT('Ctrl Pts',(-3.68887891897407,0.2726653936861,6.));
#1079=CARTESIAN_POINT('Ctrl Pts',(-3.66880626870071,0.284356092210426,5.99895179220832));
#1080=CARTESIAN_POINT('Ctrl Pts',(-3.61780824455172,0.310642158197725,5.99095523289249));
#1081=CARTESIAN_POINT('Ctrl Pts',(-3.55718963753581,0.334194890081963,5.96288635855554));
#1082=CARTESIAN_POINT('Ctrl Pts',(-3.51200050247786,0.349509647495146,5.92165864046548));
#1083=CARTESIAN_POINT('Ctrl Pts',(-3.49520561226919,0.354952146395243,5.90287090788786));
#1084=CARTESIAN_POINT('Ctrl Pts',(-3.4755201846607,0.361156137565614,5.87409413700435));
#1085=CARTESIAN_POINT('Ctrl Pts',(-3.46295540668224,0.365043559942433,5.85092390072503));
#1086=CARTESIAN_POINT('Ctrl Pts',(-3.45170227165373,0.36856276508917,5.81817002465507));
#1087=CARTESIAN_POINT('Ctrl Pts',(-3.44755598790159,0.369872202353848,5.80262026185576));
#1088=CARTESIAN_POINT('Ctrl Pts',(-3.44520484035225,0.370623970120794,5.78766037735265));
#1089=CARTESIAN_POINT('Ctrl Pts',(-3.66560977449893,0.244667474477584,5.99295277073604));
#1090=CARTESIAN_POINT('Ctrl Pts',(-3.64698822178512,0.255929933328902,5.99015144630763));
#1091=CARTESIAN_POINT('Ctrl Pts',(-3.6001379801145,0.281237779223429,5.97817711068489));
#1092=CARTESIAN_POINT('Ctrl Pts',(-3.54607379832212,0.303760744662828,5.94708820672309));
#1093=CARTESIAN_POINT('Ctrl Pts',(-3.50719428128085,0.318119398817287,5.90614064164732));
#1094=CARTESIAN_POINT('Ctrl Pts',(-3.49300527732915,0.32316323052219,5.88785524213148));
#1095=CARTESIAN_POINT('Ctrl Pts',(-3.47668198192498,0.328822592124878,5.86068510450805));
#1096=CARTESIAN_POINT('Ctrl Pts',(-3.46653202809848,0.332293555724005,5.83915170681748));
#1097=CARTESIAN_POINT('Ctrl Pts',(-3.45766356609304,0.33536087599782,5.80980535605394));
#1098=CARTESIAN_POINT('Ctrl Pts',(-3.45446349887244,0.336482033615477,5.79591360824718));
#1099=CARTESIAN_POINT('Ctrl Pts',(-3.4526497135848,0.337124058404399,5.78286122875418));
#1100=CARTESIAN_POINT('Ctrl Pts',(-3.63269551830216,0.205064355987775,5.95752949453862));
#1101=CARTESIAN_POINT('Ctrl Pts',(-3.61790609341486,0.215600644790806,5.95338614944035));
#1102=CARTESIAN_POINT('Ctrl Pts',(-3.58082802480403,0.239255903184262,5.93895677689859));
#1103=CARTESIAN_POINT('Ctrl Pts',(-3.53948519694136,0.260014882057011,5.90794935363483));
#1104=CARTESIAN_POINT('Ctrl Pts',(-3.51168371994711,0.272684845561283,5.8713644488093));
#1105=CARTESIAN_POINT('Ctrl Pts',(-3.50185327091453,0.277017666204964,5.85555387906892));
#1106=CARTESIAN_POINT('Ctrl Pts',(-3.49104178421823,0.28170017552003,5.8329385730792));
#1107=CARTESIAN_POINT('Ctrl Pts',(-3.48468967393831,0.284422461479252,5.81565537015489));
#1108=CARTESIAN_POINT('Ctrl Pts',(-3.47952830357934,0.286674438672248,5.79326607916872));
#1109=CARTESIAN_POINT('Ctrl Pts',(-3.47774595672376,0.287461436475157,5.78298923284819));
#1110=CARTESIAN_POINT('Ctrl Pts',(-3.47678035656482,0.287898329552322,5.77350530799625));
#1111=CARTESIAN_POINT('Ctrl Pts',(-3.61386027953016,0.182401404456618,5.90847700818558));
#1112=CARTESIAN_POINT('Ctrl Pts',(-3.60259423077151,0.191607581905126,5.90447312984047));
#1113=CARTESIAN_POINT('Ctrl Pts',(-3.57457826334141,0.212230603707662,5.89090817832567));
#1114=CARTESIAN_POINT('Ctrl Pts',(-3.54485213634973,0.22988551851854,5.86326364544503));
#1115=CARTESIAN_POINT('Ctrl Pts',(-3.52683584601085,0.239871546654783,5.83336284875201));
#1116=CARTESIAN_POINT('Ctrl Pts',(-3.52082834243827,0.24312335690848,5.82081136841803));
#1117=CARTESIAN_POINT('Ctrl Pts',(-3.51477732310535,0.246378941230977,5.8036861518146));
#1118=CARTESIAN_POINT('Ctrl Pts',(-3.5116756204349,0.248055661227108,5.79115311606665));
#1119=CARTESIAN_POINT('Ctrl Pts',(-3.50963726369972,0.249209737352262,5.776239691274));
#1120=CARTESIAN_POINT('Ctrl Pts',(-3.50905200417252,0.249556101448472,5.76969524393807));
#1121=CARTESIAN_POINT('Ctrl Pts',(-3.50878427166115,0.249725487350077,5.76392864766746));
#1122=CARTESIAN_POINT('Ctrl Pts',(-3.61066112747016,0.178552118076218,5.8728643580484));
#1123=CARTESIAN_POINT('Ctrl Pts',(-3.60110348441722,0.186493382156755,5.86903009285848));
#1124=CARTESIAN_POINT('Ctrl Pts',(-3.57789502069009,0.204069415058011,5.85623900307118));
#1125=CARTESIAN_POINT('Ctrl Pts',(-3.55511959963488,0.218369394199573,5.83115962679069));
#1126=CARTESIAN_POINT('Ctrl Pts',(-3.54316654553852,0.225487373850171,5.80617267776569));
#1127=CARTESIAN_POINT('Ctrl Pts',(-3.53957124825551,0.227590860051743,5.79597552468348));
#1128=CARTESIAN_POINT('Ctrl Pts',(-3.53653195087956,0.229355700601308,5.78282761608557));
#1129=CARTESIAN_POINT('Ctrl Pts',(-3.535511598094,0.229955956107811,5.77365459821946));
#1130=CARTESIAN_POINT('Ctrl Pts',(-3.53546861439403,0.230004730219973,5.76414251376771));
#1131=CARTESIAN_POINT('Ctrl Pts',(-3.53565666021804,0.229908797496553,5.76019685757109));
#1132=CARTESIAN_POINT('Ctrl Pts',(-3.53583061566206,0.229816832165075,5.75712543993149));
#1133=CARTESIAN_POINT('Ctrl Pts',(-3.61066112747016,0.178552118076217,5.85857864376268));
#1134=CARTESIAN_POINT('Ctrl Pts',(-3.60172300905601,0.185980611856985,5.85473772043188));
#1135=CARTESIAN_POINT('Ctrl Pts',(-3.58028517876543,0.202288298643624,5.84213021123668));
#1136=CARTESIAN_POINT('Ctrl Pts',(-3.56022895271724,0.215093458671811,5.81800271270337));
#1137=CARTESIAN_POINT('Ctrl Pts',(-3.55075206713311,0.220889255110455,5.79493140842754));
#1138=CARTESIAN_POINT('Ctrl Pts',(-3.54813382970751,0.22246126980751,5.78570130816014));
#1139=CARTESIAN_POINT('Ctrl Pts',(-3.54634169902744,0.223528861471351,5.77415211064431));
#1140=CARTESIAN_POINT('Ctrl Pts',(-3.54617769981831,0.2236258675798,5.76641772359872));
#1141=CARTESIAN_POINT('Ctrl Pts',(-3.54697289538546,0.223153059192643,5.75907492646361));
#1142=CARTESIAN_POINT('Ctrl Pts',(-3.5474776955429,0.222852074542297,5.75627884959955));
#1143=CARTESIAN_POINT('Ctrl Pts',(-3.54784514876554,0.222632343703357,5.75427662394903));
#1144=CARTESIAN_POINT('Ctrl Pts',(-3.44344553082409,0.389453364504691,5.78993425696754));
#1145=CARTESIAN_POINT('Ctrl Pts',(-3.44610954373341,0.388624542018103,5.80571767336208));
#1146=CARTESIAN_POINT('Ctrl Pts',(-3.45076093726075,0.387192547235386,5.82209946142111));
#1147=CARTESIAN_POINT('Ctrl Pts',(-3.46331306537424,0.383366567498236,5.85624860513571));
#1148=CARTESIAN_POINT('Ctrl Pts',(-3.47714247455113,0.379190461580498,5.88008803105428));
#1149=CARTESIAN_POINT('Ctrl Pts',(-3.49856229688211,0.372593948916289,5.90928480839891));
#1150=CARTESIAN_POINT('Ctrl Pts',(-3.51664023241899,0.366855470936051,5.92807662183683));
#1151=CARTESIAN_POINT('Ctrl Pts',(-3.56488228489881,0.350807251532713,5.9686489071858));
#1152=CARTESIAN_POINT('Ctrl Pts',(-3.62823990991529,0.326412281560435,5.99443875213541));
#1153=CARTESIAN_POINT('Ctrl Pts',(-3.680571921947,0.299342343674192,6.));
#1154=CARTESIAN_POINT('Ctrl Pts',(-3.70105361208656,0.287314237974984,6.));
#1155=CARTESIAN_POINT('Ctrl Pts',(-3.61066112747016,0.178552118076217,5.85857864376268));
#1156=CARTESIAN_POINT('Ctrl Pts',(-3.60172300905601,0.185980611856985,5.85473772043188));
#1157=CARTESIAN_POINT('Ctrl Pts',(-3.58028517876543,0.202288298643624,5.84213021123668));
#1158=CARTESIAN_POINT('Ctrl Pts',(-3.56022895271724,0.215093458671811,5.81800271270337));
#1159=CARTESIAN_POINT('Ctrl Pts',(-3.55075206713311,0.220889255110455,5.79493140842754));
#1160=CARTESIAN_POINT('Ctrl Pts',(-3.54813382970751,0.22246126980751,5.78570130816014));
#1161=CARTESIAN_POINT('Ctrl Pts',(-3.54634169902744,0.223528861471351,5.77415211064431));
#1162=CARTESIAN_POINT('Ctrl Pts',(-3.54617769981831,0.2236258675798,5.76641772359872));
#1163=CARTESIAN_POINT('Ctrl Pts',(-3.54697289538546,0.223153059192643,5.75907492646361));
#1164=CARTESIAN_POINT('Ctrl Pts',(-3.5474776955429,0.222852074542297,5.75627884959955));
#1165=CARTESIAN_POINT('Ctrl Pts',(-3.54784514876554,0.222632343703357,5.75427662394903));
#1166=CARTESIAN_POINT('Origin',(0.,0.,6.));
#1167=CARTESIAN_POINT('',(5.5,6.73555739531044E-16,6.));
#1168=CARTESIAN_POINT('Origin',(0.,0.,6.));
#1169=CARTESIAN_POINT('',(3.71218780117272,-0.00300661049169436,6.));
#1170=CARTESIAN_POINT('Ctrl Pts',(3.71218780117272,-0.0030066104916994,
6.));
#1171=CARTESIAN_POINT('Ctrl Pts',(3.71305986955063,1.0737147018245,6.));
#1172=CARTESIAN_POINT('Ctrl Pts',(2.69951393936428,3.24229694092507,6.));
#1173=CARTESIAN_POINT('Ctrl Pts',(-0.170293523474827,3.99338818820878,6.));
#1174=CARTESIAN_POINT('Ctrl Pts',(-2.73429209709845,2.90758382148087,6.));
#1175=CARTESIAN_POINT('Ctrl Pts',(-3.6173647814343,1.36535635367372,6.));
#1176=CARTESIAN_POINT('Ctrl Pts',(-3.70105361208658,0.287314237974985,6.));
#1177=CARTESIAN_POINT('Ctrl Pts',(-3.70105361208658,-0.287314237974965,
6.));
#1178=CARTESIAN_POINT('Ctrl Pts',(-3.61709989523868,-1.36876849926732,6.));
#1179=CARTESIAN_POINT('Ctrl Pts',(-2.44328540611091,-3.439186966232,6.));
#1180=CARTESIAN_POINT('Ctrl Pts',(1.08017943398464,-4.08320134185765,6.));
#1181=CARTESIAN_POINT('Ctrl Pts',(3.36667405599207,-2.16483929488956,6.));
#1182=CARTESIAN_POINT('Ctrl Pts',(3.71175173182353,-0.541410678136488,6.));
#1183=CARTESIAN_POINT('Ctrl Pts',(3.71218780117272,-0.00300661049169496,
6.));
#1184=CARTESIAN_POINT('Origin',(0.,0.,0.));
#1185=CARTESIAN_POINT('',(-4.1,-5.02105187650415E-16,0.));
#1186=CARTESIAN_POINT('Origin',(0.,0.,0.));
#1187=CARTESIAN_POINT('Origin',(0.,0.,0.));
#1188=CARTESIAN_POINT('Origin',(-3.,0.,0.));
#1189=CARTESIAN_POINT('Ctrl Pts',(3.71218780117272,-0.0030066104916994,
6.));
#1190=CARTESIAN_POINT('Ctrl Pts',(3.71305986955063,1.0737147018245,6.));
#1191=CARTESIAN_POINT('Ctrl Pts',(2.69951393936428,3.24229694092507,6.));
#1192=CARTESIAN_POINT('Ctrl Pts',(-0.170293523474827,3.99338818820878,6.));
#1193=CARTESIAN_POINT('Ctrl Pts',(-2.73429209709845,2.90758382148087,6.));
#1194=CARTESIAN_POINT('Ctrl Pts',(-3.6173647814343,1.36535635367372,6.));
#1195=CARTESIAN_POINT('Ctrl Pts',(-3.70105361208658,0.287314237974985,6.));
#1196=CARTESIAN_POINT('Ctrl Pts',(3.64502724832917,-0.00295221517723174,
6.));
#1197=CARTESIAN_POINT('Ctrl Pts',(3.6458834949156,1.05423432153141,6.));
#1198=CARTESIAN_POINT('Ctrl Pts',(2.65063623351762,3.18362402420355,6.));
#1199=CARTESIAN_POINT('Ctrl Pts',(-0.167230025394969,3.92105939122317,6.));
#1200=CARTESIAN_POINT('Ctrl Pts',(-2.68477246791042,2.85497456191093,6.));
#1201=CARTESIAN_POINT('Ctrl Pts',(-3.5519240198224,1.34059955275727,6.));
#1202=CARTESIAN_POINT('Ctrl Pts',(-3.63409449794562,0.282116175782084,6.));
#1203=CARTESIAN_POINT('Ctrl Pts',(3.52826857520656,-0.00285764888091006,
5.95003227882751));
#1204=CARTESIAN_POINT('Ctrl Pts',(3.52909746677929,1.02055432725863,5.95003227882751));
#1205=CARTESIAN_POINT('Ctrl Pts',(2.56579286181607,3.08166735800127,5.95003227882751));
#1206=CARTESIAN_POINT('Ctrl Pts',(-0.161844776944972,3.79559074786363,5.95003227882752));
#1207=CARTESIAN_POINT('Ctrl Pts',(-2.59885641246249,2.76353213541291,5.95003227882751));
#1208=CARTESIAN_POINT('Ctrl Pts',(-3.43814069667202,1.29774672612147,5.95003227882751));
#1209=CARTESIAN_POINT('Ctrl Pts',(-3.51768602616347,0.273079340634736,5.95003227882751));
#1210=CARTESIAN_POINT('Ctrl Pts',(3.47344400167727,-0.00281324484027288,
5.83965791179153));
#1211=CARTESIAN_POINT('Ctrl Pts',(3.47425995394769,1.00462289394683,5.83965791179153));
#1212=CARTESIAN_POINT('Ctrl Pts',(2.52587254573045,3.03376418916137,5.83965791179152));
#1213=CARTESIAN_POINT('Ctrl Pts',(-0.159353260349042,3.7365042214638,5.83965791179153));
#1214=CARTESIAN_POINT('Ctrl Pts',(-2.55840530986142,2.72058314733215,5.83965791179153));
#1215=CARTESIAN_POINT('Ctrl Pts',(-3.38472229364715,1.27750800374039,5.83965791179153));
#1216=CARTESIAN_POINT('Ctrl Pts',(-3.46302589128893,0.268836053007721,5.83965791179153));
#1217=CARTESIAN_POINT('Ctrl Pts',(3.46539798135128,-0.00280672813087555,
5.78993425696743));
#1218=CARTESIAN_POINT('Ctrl Pts',(3.46621207378363,1.00233311447075,5.78993425696743));
#1219=CARTESIAN_POINT('Ctrl Pts',(2.52004765307059,3.02674591799306,5.78993425696742));
#1220=CARTESIAN_POINT('Ctrl Pts',(-0.158972246043271,3.72790389586403,5.78993425696743));
#1221=CARTESIAN_POINT('Ctrl Pts',(-2.55251372538759,2.71428484905487,5.78993425696743));
#1222=CARTESIAN_POINT('Ctrl Pts',(-3.37687888727867,1.27458614845706,5.78993425696743));
#1223=CARTESIAN_POINT('Ctrl Pts',(-3.45500400387769,0.268213310753689,5.78993425696743));
#1224=CARTESIAN_POINT('',(3.46539798135128,-0.00280672813087088,5.7899342569674));
#1225=CARTESIAN_POINT('Ctrl Pts',(-3.44330151239904,0.389436730991598,5.78995772887281));
#1226=CARTESIAN_POINT('Ctrl Pts',(-3.43295853398708,0.479037153618071,5.78999140070158));
#1227=CARTESIAN_POINT('Ctrl Pts',(-3.41888877822492,0.568357063788641,5.79005692043934));
#1228=CARTESIAN_POINT('Ctrl Pts',(-3.40122995736784,0.657002491834155,5.79014104100051));
#1229=CARTESIAN_POINT('Ctrl Pts',(-3.38336906223205,0.746662311558416,5.79022612417418));
#1230=CARTESIAN_POINT('Ctrl Pts',(-3.36183672986406,0.835631537499767,5.79033023563506));
#1231=CARTESIAN_POINT('Ctrl Pts',(-3.33682889492922,0.92351116213675,5.79043967262651));
#1232=CARTESIAN_POINT('Ctrl Pts',(-3.31154151962306,1.0123731150307,5.79055033291688));
#1233=CARTESIAN_POINT('Ctrl Pts',(-3.28270080259994,1.100120344112,5.79066643822794));
#1234=CARTESIAN_POINT('Ctrl Pts',(-3.25055959564728,1.18635833838384,5.79077383258314));
#1235=CARTESIAN_POINT('Ctrl Pts',(-3.2240237861056,1.25755650448333,5.79086249745997));
#1236=CARTESIAN_POINT('Ctrl Pts',(-3.19523933154049,1.32772612896653,5.79094522515088));
#1237=CARTESIAN_POINT('Ctrl Pts',(-3.16437155787121,1.39665883570338,5.791014055182));
#1238=CARTESIAN_POINT('Ctrl Pts',(-3.12444532864364,1.48582053165008,5.79110308407115));
#1239=CARTESIAN_POINT('Ctrl Pts',(-3.08068236130852,1.57369175850336,5.7911622358263));
#1240=CARTESIAN_POINT('Ctrl Pts',(-3.03327391249405,1.65981158556328,5.79119476029315));
#1241=CARTESIAN_POINT('Ctrl Pts',(-2.98542052342838,1.74673966892442,5.79122759001032));
#1242=CARTESIAN_POINT('Ctrl Pts',(-2.93385319159946,1.83188264869391,5.79123329006874));
#1243=CARTESIAN_POINT('Ctrl Pts',(-2.87881845362094,1.91478405407443,5.79121519293584));
#1244=CARTESIAN_POINT('Ctrl Pts',(-2.82390402245211,1.99750423566857,5.79119713536357));
#1245=CARTESIAN_POINT('Ctrl Pts',(-2.76553773969767,2.07799199682578,5.79115538431152));
#1246=CARTESIAN_POINT('Ctrl Pts',(-2.70400851695498,2.15582107052071,5.79109324408828));
#1247=CARTESIAN_POINT('Ctrl Pts',(-2.64325324031555,2.23267117023186,5.79103188549662));
#1248=CARTESIAN_POINT('Ctrl Pts',(-2.57941456614613,2.30692852463358,5.79095064725271));
#1249=CARTESIAN_POINT('Ctrl Pts',(-2.51280689086183,2.37821783333594,5.79085270734167));
#1250=CARTESIAN_POINT('Ctrl Pts',(-2.47556925880021,2.41807277551873,5.7907979531357));
#1251=CARTESIAN_POINT('Ctrl Pts',(-2.43746679510927,2.45700073905503,5.79073797883029));
#1252=CARTESIAN_POINT('Ctrl Pts',(-2.3985586415439,2.49494191619305,5.79067333958247));
#1253=CARTESIAN_POINT('Ctrl Pts',(-2.3311663908394,2.56065928099717,5.79056137887514));
#1254=CARTESIAN_POINT('Ctrl Pts',(-2.26084425675086,2.62391879888644,5.79046376882248));
#1255=CARTESIAN_POINT('Ctrl Pts',(-2.18782631805246,2.68429080389699,5.79037943837121));
#1256=CARTESIAN_POINT('Ctrl Pts',(-2.12887857097128,2.7330294254684,5.79031135797616));
#1257=CARTESIAN_POINT('Ctrl Pts',(-2.06817477742448,2.77988646366491,5.79025193237026));
#1258=CARTESIAN_POINT('Ctrl Pts',(-2.00585706283178,2.82465187794677,5.79020059661661));
#1259=CARTESIAN_POINT('Ctrl Pts',(-1.92980891439828,2.87928043568903,5.79013795007959));
#1260=CARTESIAN_POINT('Ctrl Pts',(-1.85135669088601,2.9307926192429,5.79008735101927));
#1261=CARTESIAN_POINT('Ctrl Pts',(-1.77094099965696,2.97896029565214,5.79004777072458));
#1262=CARTESIAN_POINT('Ctrl Pts',(-1.69040420028769,3.02720051384544,5.79000813082092));
#1263=CARTESIAN_POINT('Ctrl Pts',(-1.6078987141773,3.07208582880202,5.78997954286594));
#1264=CARTESIAN_POINT('Ctrl Pts',(-1.52389179502818,3.11343294393809,5.78996097171432));
#1265=CARTESIAN_POINT('Ctrl Pts',(-1.44187431606093,3.15380088244098,5.78994284036212));
#1266=CARTESIAN_POINT('Ctrl Pts',(-1.35842637956099,3.19079615499799,5.78993425696743));
#1267=CARTESIAN_POINT('Ctrl Pts',(-1.27399580568236,3.22429434711108,5.78993425696743));
#1268=CARTESIAN_POINT('Ctrl Pts',(-1.18928954361075,3.25790191969651,5.78993425696743));
#1269=CARTESIAN_POINT('Ctrl Pts',(-1.10287585544875,3.28827272319599,5.78993425697266));
#1270=CARTESIAN_POINT('Ctrl Pts',(-1.01517156347014,3.31515061760096,5.78993826132338));
#1271=CARTESIAN_POINT('Ctrl Pts',(-0.927639819003795,3.34197563302236,5.78994225779602));
#1272=CARTESIAN_POINT('Ctrl Pts',(-0.838823215035999,3.36532114018021,5.789950242915));
#1273=CARTESIAN_POINT('Ctrl Pts',(-0.749159863490657,3.38497834404454,5.78996619707975));
#1274=CARTESIAN_POINT('Ctrl Pts',(-0.705837201432861,3.39447611972812,5.78997390565718));
#1275=CARTESIAN_POINT('Ctrl Pts',(-0.662317154836563,3.4031135635219,5.78998347462707));
#1276=CARTESIAN_POINT('Ctrl Pts',(-0.618650414059371,3.41087130950608,5.7899953528789));
#1277=CARTESIAN_POINT('Ctrl Pts',(-0.528036368188454,3.42696961998116,5.79002000176354));
#1278=CARTESIAN_POINT('Ctrl Pts',(-0.436790448072755,3.43927645196448,5.79005459495842));
#1279=CARTESIAN_POINT('Ctrl Pts',(-0.345358783564814,3.4478591935994,5.79010314201048));
#1280=CARTESIAN_POINT('Ctrl Pts',(-0.252724846821711,3.45655479320344,5.79015232742752));
#1281=CARTESIAN_POINT('Ctrl Pts',(-0.159900946853856,3.46142780687173,5.79021583625106));
#1282=CARTESIAN_POINT('Ctrl Pts',(-0.0673496888770886,3.46260162424046,
5.79029783418943));
#1283=CARTESIAN_POINT('Ctrl Pts',(-0.0297053295206418,3.46307906348671,
5.79033118608465));
#1284=CARTESIAN_POINT('Ctrl Pts',(0.00789399946919988,3.46294511509409,
5.79036759672012));
#1285=CARTESIAN_POINT('Ctrl Pts',(0.0454176419074106,3.46221049534261,5.79040734610792));
#1286=CARTESIAN_POINT('Ctrl Pts',(0.143278868877448,3.4602946154982,5.79051101205314));
#1287=CARTESIAN_POINT('Ctrl Pts',(0.24143078876407,3.45426716656677,5.79059684349387));
#1288=CARTESIAN_POINT('Ctrl Pts',(0.339377863208832,3.44415185116718,5.79066351900428));
#1289=CARTESIAN_POINT('Ctrl Pts',(0.438833386051219,3.43388075335763,5.79073122136074));
#1290=CARTESIAN_POINT('Ctrl Pts',(0.538076985820799,3.41939491233467,5.79077917330376));
#1291=CARTESIAN_POINT('Ctrl Pts',(0.636585972818271,3.40077257368284,5.79080598759478));
#1292=CARTESIAN_POINT('Ctrl Pts',(0.735236769258091,3.38212342708647,5.79083284048653));
#1293=CARTESIAN_POINT('Ctrl Pts',(0.833150076185546,3.35932602558884,5.79083849490806));
#1294=CARTESIAN_POINT('Ctrl Pts',(0.929808273950436,3.33251069569249,5.79082155254166));
#1295=CARTESIAN_POINT('Ctrl Pts',(1.02564908497216,3.30592212871618,5.7908047534478));
#1296=CARTESIAN_POINT('Ctrl Pts',(1.12025522023274,3.27538356229651,5.79076573819866));
#1297=CARTESIAN_POINT('Ctrl Pts',(1.21314019457431,3.24106959642456,5.79070313752388));
#1298=CARTESIAN_POINT('Ctrl Pts',(1.2612620335475,3.22329222013818,5.79067070537204));
#1299=CARTESIAN_POINT('Ctrl Pts',(1.30892226406323,3.20450225828342,5.79063194262456));
#1300=CARTESIAN_POINT('Ctrl Pts',(1.35605610971284,3.18472871613827,5.79058665812686));
#1301=CARTESIAN_POINT('Ctrl Pts',(1.43808871722755,3.15031448153438,5.79050784415835));
#1302=CARTESIAN_POINT('Ctrl Pts',(1.5191922002224,3.11264287968599,5.79043453677838));
#1303=CARTESIAN_POINT('Ctrl Pts',(1.59891154551261,3.07177620759471,5.79037009664811));
#1304=CARTESIAN_POINT('Ctrl Pts',(1.6780604784733,3.03120194700708,5.79030611760347));
#1305=CARTESIAN_POINT('Ctrl Pts',(1.75584434633905,2.98747834751036,5.79025087944497));
#1306=CARTESIAN_POINT('Ctrl Pts',(1.83183310057624,2.94071495853885,5.7902076719136));
#1307=CARTESIAN_POINT('Ctrl Pts',(1.90644981690452,2.89479592006449,5.79016524452887));
#1308=CARTESIAN_POINT('Ctrl Pts',(1.9793350984842,2.8459461430016,5.79013441734268));
#1309=CARTESIAN_POINT('Ctrl Pts',(2.05010553112118,2.79431295469994,5.79011830450593));
#1310=CARTESIAN_POINT('Ctrl Pts',(2.10851114598688,2.75170097681784,5.79010500686026));
#1311=CARTESIAN_POINT('Ctrl Pts',(2.16547662771144,2.70719406720736,5.79010173105691));
#1312=CARTESIAN_POINT('Ctrl Pts',(2.22080300921893,2.66089613725726,5.79011022646501));
#1313=CARTESIAN_POINT('Ctrl Pts',(2.28931870268517,2.60356119703253,5.79012074710204));
#1314=CARTESIAN_POINT('Ctrl Pts',(2.35531940134575,2.54347915110387,5.79014932045649));
#1315=CARTESIAN_POINT('Ctrl Pts',(2.41860456994124,2.48107825366288,5.7901992650761));
#1316=CARTESIAN_POINT('Ctrl Pts',(2.43449863922554,2.46540626906774,5.79021180866667));
#1317=CARTESIAN_POINT('Ctrl Pts',(2.45022163024393,2.44958817280035,5.79022570025057));
#1318=CARTESIAN_POINT('Ctrl Pts',(2.4657707914406,2.43363103501219,5.79024099233818));
#1319=CARTESIAN_POINT('Ctrl Pts',(2.53489238169037,2.36269584270172,5.79030897114423));
#1320=CARTESIAN_POINT('Ctrl Pts',(2.60111534518621,2.28845479014313,5.79039688078808));
#1321=CARTESIAN_POINT('Ctrl Pts',(2.66414457332854,2.21133507033174,5.79049074923098));
#1322=CARTESIAN_POINT('Ctrl Pts',(2.72856059383157,2.13251853395689,5.79058668300203));
#1323=CARTESIAN_POINT('Ctrl Pts',(2.78964029919393,2.05069582617793,5.79068884039115));
#1324=CARTESIAN_POINT('Ctrl Pts',(2.84710578081345,1.96636257393608,5.79078231685836));
#1325=CARTESIAN_POINT('Ctrl Pts',(2.90481927425606,1.88166535287248,5.79087619675505));
#1326=CARTESIAN_POINT('Ctrl Pts',(2.95888688424873,1.79443660996506,5.79096132097153));
#1327=CARTESIAN_POINT('Ctrl Pts',(3.00907072210893,1.70520785016036,5.79102260099717));
#1328=CARTESIAN_POINT('Ctrl Pts',(3.05891783272584,1.61657780411674,5.79108346984154));
#1329=CARTESIAN_POINT('Ctrl Pts',(3.10493283228631,1.52597526474853,5.79112081434987));
#1330=CARTESIAN_POINT('Ctrl Pts',(3.14693050330602,1.43393867985094,5.79111984776855));
#1331=CARTESIAN_POINT('Ctrl Pts',(3.16521309436967,1.39387295230648,5.79111942699258));
#1332=CARTESIAN_POINT('Ctrl Pts',(3.18273501502812,1.35353562022851,5.79111174591438));
#1333=CARTESIAN_POINT('Ctrl Pts',(3.19948405216363,1.31297158966574,5.79109558381812));
#1334=CARTESIAN_POINT('Ctrl Pts',(3.23615673424967,1.22415503353052,5.79106019626639));
#1335=CARTESIAN_POINT('Ctrl Pts',(3.26945034512591,1.13345373579634,5.7909864188112));
#1336=CARTESIAN_POINT('Ctrl Pts',(3.29906879576948,1.04131043161399,5.79089237165826));
#1337=CARTESIAN_POINT('Ctrl Pts',(3.32872238953694,0.949057796812272,5.79079821291574));
#1338=CARTESIAN_POINT('Ctrl Pts',(3.35469171723345,0.855360426652882,5.79068373536183));
#1339=CARTESIAN_POINT('Ctrl Pts',(3.3767237653042,0.760689773402868,5.79056713179798));
#1340=CARTESIAN_POINT('Ctrl Pts',(3.39857403262082,0.666800223329737,5.79045149030011));
#1341=CARTESIAN_POINT('Ctrl Pts',(3.41655144390759,0.571954110223455,5.79033375767027));
#1342=CARTESIAN_POINT('Ctrl Pts',(3.43045738330195,0.476627320362189,5.7902316956263));
#1343=CARTESIAN_POINT('Ctrl Pts',(3.44405940079414,0.38338394956969,5.79013186420405));
#1344=CARTESIAN_POINT('Ctrl Pts',(3.45376585482666,0.289681353172846,5.79004702659208));
#1345=CARTESIAN_POINT('Ctrl Pts',(3.45943988151113,0.195969971152445,5.78999381495676));
#1346=CARTESIAN_POINT('Ctrl Pts',(3.46339788375684,0.130600193900619,5.78995669638404));
#1347=CARTESIAN_POINT('Ctrl Pts',(3.46539472866888,0.0652262527988369,5.78993496722297));
#1348=CARTESIAN_POINT('Ctrl Pts',(3.46539902545419,-1.23817563079772E-11,
5.78993427193901));
#1349=CARTESIAN_POINT('Ctrl Pts',(3.46539908708399,-0.000935555478368558,
5.78993426196639));
#1350=CARTESIAN_POINT('Ctrl Pts',(3.46539873911846,-0.00187113169414401,
5.78993425696743));
#1351=CARTESIAN_POINT('Ctrl Pts',(3.46539798135128,-0.00280672813087555,
5.78993425696743));
#1352=CARTESIAN_POINT('Origin',(3.71218780117272,-0.00300661049169436,5.74999999999998));
#1353=CARTESIAN_POINT('Ctrl Pts',(-3.70105361208658,-0.287314237974965,
6.));
#1354=CARTESIAN_POINT('Ctrl Pts',(-3.61709989523868,-1.36876849926732,6.));
#1355=CARTESIAN_POINT('Ctrl Pts',(-2.44328540611091,-3.439186966232,6.));
#1356=CARTESIAN_POINT('Ctrl Pts',(1.08017943398464,-4.08320134185765,6.));
#1357=CARTESIAN_POINT('Ctrl Pts',(3.36667405599207,-2.16483929488956,6.));
#1358=CARTESIAN_POINT('Ctrl Pts',(3.71175173182353,-0.541410678136488,6.));
#1359=CARTESIAN_POINT('Ctrl Pts',(3.71218780117272,-0.00300661049169496,
6.));
#1360=CARTESIAN_POINT('Ctrl Pts',(-3.63409449794562,-0.282116175782064,
6.));
#1361=CARTESIAN_POINT('Ctrl Pts',(-3.55166393941296,-1.34394979236113,6.));
#1362=CARTESIAN_POINT('Ctrl Pts',(-2.39903717291644,-3.37693946427021,6.));
#1363=CARTESIAN_POINT('Ctrl Pts',(1.060617703837,-4.00924967659336,6.));
#1364=CARTESIAN_POINT('Ctrl Pts',(3.30573193055328,-2.12565144076248,6.));
#1365=CARTESIAN_POINT('Ctrl Pts',(3.64459909051361,-0.531588107410862,6.));
#1366=CARTESIAN_POINT('Ctrl Pts',(3.64502724832917,-0.00295221517722738,
6.));
#1367=CARTESIAN_POINT('Ctrl Pts',(-3.51768602610061,-0.273079340629836,
5.95003227889055));
#1368=CARTESIAN_POINT('Ctrl Pts',(-3.43788892514164,-1.30098993364382,5.95003227889055));
#1369=CARTESIAN_POINT('Ctrl Pts',(-2.32226321385215,-3.2688108256333,5.95003227889055));
#1370=CARTESIAN_POINT('Ctrl Pts',(1.02667506536061,-3.88095278946984,5.95003227889055));
#1371=CARTESIAN_POINT('Ctrl Pts',(3.19989488540042,-2.05759748397644,5.95003227889055));
#1372=CARTESIAN_POINT('Ctrl Pts',(3.52785409593771,-0.514604899099777,5.95003227889055));
#1373=CARTESIAN_POINT('Ctrl Pts',(3.52826857514351,-0.00285764888085478,
5.95003227889055));
#1374=CARTESIAN_POINT('Ctrl Pts',(-3.46302589128894,-0.268836053007702,
5.83965791179153));
#1375=CARTESIAN_POINT('Ctrl Pts',(-3.38447445242485,-1.28070058360528,5.83965791179153));
#1376=CARTESIAN_POINT('Ctrl Pts',(-2.2861187389143,-3.21798301015247,5.83965791179153));
#1377=CARTESIAN_POINT('Ctrl Pts',(1.01069617944702,-3.82054255833374,5.83965791179153));
#1378=CARTESIAN_POINT('Ctrl Pts',(3.15012920552754,-2.02559601725914,5.83965791179153));
#1379=CARTESIAN_POINT('Ctrl Pts',(3.47303599264432,-0.506571932265648,5.83965791179153));
#1380=CARTESIAN_POINT('Ctrl Pts',(3.47344400167727,-0.00281324484026872,
5.83965791179153));
#1381=CARTESIAN_POINT('Ctrl Pts',(-3.45500400387769,-0.26821331075367,5.78993425696743));
#1382=CARTESIAN_POINT('Ctrl Pts',(-3.37663161097243,-1.27777145132574,5.78993425696743));
#1383=CARTESIAN_POINT('Ctrl Pts',(-2.28085343945341,-3.21054650481445,5.78993425696743));
#1384=CARTESIAN_POINT('Ctrl Pts',(1.00836806501143,-3.81174618456918,5.78993425696743));
#1385=CARTESIAN_POINT('Ctrl Pts',(3.1428543226765,-2.02091869384685,5.78993425696743));
#1386=CARTESIAN_POINT('Ctrl Pts',(3.46499090231235,-0.505417174880938,5.78993425696743));
#1387=CARTESIAN_POINT('Ctrl Pts',(3.46539798135128,-0.00280672813087141,
5.78993425696743));
#1388=CARTESIAN_POINT('Ctrl Pts',(3.46539798135128,-0.00280672813087141,
5.78993425696743));
#1389=CARTESIAN_POINT('Ctrl Pts',(3.46499090231235,-0.505417174880938,5.78993425696743));
#1390=CARTESIAN_POINT('Ctrl Pts',(3.1428543226765,-2.02091869384685,5.78993425696743));
#1391=CARTESIAN_POINT('Ctrl Pts',(1.00836806501143,-3.81174618456918,5.78993425696743));
#1392=CARTESIAN_POINT('Ctrl Pts',(-2.23692648391896,-3.21857541729847,5.78993425696743));
#1393=CARTESIAN_POINT('Ctrl Pts',(-3.33228962605301,-1.35459226371328,5.78993425696743));
#1394=CARTESIAN_POINT('Ctrl Pts',(-3.44333577025957,-0.389325759224002,
5.78993425696742));
#1395=CARTESIAN_POINT('Ctrl Pts',(-3.44344553083386,0.389453364418722,5.78993425696779));
#1396=CARTESIAN_POINT('Ctrl Pts',(-3.3310987800748,1.38279416501078,5.78993425696779));
#1397=CARTESIAN_POINT('Ctrl Pts',(-2.19604865541319,3.2573759927018,5.7899342569678));
#1398=CARTESIAN_POINT('Ctrl Pts',(1.05894297688955,3.78543513092482,5.78993425696775));
#1399=CARTESIAN_POINT('Ctrl Pts',(3.56622071589544,1.64673465871386,5.7899342569678));
#1400=CARTESIAN_POINT('Ctrl Pts',(3.56698415163309,-1.64750772896395,5.78993425696779));
#1401=CARTESIAN_POINT('Ctrl Pts',(1.05911627120666,-3.78348156905038,5.78993425696774));
#1402=CARTESIAN_POINT('Ctrl Pts',(-2.19615491153702,-3.2584225558573,5.78993425696778));
#1403=CARTESIAN_POINT('Ctrl Pts',(-3.33109878005671,-1.38279416505517,5.78993425696779));
#1404=CARTESIAN_POINT('Ctrl Pts',(-3.4434455308288,-0.389453364463481,5.78993425696779));
#1405=CARTESIAN_POINT('Ctrl Pts',(-3.13610715086056,0.354693422661601,3.87850329844406));
#1406=CARTESIAN_POINT('Ctrl Pts',(-3.03379461479675,1.25931430219364,3.87850329844406));
#1407=CARTESIAN_POINT('Ctrl Pts',(-2.00003932080588,2.96668073002401,3.87850329844407));
#1408=CARTESIAN_POINT('Ctrl Pts',(0.96442597713041,3.44755097792676,3.87850329844405));
#1409=CARTESIAN_POINT('Ctrl Pts',(3.2479253393614,1.49976993798057,3.87850329844406));
#1410=CARTESIAN_POINT('Ctrl Pts',(3.24861795165184,-1.50047394735502,3.87850329844407));
#1411=CARTESIAN_POINT('Ctrl Pts',(0.9645860749671,-3.44577761160194,3.87850329844402));
#1412=CARTESIAN_POINT('Ctrl Pts',(-2.00013699849674,-2.96763059905953,3.87850329844405));
#1413=CARTESIAN_POINT('Ctrl Pts',(-3.03379461478027,-1.25931430223407,3.87850329844406));
#1414=CARTESIAN_POINT('Ctrl Pts',(-3.13610715085594,-0.354693422702366,
3.87850329844406));
#1415=CARTESIAN_POINT('Ctrl Pts',(-2.98099475437384,0.337150225264146,1.9362056700747));
#1416=CARTESIAN_POINT('Ctrl Pts',(-2.88374298893785,1.19702508487942,1.9362056700747));
#1417=CARTESIAN_POINT('Ctrl Pts',(-1.90111675898234,2.8199501371159,1.93620567007471));
#1418=CARTESIAN_POINT('Ctrl Pts',(0.916725140582025,3.27703331610229,1.9362056700747));
#1419=CARTESIAN_POINT('Ctrl Pts',(3.08728245452315,1.42559168651654,1.93620567007471));
#1420=CARTESIAN_POINT('Ctrl Pts',(3.08794066443557,-1.42626087210725,1.93620567007472));
#1421=CARTESIAN_POINT('Ctrl Pts',(0.916877443154316,-3.27534797733187,1.93620567007468));
#1422=CARTESIAN_POINT('Ctrl Pts',(-1.90120965463741,-2.82085284721906,1.9362056700747));
#1423=CARTESIAN_POINT('Ctrl Pts',(-2.88374298892219,-1.19702508491786,1.9362056700747));
#1424=CARTESIAN_POINT('Ctrl Pts',(-2.98099475436945,-0.337150225302895,
1.9362056700747));
#1425=CARTESIAN_POINT('Ctrl Pts',(-2.98099475437384,0.337150225264146,0.000278978659805336));
#1426=CARTESIAN_POINT('Ctrl Pts',(-2.88373604309619,1.19708649820799,0.000278978659806315));
#1427=CARTESIAN_POINT('Ctrl Pts',(-1.90112184540674,2.8199141413211,0.000278978659820812));
#1428=CARTESIAN_POINT('Ctrl Pts',(0.916728152376019,3.2770555442986,0.000278978659823999));
#1429=CARTESIAN_POINT('Ctrl Pts',(3.08728137321495,1.42558008701327,0.000278978659821639));
#1430=CARTESIAN_POINT('Ctrl Pts',(3.08794228041062,-1.42624933481744,0.000278978659837813));
#1431=CARTESIAN_POINT('Ctrl Pts',(0.916878173465544,-3.27536434353823,0.000278978659795987));
#1432=CARTESIAN_POINT('Ctrl Pts',(-1.90121383145529,-2.82082015224787,0.000278978659810214));
#1433=CARTESIAN_POINT('Ctrl Pts',(-2.88373604308052,-1.19708649824642,0.000278978659806643));
#1434=CARTESIAN_POINT('Ctrl Pts',(-2.98099475436946,-0.337150225302895,
0.000278978659806643));
#1435=CARTESIAN_POINT('',(3.28847386567523,-0.227235496927959,4.62543448009938));
#1436=CARTESIAN_POINT('',(3.28847386566264,0.22723549711016,4.62543448009938));
#1437=CARTESIAN_POINT('Ctrl Pts',(3.28847386567523,-0.227235496927959,4.62543448009938));
#1438=CARTESIAN_POINT('Ctrl Pts',(3.28885477321963,-0.221723134106335,4.62543448009938));
#1439=CARTESIAN_POINT('Ctrl Pts',(3.29015605972545,-0.202176766157009,4.62543448009938));
#1440=CARTESIAN_POINT('Ctrl Pts',(3.2920922904776,-0.168577341791686,4.62543448009938));
#1441=CARTESIAN_POINT('Ctrl Pts',(3.29398089905132,-0.126412383186998,4.62543448009938));
#1442=CARTESIAN_POINT('Ctrl Pts',(3.29532962894891,-0.0842204112393199,
4.62543448009939));
#1443=CARTESIAN_POINT('Ctrl Pts',(3.29613810349643,-0.0420045593543702,
4.62543448009938));
#1444=CARTESIAN_POINT('Ctrl Pts',(3.29640574952258,0.000225027278199794,
4.62543448009938));
#1445=CARTESIAN_POINT('Ctrl Pts',(3.29613234629322,0.0424528146745285,4.62543448009938));
#1446=CARTESIAN_POINT('Ctrl Pts',(3.29531824644126,0.0846634288015689,4.62543448009938));
#1447=CARTESIAN_POINT('Ctrl Pts',(3.29396416444316,0.126846641478545,4.62543448009938));
#1448=CARTESIAN_POINT('Ctrl Pts',(3.29207055277562,0.169000156884939,4.62543448009938));
#1449=CARTESIAN_POINT('Ctrl Pts',(3.29013848136529,0.20245371284144,4.62543448009937));
#1450=CARTESIAN_POINT('Ctrl Pts',(3.28884544522159,0.221858125686432,4.62543448009938));
#1451=CARTESIAN_POINT('Ctrl Pts',(3.28847386566264,0.22723549711016,4.62543448009938));
#1452=CARTESIAN_POINT('',(2.90679240297873,-1.27397732584948,3.54461523670194));
#1453=CARTESIAN_POINT('Ctrl Pts',(2.90679240297873,-1.27397732584948,3.54461523670194));
#1454=CARTESIAN_POINT('Ctrl Pts',(2.91080288754258,-1.27347426944859,3.57994265944834));
#1455=CARTESIAN_POINT('Ctrl Pts',(2.92189266298593,-1.26867688928141,3.66248567011075));
#1456=CARTESIAN_POINT('Ctrl Pts',(2.94509394156142,-1.24802364025583,3.78958199468066));
#1457=CARTESIAN_POINT('Ctrl Pts',(2.97653930491807,-1.20968922403616,3.92286394153182));
#1458=CARTESIAN_POINT('Ctrl Pts',(3.01270102125957,-1.15634928704715,4.04876323485074));
#1459=CARTESIAN_POINT('Ctrl Pts',(3.05218162204307,-1.08860363817077,4.16615660739538));
#1460=CARTESIAN_POINT('Ctrl Pts',(3.09349589512719,-1.00696560802205,4.27385804068645));
#1461=CARTESIAN_POINT('Ctrl Pts',(3.13515306633402,-0.911732942410588,4.37073745691544));
#1462=CARTESIAN_POINT('Ctrl Pts',(3.17553708518926,-0.803252728189556,4.45532101720627));
#1463=CARTESIAN_POINT('Ctrl Pts',(3.21292895100656,-0.681956998431403,4.52583115246096));
#1464=CARTESIAN_POINT('Ctrl Pts',(3.24541932640303,-0.548843655352975,4.57997773737443));
#1465=CARTESIAN_POINT('Ctrl Pts',(3.27101659797944,-0.405950990212088,4.61518825318668));
#1466=CARTESIAN_POINT('Ctrl Pts',(3.28337818096935,-0.296976192125527,4.62536658603767));
#1467=CARTESIAN_POINT('Ctrl Pts',(3.28781032802103,-0.237050927381305,4.62554857450558));
#1468=CARTESIAN_POINT('Ctrl Pts',(3.28847386569782,-0.227235496556147,4.62543448007538));
#1469=CARTESIAN_POINT('',(2.8147073419686,-1.27141955475558,2.53217117949249));
#1470=CARTESIAN_POINT('Ctrl Pts',(2.8147073419686,-1.27141955475558,2.53217117949249));
#1471=CARTESIAN_POINT('Ctrl Pts',(2.83104568498921,-1.27188605843089,2.74754506248952));
#1472=CARTESIAN_POINT('Ctrl Pts',(2.85183775464225,-1.27247196632858,2.99068782219987));
#1473=CARTESIAN_POINT('Ctrl Pts',(2.87792023117102,-1.27319066454482,3.26137650447035));
#1474=CARTESIAN_POINT('Ctrl Pts',(2.88617569675373,-1.27341703634072,3.34489805863682));
#1475=CARTESIAN_POINT('Ctrl Pts',(2.89463754450662,-1.27364791630816,3.42840741252476));
#1476=CARTESIAN_POINT('Ctrl Pts',(2.90154629439589,-1.27383546322968,3.49495812100947));
#1477=CARTESIAN_POINT('Ctrl Pts',(2.90563508863019,-1.27394605553225,3.53369992800114));
#1478=CARTESIAN_POINT('Ctrl Pts',(2.90679240297872,-1.27397732584948,3.54461523670193));
#1479=CARTESIAN_POINT('',(3.01891242461021,-0.223407253231359,1.40335735960065));
#1480=CARTESIAN_POINT('Ctrl Pts',(3.01891242461021,-0.223407253231359,1.40335735960065));
#1481=CARTESIAN_POINT('Ctrl Pts',(3.01821783205251,-0.23272738106007,1.40323175539427));
#1482=CARTESIAN_POINT('Ctrl Pts',(3.01380113217433,-0.288915351516784,1.40327428987775));
#1483=CARTESIAN_POINT('Ctrl Pts',(3.00318769684428,-0.391352360744939,1.41219863041097));
#1484=CARTESIAN_POINT('Ctrl Pts',(2.98357446290756,-0.526899681398186,1.44384083048478));
#1485=CARTESIAN_POINT('Ctrl Pts',(2.95994413181759,-0.65544245147574,1.49362275629562));
#1486=CARTESIAN_POINT('Ctrl Pts',(2.93368878866376,-0.774910669365502,1.55994814140472));
#1487=CARTESIAN_POINT('Ctrl Pts',(2.90632125192411,-0.883887223190645,1.64125645383251));
#1488=CARTESIAN_POINT('Ctrl Pts',(2.87939263850942,-0.981372703853068,1.73614525156754));
#1489=CARTESIAN_POINT('Ctrl Pts',(2.85449411594731,-1.06641911394751,1.84328867209217));
#1490=CARTESIAN_POINT('Ctrl Pts',(2.8332047215402,-1.13815501804499,1.96138296587071));
#1491=CARTESIAN_POINT('Ctrl Pts',(2.8170521451348,-1.19564746888033,2.08886000838566));
#1492=CARTESIAN_POINT('Ctrl Pts',(2.80741382221217,-1.23795283718068,2.22381875743223));
#1493=CARTESIAN_POINT('Ctrl Pts',(2.80533919459986,-1.264266100843,2.36376392065918));
#1494=CARTESIAN_POINT('Ctrl Pts',(2.80972970530495,-1.27146902369598,2.46740597330697));
#1495=CARTESIAN_POINT('Ctrl Pts',(2.81399112529439,-1.27150816057545,2.52337102735157));
#1496=CARTESIAN_POINT('Ctrl Pts',(2.81470734196891,-1.27141955475542,2.53217117949562));
#1497=CARTESIAN_POINT('',(3.01891242453442,0.223407254255505,1.40335735960067));
#1498=CARTESIAN_POINT('Ctrl Pts',(3.01891242453442,0.223407254255505,1.40335735960067));
#1499=CARTESIAN_POINT('Ctrl Pts',(3.01931436428873,0.217975824008386,1.40335735960067));
#1500=CARTESIAN_POINT('Ctrl Pts',(3.02068242041843,0.198785689644881,1.40335735960067));
#1501=CARTESIAN_POINT('Ctrl Pts',(3.02271757307338,0.165809255063336,1.40335735960067));
#1502=CARTESIAN_POINT('Ctrl Pts',(3.02470268828154,0.12445194596951,1.40335735960067));
#1503=CARTESIAN_POINT('Ctrl Pts',(3.02612220994572,0.083061936410611,1.40335735960066));
#1504=CARTESIAN_POINT('Ctrl Pts',(3.02697562776693,0.0416409619799487,1.40335735960066));
#1505=CARTESIAN_POINT('Ctrl Pts',(3.02726206134589,0.000201435016085593,
1.40335735960066));
#1506=CARTESIAN_POINT('Ctrl Pts',(3.0269811343139,-0.0412399050552768,1.40335735960066));
#1507=CARTESIAN_POINT('Ctrl Pts',(3.02613307703051,-0.0826662766333546,
1.40335735960065));
#1508=CARTESIAN_POINT('Ctrl Pts',(3.02471861978808,-0.124065287967319,1.40335735960065));
#1509=CARTESIAN_POINT('Ctrl Pts',(3.02273814858132,-0.165434915342743,1.40335735960065));
#1510=CARTESIAN_POINT('Ctrl Pts',(3.02069905279669,-0.198540758163749,1.40335735960065));
#1511=CARTESIAN_POINT('Ctrl Pts',(3.01932320221846,-0.217856396634851,1.40335735960065));
#1512=CARTESIAN_POINT('Ctrl Pts',(3.01891242461021,-0.223407253231359,1.40335735960065));
#1513=CARTESIAN_POINT('',(2.81470734196782,1.27141955475556,2.53217117948211));
#1514=CARTESIAN_POINT('Ctrl Pts',(2.81470734196782,1.27141955475556,2.53217117948211));
#1515=CARTESIAN_POINT('Ctrl Pts',(2.81399145391661,1.27150811992028,2.52337506513117));
#1516=CARTESIAN_POINT('Ctrl Pts',(2.80972063051714,1.27146934215549,2.4672894564659));
#1517=CARTESIAN_POINT('Ctrl Pts',(2.80533083331147,1.264239891056,2.36348521906137));
#1518=CARTESIAN_POINT('Ctrl Pts',(2.80743042596291,1.23786735347883,2.22349910544646));
#1519=CARTESIAN_POINT('Ctrl Pts',(2.81708414848029,1.19552422329111,2.08853531039881));
#1520=CARTESIAN_POINT('Ctrl Pts',(2.83324683550075,1.13801115172073,1.96110075613771));
#1521=CARTESIAN_POINT('Ctrl Pts',(2.85454676627444,1.0662419247258,1.84304717558836));
#1522=CARTESIAN_POINT('Ctrl Pts',(2.87943868145094,0.981210827174032,1.73596826781377));
#1523=CARTESIAN_POINT('Ctrl Pts',(2.90635442178555,0.883762945087124,1.64115020360452));
#1524=CARTESIAN_POINT('Ctrl Pts',(2.93370036057482,0.774853486938444,1.55992354078142));
#1525=CARTESIAN_POINT('Ctrl Pts',(2.95992632069884,0.655521682280393,1.49366767029516));
#1526=CARTESIAN_POINT('Ctrl Pts',(2.98353758473671,0.527119617691369,1.44391149660006));
#1527=CARTESIAN_POINT('Ctrl Pts',(3.00315068595838,0.391639582890559,1.41224902287443));
#1528=CARTESIAN_POINT('Ctrl Pts',(3.01378063523809,0.289143078919433,1.40328351081027));
#1529=CARTESIAN_POINT('Ctrl Pts',(3.01820842494027,0.232853606794719,1.403230054305));
#1530=CARTESIAN_POINT('Ctrl Pts',(3.01891242451576,0.223407254498606,1.40335735958357));
#1531=CARTESIAN_POINT('',(2.90679240297873,1.27397732584948,3.54461523670196));
#1532=CARTESIAN_POINT('Ctrl Pts',(2.90679240297873,1.27397732584948,3.54461523670196));
#1533=CARTESIAN_POINT('Ctrl Pts',(2.90563621981071,1.27394608609644,3.53371059682642));
#1534=CARTESIAN_POINT('Ctrl Pts',(2.90154748333981,1.27383549545571,3.49496949881129));
#1535=CARTESIAN_POINT('Ctrl Pts',(2.89463984938124,1.27364797906729,3.42842997555889));
#1536=CARTESIAN_POINT('Ctrl Pts',(2.88617839525035,1.27341711020392,3.34492515968156));
#1537=CARTESIAN_POINT('Ctrl Pts',(2.87792265652407,1.27319073133078,3.26140166918791));
#1538=CARTESIAN_POINT('Ctrl Pts',(2.85183930324766,1.27247200979843,2.99070551491475));
#1539=CARTESIAN_POINT('Ctrl Pts',(2.83104971082593,1.27188617337937,2.74759813152462));
#1540=CARTESIAN_POINT('Ctrl Pts',(2.81470734196781,1.27141955475556,2.53217117948209));
#1541=CARTESIAN_POINT('Ctrl Pts',(3.28847386568281,0.227235496778323,4.62543448007796));
#1542=CARTESIAN_POINT('Ctrl Pts',(3.28788082559559,0.236008086712395,4.62553645253833));
#1543=CARTESIAN_POINT('Ctrl Pts',(3.2834832578836,0.296022240902284,4.62544885671107));
#1544=CARTESIAN_POINT('Ctrl Pts',(3.27117065725065,0.405139824737264,4.61540863511371));
#1545=CARTESIAN_POINT('Ctrl Pts',(3.24538391013051,0.548992391261013,4.57992018496951));
#1546=CARTESIAN_POINT('Ctrl Pts',(3.21291469347539,0.68200331114386,4.52580406487253));
#1547=CARTESIAN_POINT('Ctrl Pts',(3.17554684086365,0.803225465048617,4.45534101439141));
#1548=CARTESIAN_POINT('Ctrl Pts',(3.13518950161076,0.911637120612531,4.3708142876881));
#1549=CARTESIAN_POINT('Ctrl Pts',(3.09356320088719,1.00682167194319,4.27402081065834));
#1550=CARTESIAN_POINT('Ctrl Pts',(3.05226548119857,1.08845094582448,4.16639046959519));
#1551=CARTESIAN_POINT('Ctrl Pts',(3.01277659053005,1.15622980072788,4.04900567830218));
#1552=CARTESIAN_POINT('Ctrl Pts',(2.97658776016658,1.2096264479306,3.9230543897735));
#1553=CARTESIAN_POINT('Ctrl Pts',(2.94511611354395,1.24800354130693,3.78970039855146));
#1554=CARTESIAN_POINT('Ctrl Pts',(2.92189505154626,1.26867625070086,3.66250466827322));
#1555=CARTESIAN_POINT('Ctrl Pts',(2.91080211654728,1.27347436615863,3.57993586793064));
#1556=CARTESIAN_POINT('Ctrl Pts',(2.90679240297872,1.27397732584947,3.54461523670192));
#1557=CARTESIAN_POINT('Ctrl Pts',(-3.10846484955606,-0.34589176069643,5.85857864376269));
#1558=CARTESIAN_POINT('Ctrl Pts',(-3.71,-0.300053386810283,5.85857864376269));
#1559=CARTESIAN_POINT('Ctrl Pts',(-3.71,1.26154923798227E-15,5.85857864376269));
#1560=CARTESIAN_POINT('Ctrl Pts',(-3.71,0.300053386810286,5.85857864376269));
#1561=CARTESIAN_POINT('Ctrl Pts',(-3.10846484955606,0.34589176069643,5.85857864376269));
#1562=CARTESIAN_POINT('Ctrl Pts',(-3.10846484955606,-0.34589176069643,-1.11022302462516E-15));
#1563=CARTESIAN_POINT('Ctrl Pts',(-3.71,-0.300053386810283,-1.11022302462516E-15));
#1564=CARTESIAN_POINT('Ctrl Pts',(-3.71,1.26154923798227E-15,-1.11022302462516E-15));
#1565=CARTESIAN_POINT('Ctrl Pts',(-3.71,0.300053386810286,-1.11022302462516E-15));
#1566=CARTESIAN_POINT('Ctrl Pts',(-3.10846484955606,0.34589176069643,-1.11022302462516E-15));
#1567=CARTESIAN_POINT('Ctrl Pts',(3.28847386566264,0.22723549711016,4.62543448009938));
#1568=CARTESIAN_POINT('Ctrl Pts',(3.28884544522159,0.221858125686432,4.62543448009938));
#1569=CARTESIAN_POINT('Ctrl Pts',(3.29013848136529,0.20245371284144,4.62543448009937));
#1570=CARTESIAN_POINT('Ctrl Pts',(3.29207055277562,0.169000156884939,4.62543448009938));
#1571=CARTESIAN_POINT('Ctrl Pts',(3.29396416444316,0.126846641478545,4.62543448009938));
#1572=CARTESIAN_POINT('Ctrl Pts',(3.29531824644126,0.0846634288015689,4.62543448009938));
#1573=CARTESIAN_POINT('Ctrl Pts',(3.29613234629322,0.0424528146745285,4.62543448009938));
#1574=CARTESIAN_POINT('Ctrl Pts',(3.29640574952258,0.000225027278199794,
4.62543448009938));
#1575=CARTESIAN_POINT('Ctrl Pts',(3.29613810349643,-0.0420045593543702,
4.62543448009938));
#1576=CARTESIAN_POINT('Ctrl Pts',(3.29532962894891,-0.0842204112393199,
4.62543448009939));
#1577=CARTESIAN_POINT('Ctrl Pts',(3.29398089905132,-0.126412383186998,4.62543448009938));
#1578=CARTESIAN_POINT('Ctrl Pts',(3.2920922904776,-0.168577341791686,4.62543448009938));
#1579=CARTESIAN_POINT('Ctrl Pts',(3.29015605972545,-0.202176766157009,4.62543448009938));
#1580=CARTESIAN_POINT('Ctrl Pts',(3.28885477321963,-0.221723134106335,4.62543448009938));
#1581=CARTESIAN_POINT('Ctrl Pts',(3.28847386567523,-0.227235496927959,4.62543448009938));
#1582=CARTESIAN_POINT('Ctrl Pts',(3.28241173140826,0.226816600032939,4.57820473576738));
#1583=CARTESIAN_POINT('Ctrl Pts',(3.28278262597033,0.221449141500216,4.57820473576738));
#1584=CARTESIAN_POINT('Ctrl Pts',(3.28407327849162,0.202080499770133,4.57820473576738));
#1585=CARTESIAN_POINT('Ctrl Pts',(3.2860017882081,0.168688613662183,4.57820473576738));
#1586=CARTESIAN_POINT('Ctrl Pts',(3.2878919091118,0.126612806141524,4.57820473576739));
#1587=CARTESIAN_POINT('Ctrl Pts',(3.28924349492141,0.084507356070738,4.57820473576738));
#1588=CARTESIAN_POINT('Ctrl Pts',(3.29005609402543,0.0423745550659584,4.57820473576739));
#1589=CARTESIAN_POINT('Ctrl Pts',(3.29032899324733,0.000224612462358362,
4.57820473576739));
#1590=CARTESIAN_POINT('Ctrl Pts',(3.2900618406153,-0.0419271260881494,4.57820473576739));
#1591=CARTESIAN_POINT('Ctrl Pts',(3.28925485644645,-0.0840651551727535,
4.57820473576739));
#1592=CARTESIAN_POINT('Ctrl Pts',(3.28790861286946,-0.126179348382273,4.57820473576739));
#1593=CARTESIAN_POINT('Ctrl Pts',(3.2860234858388,-0.168266578007821,4.57820473576739));
#1594=CARTESIAN_POINT('Ctrl Pts',(3.28409082444568,-0.201804063588373,4.57820473576739));
#1595=CARTESIAN_POINT('Ctrl Pts',(3.28279193677305,-0.221314398792165,4.57820473576738));
#1596=CARTESIAN_POINT('Ctrl Pts',(3.28241173142082,-0.226816599851074,4.57820473576739));
#1597=CARTESIAN_POINT('Ctrl Pts',(3.28943483975849,0.227301900990896,4.47088216860273));
#1598=CARTESIAN_POINT('Ctrl Pts',(3.28980652779709,0.221922957932295,4.47088216860273));
#1599=CARTESIAN_POINT('Ctrl Pts',(3.29109994208217,0.202512875430478,4.47088216860273));
#1600=CARTESIAN_POINT('Ctrl Pts',(3.29303257787233,0.169049542563943,4.47088216860273));
#1601=CARTESIAN_POINT('Ctrl Pts',(3.29492674305366,0.126883709143715,4.47088216860273));
#1602=CARTESIAN_POINT('Ctrl Pts',(3.29628122066278,0.084688169478464,4.47088216860273));
#1603=CARTESIAN_POINT('Ctrl Pts',(3.29709555845912,0.0424652203900841,4.47088216860273));
#1604=CARTESIAN_POINT('Ctrl Pts',(3.29736904155373,0.00022509316136924,
4.47088216860273));
#1605=CARTESIAN_POINT('Ctrl Pts',(3.29710131734198,-0.0420168341553766,
4.47088216860273));
#1606=CARTESIAN_POINT('Ctrl Pts',(3.29629260650207,-0.0842450222646863,
4.47088216860274));
#1607=CARTESIAN_POINT('Ctrl Pts',(3.29494348253915,-0.126449323941926,4.47088216860273));
#1608=CARTESIAN_POINT('Ctrl Pts',(3.2930543219392,-0.16862660392283,4.47088216860273));
#1609=CARTESIAN_POINT('Ctrl Pts',(3.29111752556387,-0.202235847406423,4.47088216860273));
#1610=CARTESIAN_POINT('Ctrl Pts',(3.28981585852525,-0.221787927164646,4.47088216860274));
#1611=CARTESIAN_POINT('Ctrl Pts',(3.28943483977108,-0.227301900808642,4.47088216860273));
#1612=CARTESIAN_POINT('Ctrl Pts',(3.4062919701505,0.235376798101306,4.2943584738082));
#1613=CARTESIAN_POINT('Ctrl Pts',(3.4066768625558,0.2298067685004,4.2943584738082));
#1614=CARTESIAN_POINT('Ctrl Pts',(3.40801622495117,0.209707141901367,4.29435847380821));
#1615=CARTESIAN_POINT('Ctrl Pts',(3.41001751792435,0.175055025950096,4.29435847380819));
#1616=CARTESIAN_POINT('Ctrl Pts',(3.41197897307516,0.131391251408135,4.29435847380821));
#1617=CARTESIAN_POINT('Ctrl Pts',(3.41338156860907,0.0876967157405943,4.2943584738082));
#1618=CARTESIAN_POINT('Ctrl Pts',(3.41422483568062,0.0439737968802908,4.2943584738082));
#1619=CARTESIAN_POINT('Ctrl Pts',(3.41450803430255,0.000233089410706198,
4.29435847380821));
#1620=CARTESIAN_POINT('Ctrl Pts',(3.41423079915175,-0.0435094816179112,
4.2943584738082));
#1621=CARTESIAN_POINT('Ctrl Pts',(3.41339335892227,-0.0872378260068948,
4.2943584738082));
#1622=CARTESIAN_POINT('Ctrl Pts',(3.41199630724958,-0.130941434691008,4.2943584738082));
#1623=CARTESIAN_POINT('Ctrl Pts',(3.41004003443048,-0.174617062405647,4.2943584738082));
#1624=CARTESIAN_POINT('Ctrl Pts',(3.40803443310821,-0.209420273058723,4.29435847380821));
#1625=CARTESIAN_POINT('Ctrl Pts',(3.40668652475175,-0.229666940385446,4.29435847380819));
#1626=CARTESIAN_POINT('Ctrl Pts',(3.40629197016354,-0.235376797912577,4.2943584738082));
#1627=CARTESIAN_POINT('Ctrl Pts',(3.5466552406315,0.245075983451933,4.25));
#1628=CARTESIAN_POINT('Ctrl Pts',(3.54705599316942,0.239276428984398,4.25));
#1629=CARTESIAN_POINT('Ctrl Pts',(3.54845054715632,0.218348557052033,4.25));
#1630=CARTESIAN_POINT('Ctrl Pts',(3.55053430720957,0.18226852799289,4.25));
#1631=CARTESIAN_POINT('Ctrl Pts',(3.5525765883764,0.136805498188163,4.25));
#1632=CARTESIAN_POINT('Ctrl Pts',(3.55403698062291,0.091310439257109,4.25));
#1633=CARTESIAN_POINT('Ctrl Pts',(3.55491499631284,0.0457858275947091,4.25000000000001));
#1634=CARTESIAN_POINT('Ctrl Pts',(3.55520986467371,0.000242694518449283,
4.25000000000001));
#1635=CARTESIAN_POINT('Ctrl Pts',(3.55492120551711,-0.045302379376757,4.25));
#1636=CARTESIAN_POINT('Ctrl Pts',(3.55404925678797,-0.0908326397536778,
4.25000000000001));
#1637=CARTESIAN_POINT('Ctrl Pts',(3.55259463682258,-0.136337145834404,4.25));
#1638=CARTESIAN_POINT('Ctrl Pts',(3.55055775157277,-0.181812517272595,4.25));
#1639=CARTESIAN_POINT('Ctrl Pts',(3.54846950559598,-0.218049866601228,4.25));
#1640=CARTESIAN_POINT('Ctrl Pts',(3.54706605352213,-0.239130839338068,4.25));
#1641=CARTESIAN_POINT('Ctrl Pts',(3.54665524064507,-0.245075983255428,4.25));
#1642=CARTESIAN_POINT('Ctrl Pts',(3.6179138884837,0.249999998338344,4.25));
#1643=CARTESIAN_POINT('Ctrl Pts',(3.6183226929632,0.244083920682813,4.25));
#1644=CARTESIAN_POINT('Ctrl Pts',(3.61974526574733,0.22273556956383,4.25));
#1645=CARTESIAN_POINT('Ctrl Pts',(3.62187089248926,0.18593062913904,4.25));
#1646=CARTESIAN_POINT('Ctrl Pts',(3.62395420658305,0.13955416544576,4.25));
#1647=CARTESIAN_POINT('Ctrl Pts',(3.62544394080846,0.0931450294029099,4.25));
#1648=CARTESIAN_POINT('Ctrl Pts',(3.6263395973596,0.0467057468268042,4.25000000000001));
#1649=CARTESIAN_POINT('Ctrl Pts',(3.62664039018359,0.000247570559579982,
4.25000000000001));
#1650=CARTESIAN_POINT('Ctrl Pts',(3.62634593132067,-0.0462125851917611,
4.25000000000001));
#1651=CARTESIAN_POINT('Ctrl Pts',(3.62545646361819,-0.092657630245496,4.25000000000001));
#1652=CARTESIAN_POINT('Ctrl Pts',(3.62397261766787,-0.13907640306468,4.25));
#1653=CARTESIAN_POINT('Ctrl Pts',(3.62189480787892,-0.185465456338334,4.25));
#1654=CARTESIAN_POINT('Ctrl Pts',(3.61976460511141,-0.222430878300678,4.25));
#1655=CARTESIAN_POINT('Ctrl Pts',(3.61833295544211,-0.243935405617038,4.25));
#1656=CARTESIAN_POINT('Ctrl Pts',(3.61791388849756,-0.24999999813789,4.25));
#1657=CARTESIAN_POINT('',(3.61791388859744,0.249999998346203,4.25));
#1658=CARTESIAN_POINT('Ctrl Pts',(3.28847386566264,0.22723549711016,4.62543448009938));
#1659=CARTESIAN_POINT('Ctrl Pts',(3.28241173140826,0.226816600032939,4.57820473576738));
#1660=CARTESIAN_POINT('Ctrl Pts',(3.28943483975849,0.227301900990896,4.47088216860273));
#1661=CARTESIAN_POINT('Ctrl Pts',(3.4062919701505,0.235376798101306,4.2943584738082));
#1662=CARTESIAN_POINT('Ctrl Pts',(3.5466552406315,0.245075983451933,4.25));
#1663=CARTESIAN_POINT('Ctrl Pts',(3.6179138884837,0.249999998338344,4.25));
#1664=CARTESIAN_POINT('',(3.61791388862501,-0.249999998146698,4.25));
#1665=CARTESIAN_POINT('Ctrl Pts',(3.6179138884837,0.249999998338344,4.25));
#1666=CARTESIAN_POINT('Ctrl Pts',(3.6183226929632,0.244083920682813,4.25));
#1667=CARTESIAN_POINT('Ctrl Pts',(3.61974526574733,0.22273556956383,4.25));
#1668=CARTESIAN_POINT('Ctrl Pts',(3.62187089248926,0.18593062913904,4.25));
#1669=CARTESIAN_POINT('Ctrl Pts',(3.62395420658305,0.13955416544576,4.25));
#1670=CARTESIAN_POINT('Ctrl Pts',(3.62544394080846,0.0931450294029099,4.25));
#1671=CARTESIAN_POINT('Ctrl Pts',(3.6263395973596,0.0467057468268042,4.25000000000001));
#1672=CARTESIAN_POINT('Ctrl Pts',(3.62664039018359,0.000247570559579982,
4.25000000000001));
#1673=CARTESIAN_POINT('Ctrl Pts',(3.62634593132067,-0.0462125851917611,
4.25000000000001));
#1674=CARTESIAN_POINT('Ctrl Pts',(3.62545646361819,-0.092657630245496,4.25000000000001));
#1675=CARTESIAN_POINT('Ctrl Pts',(3.62397261766787,-0.13907640306468,4.25));
#1676=CARTESIAN_POINT('Ctrl Pts',(3.62189480787892,-0.185465456338334,4.25));
#1677=CARTESIAN_POINT('Ctrl Pts',(3.61976460511141,-0.222430878300678,4.25));
#1678=CARTESIAN_POINT('Ctrl Pts',(3.61833295544211,-0.243935405617038,4.25));
#1679=CARTESIAN_POINT('Ctrl Pts',(3.61791388849756,-0.24999999813789,4.25));
#1680=CARTESIAN_POINT('Ctrl Pts',(3.61791388849756,-0.24999999813789,4.25));
#1681=CARTESIAN_POINT('Ctrl Pts',(3.54665524064507,-0.245075983255428,4.25));
#1682=CARTESIAN_POINT('Ctrl Pts',(3.40629197016354,-0.235376797912577,4.2943584738082));
#1683=CARTESIAN_POINT('Ctrl Pts',(3.28943483977108,-0.227301900808642,4.47088216860273));
#1684=CARTESIAN_POINT('Ctrl Pts',(3.28241173142082,-0.226816599851074,4.57820473576739));
#1685=CARTESIAN_POINT('Ctrl Pts',(3.28847386567523,-0.227235496927959,4.62543448009938));
#1686=CARTESIAN_POINT('Ctrl Pts',(3.28847386569782,-0.227235496556147,4.62543448007538));
#1687=CARTESIAN_POINT('Ctrl Pts',(3.28781032802103,-0.237050927381305,4.62554857450558));
#1688=CARTESIAN_POINT('Ctrl Pts',(3.28337818096935,-0.296976192125527,4.62536658603767));
#1689=CARTESIAN_POINT('Ctrl Pts',(3.27101659797944,-0.405950990212088,4.61518825318668));
#1690=CARTESIAN_POINT('Ctrl Pts',(3.24541932640303,-0.548843655352975,4.57997773737443));
#1691=CARTESIAN_POINT('Ctrl Pts',(3.21292895100656,-0.681956998431403,4.52583115246096));
#1692=CARTESIAN_POINT('Ctrl Pts',(3.17553708518926,-0.803252728189556,4.45532101720627));
#1693=CARTESIAN_POINT('Ctrl Pts',(3.13515306633402,-0.911732942410588,4.37073745691544));
#1694=CARTESIAN_POINT('Ctrl Pts',(3.09349589512719,-1.00696560802205,4.27385804068645));
#1695=CARTESIAN_POINT('Ctrl Pts',(3.05218162204307,-1.08860363817077,4.16615660739538));
#1696=CARTESIAN_POINT('Ctrl Pts',(3.01270102125957,-1.15634928704715,4.04876323485074));
#1697=CARTESIAN_POINT('Ctrl Pts',(2.97653930491807,-1.20968922403616,3.92286394153182));
#1698=CARTESIAN_POINT('Ctrl Pts',(2.94509394156142,-1.24802364025583,3.78958199468066));
#1699=CARTESIAN_POINT('Ctrl Pts',(2.92189266298593,-1.26867688928141,3.66248567011075));
#1700=CARTESIAN_POINT('Ctrl Pts',(2.91080288754258,-1.27347426944859,3.57994265944834));
#1701=CARTESIAN_POINT('Ctrl Pts',(2.90679240297873,-1.27397732584948,3.54461523670194));
#1702=CARTESIAN_POINT('Ctrl Pts',(3.28241173143647,-0.226816599580224,4.57820473574338));
#1703=CARTESIAN_POINT('Ctrl Pts',(3.2817824813436,-0.236136835271121,4.57831909044812));
#1704=CARTESIAN_POINT('Ctrl Pts',(3.27759000227878,-0.293047098331132,4.57817932018102));
#1705=CARTESIAN_POINT('Ctrl Pts',(3.26603716325759,-0.396609876548332,4.56856476824897));
#1706=CARTESIAN_POINT('Ctrl Pts',(3.24225193662733,-0.532731197806458,4.53509534846473));
#1707=CARTESIAN_POINT('Ctrl Pts',(3.21207779537594,-0.659915520750813,4.48345526632796));
#1708=CARTESIAN_POINT('Ctrl Pts',(3.17730673293797,-0.776164523770834,4.41602897459018));
#1709=CARTESIAN_POINT('Ctrl Pts',(3.13968713629133,-0.880419212619509,4.33497991452032));
#1710=CARTESIAN_POINT('Ctrl Pts',(3.10081637214755,-0.972150993421468,4.24202401126984));
#1711=CARTESIAN_POINT('Ctrl Pts',(3.06221061926506,-1.05092537462039,4.13861546574805));
#1712=CARTESIAN_POINT('Ctrl Pts',(3.02527346502381,-1.11637743096915,4.02589530577927));
#1713=CARTESIAN_POINT('Ctrl Pts',(2.99139827583678,-1.16796092751512,3.90505987224112));
#1714=CARTESIAN_POINT('Ctrl Pts',(2.96188615666655,-1.20507074358502,3.77723344819934));
#1715=CARTESIAN_POINT('Ctrl Pts',(2.94003609156524,-1.22510745008709,3.6554475270793));
#1716=CARTESIAN_POINT('Ctrl Pts',(2.92952537903492,-1.22980715798416,3.57640511162045));
#1717=CARTESIAN_POINT('Ctrl Pts',(2.92570726414916,-1.23032318572807,3.54258600696899));
#1718=CARTESIAN_POINT('Ctrl Pts',(3.28943386408956,-0.227301833339059,4.47088211329146));
#1719=CARTESIAN_POINT('Ctrl Pts',(3.28887183662291,-0.235586344915435,4.47100629270357));
#1720=CARTESIAN_POINT('Ctrl Pts',(3.28515638277718,-0.28618120643992,4.47103233398885));
#1721=CARTESIAN_POINT('Ctrl Pts',(3.27522511543951,-0.378453395313999,4.46290736152842));
#1722=CARTESIAN_POINT('Ctrl Pts',(3.25505397574782,-0.500605429906897,4.43381708013289));
#1723=CARTESIAN_POINT('Ctrl Pts',(3.22942313373425,-0.615767337996167,4.38832819071961));
#1724=CARTESIAN_POINT('Ctrl Pts',(3.19969147215228,-0.721980339069129,4.32830997934836));
#1725=CARTESIAN_POINT('Ctrl Pts',(3.16727941203896,-0.817996114950189,4.25557205739247));
#1726=CARTESIAN_POINT('Ctrl Pts',(3.13355918242333,-0.903024371773317,4.17164627521679));
#1727=CARTESIAN_POINT('Ctrl Pts',(3.09988202092812,-0.976397250541835,4.07791801497172));
#1728=CARTESIAN_POINT('Ctrl Pts',(3.06751834838136,-1.03757578959216,3.97553833939492));
#1729=CARTESIAN_POINT('Ctrl Pts',(3.0377230258355,-1.08592119739715,3.86572488965399));
#1730=CARTESIAN_POINT('Ctrl Pts',(3.01164905147002,-1.12080255701398,3.74961799721793));
#1731=CARTESIAN_POINT('Ctrl Pts',(2.99220307352562,-1.13975495445133,3.63911741511573));
#1732=CARTESIAN_POINT('Ctrl Pts',(2.98273263960795,-1.14432036698225,3.56748187459999));
#1733=CARTESIAN_POINT('Ctrl Pts',(2.97926100272478,-1.14488435156199,3.53684063894067));
#1734=CARTESIAN_POINT('Ctrl Pts',(3.4062868038413,-0.235376441192762,4.29436570309706));
#1735=CARTESIAN_POINT('Ctrl Pts',(3.40573756270342,-0.24240080006342,4.29449341115496));
#1736=CARTESIAN_POINT('Ctrl Pts',(3.40212763228333,-0.285314968746409,4.29468917796529));
#1737=CARTESIAN_POINT('Ctrl Pts',(3.39269856761557,-0.363726361644988,4.28858298582077));
#1738=CARTESIAN_POINT('Ctrl Pts',(3.37385452829662,-0.46823305526907,4.26569692634924));
#1739=CARTESIAN_POINT('Ctrl Pts',(3.35008658499564,-0.567551018605607,4.22915307474338));
#1740=CARTESIAN_POINT('Ctrl Pts',(3.32265767122292,-0.659827986815977,4.18016943410524));
#1741=CARTESIAN_POINT('Ctrl Pts',(3.29291145512267,-0.743707421717549,4.12010173610889));
#1742=CARTESIAN_POINT('Ctrl Pts',(3.2621535692864,-0.818226897550766,4.05024686604034));
#1743=CARTESIAN_POINT('Ctrl Pts',(3.23165321349435,-0.882591203555027,3.97189859902361));
#1744=CARTESIAN_POINT('Ctrl Pts',(3.20256944290106,-0.936202393508564,3.88622231317258));
#1745=CARTESIAN_POINT('Ctrl Pts',(3.17599507557848,-0.978466736195107,3.79444864151961));
#1746=CARTESIAN_POINT('Ctrl Pts',(3.15287443892856,-1.00887674669291,3.69770107209208));
#1747=CARTESIAN_POINT('Ctrl Pts',(3.1356581045263,-1.0253797462937,3.60596103857209));
#1748=CARTESIAN_POINT('Ctrl Pts',(3.12722049394444,-1.02939313292422,3.54664570989835));
#1749=CARTESIAN_POINT('Ctrl Pts',(3.12410798909801,-1.02991143435358,3.52130112168864));
#1750=CARTESIAN_POINT('Ctrl Pts',(3.54665524064753,-0.245075983570893,4.24999999998967));
#1751=CARTESIAN_POINT('Ctrl Pts',(3.54604399339935,-0.252255373932968,4.25004971449899));
#1752=CARTESIAN_POINT('Ctrl Pts',(3.54201429968695,-0.296093665399834,4.24972079448952));
#1753=CARTESIAN_POINT('Ctrl Pts',(3.53134304783533,-0.375888726645395,4.24210376742423));
#1754=CARTESIAN_POINT('Ctrl Pts',(3.51006549251464,-0.480685757181052,4.21643158937624));
#1755=CARTESIAN_POINT('Ctrl Pts',(3.48360419178437,-0.578349249652812,4.17717840839557));
#1756=CARTESIAN_POINT('Ctrl Pts',(3.45363484232921,-0.667166991602208,4.12628562466309));
#1757=CARTESIAN_POINT('Ctrl Pts',(3.42177739727311,-0.746191788188692,4.06562964569479));
#1758=CARTESIAN_POINT('Ctrl Pts',(3.38947992020657,-0.81495962566392,3.996828009828));
#1759=CARTESIAN_POINT('Ctrl Pts',(3.35805133512866,-0.873180531103783,3.92134346236942));
#1760=CARTESIAN_POINT('Ctrl Pts',(3.32860905879201,-0.920732366177987,3.84039588888062));
#1761=CARTESIAN_POINT('Ctrl Pts',(3.30214370860911,-0.957472628355968,3.75516625160646));
#1762=CARTESIAN_POINT('Ctrl Pts',(3.27945084742847,-0.983307139381722,3.66662995160555));
#1763=CARTESIAN_POINT('Ctrl Pts',(3.26275291253235,-0.996838560545975,3.58364257966806));
#1764=CARTESIAN_POINT('Ctrl Pts',(3.25463022314625,-0.999778292473864,3.53035579201127));
#1765=CARTESIAN_POINT('Ctrl Pts',(3.25163902415033,-1.,3.50761929944997));
#1766=CARTESIAN_POINT('Ctrl Pts',(3.61791388850189,-0.249999998426109,4.25));
#1767=CARTESIAN_POINT('Ctrl Pts',(3.61728147289432,-0.257483384707405,4.2500000000157));
#1768=CARTESIAN_POINT('Ctrl Pts',(3.61311291068624,-0.303167510352976,4.24931884162761));
#1769=CARTESIAN_POINT('Ctrl Pts',(3.60205944934165,-0.386156694082041,4.24043294108888));
#1770=CARTESIAN_POINT('Ctrl Pts',(3.5800900616033,-0.494261388016692,4.21195529225014));
#1771=CARTESIAN_POINT('Ctrl Pts',(3.55292678851972,-0.593831988150432,4.1693627129639));
#1772=CARTESIAN_POINT('Ctrl Pts',(3.52238430049301,-0.683125559746555,4.11514108718051));
#1773=CARTESIAN_POINT('Ctrl Pts',(3.49017282254476,-0.761363543084496,4.05160910985461));
#1774=CARTESIAN_POINT('Ctrl Pts',(3.45778286387853,-0.828349834789101,3.98070886207186));
#1775=CARTESIAN_POINT('Ctrl Pts',(3.42652460116064,-0.884107051014102,3.90412333849087));
#1776=CARTESIAN_POINT('Ctrl Pts',(3.39748189012861,-0.928840139099841,3.82319893897617));
#1777=CARTESIAN_POINT('Ctrl Pts',(3.37158083154749,-0.962738990651079,3.73915424659284));
#1778=CARTESIAN_POINT('Ctrl Pts',(3.34952734247758,-0.986030144912015,3.65290657522459));
#1779=CARTESIAN_POINT('Ctrl Pts',(3.33338538170038,-0.997776803624539,3.57286358696687));
#1780=CARTESIAN_POINT('Ctrl Pts',(3.32554738800671,-1.,3.52176906726962));
#1781=CARTESIAN_POINT('Ctrl Pts',(3.32266005689569,-1.,3.5));
#1782=CARTESIAN_POINT('',(3.32266005689569,-1.,3.5));
#1783=CARTESIAN_POINT('Ctrl Pts',(3.32266005689569,-1.,3.5));
#1784=CARTESIAN_POINT('Ctrl Pts',(3.25163902415033,-1.,3.50761929944997));
#1785=CARTESIAN_POINT('Ctrl Pts',(3.12410798909801,-1.02991143435358,3.52130112168864));
#1786=CARTESIAN_POINT('Ctrl Pts',(2.97926100272478,-1.14488435156199,3.53684063894067));
#1787=CARTESIAN_POINT('Ctrl Pts',(2.92570726414916,-1.23032318572807,3.54258600696899));
#1788=CARTESIAN_POINT('Ctrl Pts',(2.90679240297873,-1.27397732584948,3.54461523670194));
#1789=CARTESIAN_POINT('Ctrl Pts',(3.61791388850189,-0.249999998426109,4.25));
#1790=CARTESIAN_POINT('Ctrl Pts',(3.61728147289432,-0.257483384707405,4.2500000000157));
#1791=CARTESIAN_POINT('Ctrl Pts',(3.61311291068624,-0.303167510352976,4.24931884162761));
#1792=CARTESIAN_POINT('Ctrl Pts',(3.60205944934165,-0.386156694082041,4.24043294108888));
#1793=CARTESIAN_POINT('Ctrl Pts',(3.5800900616033,-0.494261388016692,4.21195529225014));
#1794=CARTESIAN_POINT('Ctrl Pts',(3.55292678851972,-0.593831988150432,4.1693627129639));
#1795=CARTESIAN_POINT('Ctrl Pts',(3.52238430049301,-0.683125559746555,4.11514108718051));
#1796=CARTESIAN_POINT('Ctrl Pts',(3.49017282254476,-0.761363543084496,4.05160910985461));
#1797=CARTESIAN_POINT('Ctrl Pts',(3.45778286387853,-0.828349834789101,3.98070886207186));
#1798=CARTESIAN_POINT('Ctrl Pts',(3.42652460116064,-0.884107051014102,3.90412333849087));
#1799=CARTESIAN_POINT('Ctrl Pts',(3.39748189012861,-0.928840139099841,3.82319893897617));
#1800=CARTESIAN_POINT('Ctrl Pts',(3.37158083154749,-0.962738990651079,3.73915424659284));
#1801=CARTESIAN_POINT('Ctrl Pts',(3.34952734247758,-0.986030144912015,3.65290657522459));
#1802=CARTESIAN_POINT('Ctrl Pts',(3.33338538170038,-0.997776803624539,3.57286358696687));
#1803=CARTESIAN_POINT('Ctrl Pts',(3.32554738800671,-1.,3.52176906726962));
#1804=CARTESIAN_POINT('Ctrl Pts',(3.32266005689569,-1.,3.5));
#1805=CARTESIAN_POINT('Ctrl Pts',(2.90679240297872,-1.27397732584948,3.54461523670193));
#1806=CARTESIAN_POINT('Ctrl Pts',(2.90563508863019,-1.27394605553225,3.53369992800114));
#1807=CARTESIAN_POINT('Ctrl Pts',(2.90154629439589,-1.27383546322968,3.49495812100947));
#1808=CARTESIAN_POINT('Ctrl Pts',(2.89463754450662,-1.27364791630816,3.42840741252476));
#1809=CARTESIAN_POINT('Ctrl Pts',(2.88617569675373,-1.27341703634072,3.34489805863682));
#1810=CARTESIAN_POINT('Ctrl Pts',(2.87792023117102,-1.27319066454482,3.26137650447035));
#1811=CARTESIAN_POINT('Ctrl Pts',(2.85183775464225,-1.27247196632858,2.99068782219987));
#1812=CARTESIAN_POINT('Ctrl Pts',(2.83104568498921,-1.27188605843089,2.74754506248952));
#1813=CARTESIAN_POINT('Ctrl Pts',(2.8147073419686,-1.27141955475558,2.53217117949249));
#1814=CARTESIAN_POINT('Ctrl Pts',(2.93989341002698,-1.19758258063702,3.54106408466925));
#1815=CARTESIAN_POINT('Ctrl Pts',(2.93874860426056,-1.19755628910768,3.53015826403059));
#1816=CARTESIAN_POINT('Ctrl Pts',(2.9347040296191,-1.19746330760444,3.49145018821339));
#1817=CARTESIAN_POINT('Ctrl Pts',(2.92787024714944,-1.19730567738159,3.42495782836468));
#1818=CARTESIAN_POINT('Ctrl Pts',(2.91950062304134,-1.19711170453606,3.34152239067063));
#1819=CARTESIAN_POINT('Ctrl Pts',(2.91133552545929,-1.19692159731303,3.25807545834221));
#1820=CARTESIAN_POINT('Ctrl Pts',(2.8855397754895,-1.19631827336416,2.98763083362252));
#1821=CARTESIAN_POINT('Ctrl Pts',(2.86498077247307,-1.1958273137773,2.74471578480303));
#1822=CARTESIAN_POINT('Ctrl Pts',(2.84882771370128,-1.19543685269766,2.52954941191218));
#1823=CARTESIAN_POINT('Ctrl Pts',(3.0582279763065,-1.05024345227934,3.52836888071469));
#1824=CARTESIAN_POINT('Ctrl Pts',(3.05710083310254,-1.05023628989978,3.51749987358585));
#1825=CARTESIAN_POINT('Ctrl Pts',(3.05311871631274,-1.05021096243941,3.47892257122597));
#1826=CARTESIAN_POINT('Ctrl Pts',(3.04639070731155,-1.05016803412436,3.41265546826787));
#1827=CARTESIAN_POINT('Ctrl Pts',(3.0381510744055,-1.05011522600177,3.32950379676882));
#1828=CARTESIAN_POINT('Ctrl Pts',(3.03011321003322,-1.05006348649503,3.24634176196772));
#1829=CARTESIAN_POINT('Ctrl Pts',(3.00472073389838,-1.04989933720127,2.97682394371044));
#1830=CARTESIAN_POINT('Ctrl Pts',(2.98448800212362,-1.04976595016997,2.73475486324908));
#1831=CARTESIAN_POINT('Ctrl Pts',(2.96859350686637,-1.04965995460314,2.52034675502996));
#1832=CARTESIAN_POINT('Ctrl Pts',(3.23980218535943,-1.,3.50888918269163));
#1833=CARTESIAN_POINT('Ctrl Pts',(3.23867679111241,-1.,3.49807938006159));
#1834=CARTESIAN_POINT('Ctrl Pts',(3.23470084946979,-1.,3.45971227556384));
#1835=CARTESIAN_POINT('Ctrl Pts',(3.22798323337879,-1.,3.39380641920859));
#1836=CARTESIAN_POINT('Ctrl Pts',(3.21975626505096,-1.,3.31110841446512));
#1837=CARTESIAN_POINT('Ctrl Pts',(3.21173069386849,-1.,3.22840046079207));
#1838=CARTESIAN_POINT('Ctrl Pts',(3.18637686500227,-1.,2.96035541833417));
#1839=CARTESIAN_POINT('Ctrl Pts',(3.16617425027368,-0.999999999999999,2.71961376778564));
#1840=CARTESIAN_POINT('Ctrl Pts',(3.15030311035363,-1.,2.50638441161866));
#1841=CARTESIAN_POINT('Ctrl Pts',(3.32266005689569,-1.,3.5));
#1842=CARTESIAN_POINT('Ctrl Pts',(3.32153753791949,-1.,3.48921699838543));
#1843=CARTESIAN_POINT('Ctrl Pts',(3.31757175445673,-1.,3.45094501542479));
#1844=CARTESIAN_POINT('Ctrl Pts',(3.31087132248551,-1.,3.38520273772371));
#1845=CARTESIAN_POINT('Ctrl Pts',(3.30266542979006,-1.,3.30271025437605));
#1846=CARTESIAN_POINT('Ctrl Pts',(3.29466044941291,-1.,3.22020812475671));
#1847=CARTESIAN_POINT('Ctrl Pts',(3.26937176552741,-1.,2.95283101043284));
#1848=CARTESIAN_POINT('Ctrl Pts',(3.249221413176,-1.,2.71269255539877));
#1849=CARTESIAN_POINT('Ctrl Pts',(3.23339151949028,-1.,2.50000000001025));
#1850=CARTESIAN_POINT('',(3.23339151949103,-1.,2.50000000001019));
#1851=CARTESIAN_POINT('Ctrl Pts',(3.23339151949028,-1.,2.50000000001025));
#1852=CARTESIAN_POINT('Ctrl Pts',(3.15030311035363,-1.,2.50638441161866));
#1853=CARTESIAN_POINT('Ctrl Pts',(2.96859350686637,-1.04965995460314,2.52034675502996));
#1854=CARTESIAN_POINT('Ctrl Pts',(2.84882771370128,-1.19543685269766,2.52954941191218));
#1855=CARTESIAN_POINT('Ctrl Pts',(2.8147073419686,-1.27141955475558,2.53217117949249));
#1856=CARTESIAN_POINT('Ctrl Pts',(3.32266005689569,-1.,3.5));
#1857=CARTESIAN_POINT('Ctrl Pts',(3.32153753791949,-1.,3.48921699838543));
#1858=CARTESIAN_POINT('Ctrl Pts',(3.31757175445673,-1.,3.45094501542479));
#1859=CARTESIAN_POINT('Ctrl Pts',(3.31087132248551,-1.,3.38520273772371));
#1860=CARTESIAN_POINT('Ctrl Pts',(3.30266542979006,-1.,3.30271025437605));
#1861=CARTESIAN_POINT('Ctrl Pts',(3.29466044941291,-1.,3.22020812475671));
#1862=CARTESIAN_POINT('Ctrl Pts',(3.26937176552741,-1.,2.95283101043284));
#1863=CARTESIAN_POINT('Ctrl Pts',(3.249221413176,-1.,2.71269255539877));
#1864=CARTESIAN_POINT('Ctrl Pts',(3.23339151949028,-1.,2.50000000001025));
#1865=CARTESIAN_POINT('Ctrl Pts',(2.81470734196891,-1.27141955475542,2.53217117949562));
#1866=CARTESIAN_POINT('Ctrl Pts',(2.81399112529439,-1.27150816057545,2.52337102735157));
#1867=CARTESIAN_POINT('Ctrl Pts',(2.80972970530495,-1.27146902369598,2.46740597330697));
#1868=CARTESIAN_POINT('Ctrl Pts',(2.80533919459986,-1.264266100843,2.36376392065918));
#1869=CARTESIAN_POINT('Ctrl Pts',(2.80741382221217,-1.23795283718068,2.22381875743223));
#1870=CARTESIAN_POINT('Ctrl Pts',(2.8170521451348,-1.19564746888033,2.08886000838566));
#1871=CARTESIAN_POINT('Ctrl Pts',(2.8332047215402,-1.13815501804499,1.96138296587071));
#1872=CARTESIAN_POINT('Ctrl Pts',(2.85449411594731,-1.06641911394751,1.84328867209217));
#1873=CARTESIAN_POINT('Ctrl Pts',(2.87939263850942,-0.981372703853068,1.73614525156754));
#1874=CARTESIAN_POINT('Ctrl Pts',(2.90632125192411,-0.883887223190645,1.64125645383251));
#1875=CARTESIAN_POINT('Ctrl Pts',(2.93368878866376,-0.774910669365502,1.55994814140472));
#1876=CARTESIAN_POINT('Ctrl Pts',(2.95994413181759,-0.65544245147574,1.49362275629562));
#1877=CARTESIAN_POINT('Ctrl Pts',(2.98357446290756,-0.526899681398186,1.44384083048478));
#1878=CARTESIAN_POINT('Ctrl Pts',(3.00318769684428,-0.391352360744939,1.41219863041097));
#1879=CARTESIAN_POINT('Ctrl Pts',(3.01380113217433,-0.288915351516784,1.40327428987775));
#1880=CARTESIAN_POINT('Ctrl Pts',(3.01821783205251,-0.23272738106007,1.40323175539427));
#1881=CARTESIAN_POINT('Ctrl Pts',(3.01891242461021,-0.223407253231359,1.40335735960065));
#1882=CARTESIAN_POINT('Ctrl Pts',(2.83420469724468,-1.22800086786518,2.53067302659201));
#1883=CARTESIAN_POINT('Ctrl Pts',(2.83352305815478,-1.22809204688824,2.52225104676301));
#1884=CARTESIAN_POINT('Ctrl Pts',(2.82945988932656,-1.22808999758095,2.46869197888774));
#1885=CARTESIAN_POINT('Ctrl Pts',(2.82516474941845,-1.2212090367681,2.3695307442977));
#1886=CARTESIAN_POINT('Ctrl Pts',(2.8267452270745,-1.19592182484574,2.2356453923981));
#1887=CARTESIAN_POINT('Ctrl Pts',(2.8353155755965,-1.15521141871438,2.10650401529868));
#1888=CARTESIAN_POINT('Ctrl Pts',(2.84992275104302,-1.09985757603277,1.98447922174482));
#1889=CARTESIAN_POINT('Ctrl Pts',(2.86930699619425,-1.03078694932387,1.87140187425043));
#1890=CARTESIAN_POINT('Ctrl Pts',(2.89206366159189,-0.94893397349486,1.76880303516352));
#1891=CARTESIAN_POINT('Ctrl Pts',(2.916734939506,-0.855193461981741,1.6779673975542));
#1892=CARTESIAN_POINT('Ctrl Pts',(2.941852014488,-0.750546769949341,1.6001927725337));
#1893=CARTESIAN_POINT('Ctrl Pts',(2.96598995256404,-0.636027200197703,1.53683090205025));
#1894=CARTESIAN_POINT('Ctrl Pts',(2.98777150663644,-0.513052374496755,1.48935794555086));
#1895=CARTESIAN_POINT('Ctrl Pts',(3.00594453439928,-0.3836244477169,1.45925777097964));
#1896=CARTESIAN_POINT('Ctrl Pts',(3.01589064056572,-0.285964501228682,1.45082036796086));
#1897=CARTESIAN_POINT('Ctrl Pts',(3.02008871252467,-0.232423358024048,1.45081498176909));
#1898=CARTESIAN_POINT('Ctrl Pts',(3.02075078051877,-0.223543296278069,1.45094071421114));
#1899=CARTESIAN_POINT('Ctrl Pts',(2.88876975427378,-1.14325424498137,2.52648031442877));
#1900=CARTESIAN_POINT('Ctrl Pts',(2.88815074480538,-1.14335395266775,2.51885440304176));
#1901=CARTESIAN_POINT('Ctrl Pts',(2.88444512955652,-1.14344838642695,2.47036366154296));
#1902=CARTESIAN_POINT('Ctrl Pts',(2.88034194101039,-1.13722385654129,2.38062287436774));
#1903=CARTESIAN_POINT('Ctrl Pts',(2.88109457280697,-1.11395130831416,2.25949245402262));
#1904=CARTESIAN_POINT('Ctrl Pts',(2.88783579056836,-1.07633833352556,2.14264669899877));
#1905=CARTESIAN_POINT('Ctrl Pts',(2.89977408022084,-1.02512051399687,2.03223301550617));
#1906=CARTESIAN_POINT('Ctrl Pts',(2.91584667342402,-0.961199370493841,1.92995328360621));
#1907=CARTESIAN_POINT('Ctrl Pts',(2.93485127651774,-0.885529564737981,1.83726728177123));
#1908=CARTESIAN_POINT('Ctrl Pts',(2.95552998160017,-0.79907714822275,1.75541097924112));
#1909=CARTESIAN_POINT('Ctrl Pts',(2.9766204054192,-0.702924101990479,1.6855992043632));
#1910=CARTESIAN_POINT('Ctrl Pts',(2.99692135544422,-0.598208638051374,1.62903524038909));
#1911=CARTESIAN_POINT('Ctrl Pts',(3.01531175550385,-0.486380716971583,1.58695690780742));
#1912=CARTESIAN_POINT('Ctrl Pts',(3.03081699209226,-0.369323998467816,1.56053973405416));
#1913=CARTESIAN_POINT('Ctrl Pts',(3.0395260695335,-0.281382715590909,1.55332094778574));
#1914=CARTESIAN_POINT('Ctrl Pts',(3.04332176907268,-0.233241660753453,1.55344966404217));
#1915=CARTESIAN_POINT('Ctrl Pts',(3.04392466174382,-0.225258222855267,1.55358299036478));
#1916=CARTESIAN_POINT('Ctrl Pts',(3.03449886111731,-1.02957624944057,2.51528266831605));
#1917=CARTESIAN_POINT('Ctrl Pts',(3.03394491677245,-1.02966838980893,2.50898139511643));
#1918=CARTESIAN_POINT('Ctrl Pts',(3.03062048896991,-1.02978682133569,2.46891681503736));
#1919=CARTESIAN_POINT('Ctrl Pts',(3.02680456316124,-1.0244980311153,2.39483501246755));
#1920=CARTESIAN_POINT('Ctrl Pts',(3.02697856245413,-1.00454919669159,2.294800573194));
#1921=CARTESIAN_POINT('Ctrl Pts',(3.03228982323604,-0.972179623530598,2.19811790837138));
#1922=CARTESIAN_POINT('Ctrl Pts',(3.04217071479995,-0.927925982169398,2.10650736032486));
#1923=CARTESIAN_POINT('Ctrl Pts',(3.05581542981824,-0.872489570869081,2.02143083324184));
#1924=CARTESIAN_POINT('Ctrl Pts',(3.07226041595149,-0.806673084389537,1.94422808494287));
#1925=CARTESIAN_POINT('Ctrl Pts',(3.09044123360094,-0.731363998858955,1.87608233445572));
#1926=CARTESIAN_POINT('Ctrl Pts',(3.10924174038598,-0.647618131938241,1.81813131531649));
#1927=CARTESIAN_POINT('Ctrl Pts',(3.12756769890214,-0.556582469914288,1.77143086810216));
#1928=CARTESIAN_POINT('Ctrl Pts',(3.14438115959153,-0.459670528260799,1.73696429455474));
#1929=CARTESIAN_POINT('Ctrl Pts',(3.15877552619397,-0.358604283230215,1.71556568059816));
#1930=CARTESIAN_POINT('Ctrl Pts',(3.16704930668045,-0.282929113193682,1.70987462299073));
#1931=CARTESIAN_POINT('Ctrl Pts',(3.17073676852071,-0.241547078209991,1.71008057975124));
#1932=CARTESIAN_POINT('Ctrl Pts',(3.17132522291144,-0.234686190754756,1.71020618861367));
#1933=CARTESIAN_POINT('Ctrl Pts',(3.16217288308749,-0.99999999999994,2.50547235281585));
#1934=CARTESIAN_POINT('Ctrl Pts',(3.16164196305511,-1.00003915053536,2.49983015400058));
#1935=CARTESIAN_POINT('Ctrl Pts',(3.15845601330414,-0.999887103916567,2.46396972926223));
#1936=CARTESIAN_POINT('Ctrl Pts',(3.15481791449907,-0.994851706004122,2.39774775141741));
#1937=CARTESIAN_POINT('Ctrl Pts',(3.15503338451835,-0.976960064199679,2.30807858180862));
#1938=CARTESIAN_POINT('Ctrl Pts',(3.16026249529375,-0.948138964976541,2.22074819529928));
#1939=CARTESIAN_POINT('Ctrl Pts',(3.17007620879662,-0.90857052167131,2.13701958609361));
#1940=CARTESIAN_POINT('Ctrl Pts',(3.18382296369671,-0.858522165434402,2.0580873000095));
#1941=CARTESIAN_POINT('Ctrl Pts',(3.20066519763426,-0.798337469644428,1.98519409404017));
#1942=CARTESIAN_POINT('Ctrl Pts',(3.21960861799455,-0.728451266770257,1.91958147554335));
#1943=CARTESIAN_POINT('Ctrl Pts',(3.23953297468306,-0.649499662651568,1.86257746813657));
#1944=CARTESIAN_POINT('Ctrl Pts',(3.25926014603171,-0.562279368424504,1.81554772253419));
#1945=CARTESIAN_POINT('Ctrl Pts',(3.27758644676082,-0.467977898709143,1.77989855547167));
#1946=CARTESIAN_POINT('Ctrl Pts',(3.29337787191127,-0.368296248548863,1.75695718441238));
#1947=CARTESIAN_POINT('Ctrl Pts',(3.30241595627476,-0.292917004790919,1.75021777973422));
#1948=CARTESIAN_POINT('Ctrl Pts',(3.30639433989792,-0.251584063085327,1.74995011686526));
#1949=CARTESIAN_POINT('Ctrl Pts',(3.30702764108608,-0.244728517340352,1.75));
#1950=CARTESIAN_POINT('Ctrl Pts',(3.2333915194903,-1.,2.50000000000828));
#1951=CARTESIAN_POINT('Ctrl Pts',(3.23287963284931,-1.00000000000006,2.49460659595311));
#1952=CARTESIAN_POINT('Ctrl Pts',(3.22980775537273,-0.999630751372293,2.46033521432428));
#1953=CARTESIAN_POINT('Ctrl Pts',(3.22628209874549,-0.994606677983382,2.39712448070884));
#1954=CARTESIAN_POINT('Ctrl Pts',(3.22641912032814,-0.977648521014983,2.31132668807537));
#1955=CARTESIAN_POINT('Ctrl Pts',(3.23138496227704,-0.950518180567698,2.22721796439929));
#1956=CARTESIAN_POINT('Ctrl Pts',(3.24083918929345,-0.913128178687209,2.14577543954767));
#1957=CARTESIAN_POINT('Ctrl Pts',(3.25422924813335,-0.865422525510571,2.06805075691641));
#1958=CARTESIAN_POINT('Ctrl Pts',(3.27080353444458,-0.807409141028108,1.99527667368829));
#1959=CARTESIAN_POINT('Ctrl Pts',(3.28962530507464,-0.739208330735128,1.92880510596497));
#1960=CARTESIAN_POINT('Ctrl Pts',(3.30959664889462,-0.661188947090053,1.87017537564702));
#1961=CARTESIAN_POINT('Ctrl Pts',(3.32952549357144,-0.573953241380951,1.8210467806481));
#1962=CARTESIAN_POINT('Ctrl Pts',(3.34815994106875,-0.478605241374538,1.78318523599424));
#1963=CARTESIAN_POINT('Ctrl Pts',(3.36429195555264,-0.376915825644165,1.75830608725714));
#1964=CARTESIAN_POINT('Ctrl Pts',(3.37354461272267,-0.299544293991799,1.75059748746546));
#1965=CARTESIAN_POINT('Ctrl Pts',(3.37761369425,-0.257049632021551,1.75));
#1966=CARTESIAN_POINT('Ctrl Pts',(3.37826142721946,-0.25,1.75));
#1967=CARTESIAN_POINT('',(3.37826142721946,-0.25,1.75));
#1968=CARTESIAN_POINT('Ctrl Pts',(3.37826142721946,-0.25,1.75));
#1969=CARTESIAN_POINT('Ctrl Pts',(3.30702764108608,-0.244728517340352,1.75));
#1970=CARTESIAN_POINT('Ctrl Pts',(3.17132522291144,-0.234686190754756,1.71020618861367));
#1971=CARTESIAN_POINT('Ctrl Pts',(3.04392466174382,-0.225258222855267,1.55358299036478));
#1972=CARTESIAN_POINT('Ctrl Pts',(3.02075078051877,-0.223543296278069,1.45094071421114));
#1973=CARTESIAN_POINT('Ctrl Pts',(3.01891242461021,-0.223407253231359,1.40335735960065));
#1974=CARTESIAN_POINT('Ctrl Pts',(3.2333915194903,-1.,2.50000000000828));
#1975=CARTESIAN_POINT('Ctrl Pts',(3.23287963284931,-1.00000000000006,2.49460659595311));
#1976=CARTESIAN_POINT('Ctrl Pts',(3.22980775537273,-0.999630751372293,2.46033521432428));
#1977=CARTESIAN_POINT('Ctrl Pts',(3.22628209874549,-0.994606677983382,2.39712448070884));
#1978=CARTESIAN_POINT('Ctrl Pts',(3.22641912032814,-0.977648521014983,2.31132668807537));
#1979=CARTESIAN_POINT('Ctrl Pts',(3.23138496227704,-0.950518180567698,2.22721796439929));
#1980=CARTESIAN_POINT('Ctrl Pts',(3.24083918929345,-0.913128178687209,2.14577543954767));
#1981=CARTESIAN_POINT('Ctrl Pts',(3.25422924813335,-0.865422525510571,2.06805075691641));
#1982=CARTESIAN_POINT('Ctrl Pts',(3.27080353444458,-0.807409141028108,1.99527667368829));
#1983=CARTESIAN_POINT('Ctrl Pts',(3.28962530507464,-0.739208330735128,1.92880510596497));
#1984=CARTESIAN_POINT('Ctrl Pts',(3.30959664889462,-0.661188947090053,1.87017537564702));
#1985=CARTESIAN_POINT('Ctrl Pts',(3.32952549357144,-0.573953241380951,1.8210467806481));
#1986=CARTESIAN_POINT('Ctrl Pts',(3.34815994106875,-0.478605241374538,1.78318523599424));
#1987=CARTESIAN_POINT('Ctrl Pts',(3.36429195555264,-0.376915825644165,1.75830608725714));
#1988=CARTESIAN_POINT('Ctrl Pts',(3.37354461272267,-0.299544293991799,1.75059748746546));
#1989=CARTESIAN_POINT('Ctrl Pts',(3.37761369425,-0.257049632021551,1.75));
#1990=CARTESIAN_POINT('Ctrl Pts',(3.37826142721946,-0.25,1.75));
#1991=CARTESIAN_POINT('Ctrl Pts',(3.01891242461021,-0.223407253231359,1.40335735960065));
#1992=CARTESIAN_POINT('Ctrl Pts',(3.01932320221846,-0.217856396634851,1.40335735960065));
#1993=CARTESIAN_POINT('Ctrl Pts',(3.02069905279669,-0.198540758163749,1.40335735960065));
#1994=CARTESIAN_POINT('Ctrl Pts',(3.02273814858132,-0.165434915342743,1.40335735960065));
#1995=CARTESIAN_POINT('Ctrl Pts',(3.02471861978808,-0.124065287967319,1.40335735960065));
#1996=CARTESIAN_POINT('Ctrl Pts',(3.02613307703051,-0.0826662766333546,
1.40335735960065));
#1997=CARTESIAN_POINT('Ctrl Pts',(3.0269811343139,-0.0412399050552768,1.40335735960066));
#1998=CARTESIAN_POINT('Ctrl Pts',(3.02726206134589,0.000201435016085593,
1.40335735960066));
#1999=CARTESIAN_POINT('Ctrl Pts',(3.02697562776693,0.0416409619799487,1.40335735960066));
#2000=CARTESIAN_POINT('Ctrl Pts',(3.02612220994572,0.083061936410611,1.40335735960066));
#2001=CARTESIAN_POINT('Ctrl Pts',(3.02470268828154,0.12445194596951,1.40335735960067));
#2002=CARTESIAN_POINT('Ctrl Pts',(3.02271757307338,0.165809255063336,1.40335735960067));
#2003=CARTESIAN_POINT('Ctrl Pts',(3.02068242041843,0.198785689644881,1.40335735960067));
#2004=CARTESIAN_POINT('Ctrl Pts',(3.01931436428873,0.217975824008386,1.40335735960067));
#2005=CARTESIAN_POINT('Ctrl Pts',(3.01891242453442,0.223407254255505,1.40335735960067));
#2006=CARTESIAN_POINT('Ctrl Pts',(3.02075078051877,-0.223543296278069,1.45094071421114));
#2007=CARTESIAN_POINT('Ctrl Pts',(3.02116180827468,-0.217989059440582,1.45094071421114));
#2008=CARTESIAN_POINT('Ctrl Pts',(3.02253849665652,-0.198661658949023,1.45094071421113));
#2009=CARTESIAN_POINT('Ctrl Pts',(3.02457883415291,-0.165535656308126,1.45094071421114));
#2010=CARTESIAN_POINT('Ctrl Pts',(3.02656051135353,-0.124140837123914,1.45094071421115));
#2011=CARTESIAN_POINT('Ctrl Pts',(3.02797582992768,-0.0827166159624769,
1.45094071421115));
#2012=CARTESIAN_POINT('Ctrl Pts',(3.02882440363163,-0.041265017954173,1.45094071421115));
#2013=CARTESIAN_POINT('Ctrl Pts',(3.02910550173305,0.000201557683358164,
1.45094071421115));
#2014=CARTESIAN_POINT('Ctrl Pts',(3.02881889373134,0.0416663191088857,1.45094071421116));
#2015=CARTESIAN_POINT('Ctrl Pts',(3.02796495622536,0.0831125166814947,1.45094071421115));
#2016=CARTESIAN_POINT('Ctrl Pts',(3.02654457014489,0.124527730594058,1.45094071421117));
#2017=CARTESIAN_POINT('Ctrl Pts',(3.02455824611599,0.165910223976135,1.45094071421115));
#2018=CARTESIAN_POINT('Ctrl Pts',(3.0225218541482,0.198906739610654,1.45094071421117));
#2019=CARTESIAN_POINT('Ctrl Pts',(3.02115296496423,0.218108559520232,1.45094071421116));
#2020=CARTESIAN_POINT('Ctrl Pts',(3.02075078044294,0.223543297302838,1.45094071421116));
#2021=CARTESIAN_POINT('Ctrl Pts',(3.04392431561067,-0.225258197240527,1.55358074203711));
#2022=CARTESIAN_POINT('Ctrl Pts',(3.04433849633755,-0.219661353628479,1.5535807420371));
#2023=CARTESIAN_POINT('Ctrl Pts',(3.04572574644684,-0.200185678246171,1.55358074203711));
#2024=CARTESIAN_POINT('Ctrl Pts',(3.04778173589032,-0.166805555777154,1.55358074203711));
#2025=CARTESIAN_POINT('Ctrl Pts',(3.04977861566393,-0.125093175715198,1.55358074203711));
#2026=CARTESIAN_POINT('Ctrl Pts',(3.05120479167847,-0.0833511723852644,
1.55358074203711));
#2027=CARTESIAN_POINT('Ctrl Pts',(3.05205987520235,-0.0415815802104136,
1.55358074203711));
#2028=CARTESIAN_POINT('Ctrl Pts',(3.05234312973618,0.000203103782007046,
1.55358074203711));
#2029=CARTESIAN_POINT('Ctrl Pts',(3.05205432303743,0.0419859596590404,1.55358074203711));
#2030=CARTESIAN_POINT('Ctrl Pts',(3.05119383456148,0.0837501100270383,1.55358074203712));
#2031=CARTESIAN_POINT('Ctrl Pts',(3.04976255218559,0.125483036744541,1.55358074203711));
#2032=CARTESIAN_POINT('Ctrl Pts',(3.04776098989985,0.167182997106068,1.55358074203712));
#2033=CARTESIAN_POINT('Ctrl Pts',(3.04570897632843,0.20043263799954,1.55358074203711));
#2034=CARTESIAN_POINT('Ctrl Pts',(3.04432958514848,0.219781771084685,1.55358074203712));
#2035=CARTESIAN_POINT('Ctrl Pts',(3.04392431553426,0.225258198273158,1.55358074203712));
#2036=CARTESIAN_POINT('Ctrl Pts',(3.17134552490535,-0.234687693154315,1.71024011010301));
#2037=CARTESIAN_POINT('Ctrl Pts',(3.17177704394067,-0.228856557087332,1.71024011010301));
#2038=CARTESIAN_POINT('Ctrl Pts',(3.17322236457631,-0.208565623580095,1.71024011010299));
#2039=CARTESIAN_POINT('Ctrl Pts',(3.17536442013796,-0.173788173409356,1.71024011010301));
#2040=CARTESIAN_POINT('Ctrl Pts',(3.1774448905533,-0.130329682901488,1.71024011010301));
#2041=CARTESIAN_POINT('Ctrl Pts',(3.17893076766356,-0.0868403217112705,
1.71024011010301));
#2042=CARTESIAN_POINT('Ctrl Pts',(3.17982164564449,-0.0433222201972639,
1.71024011010301));
#2043=CARTESIAN_POINT('Ctrl Pts',(3.18011675744456,0.000211606118609803,
1.71024011010301));
#2044=CARTESIAN_POINT('Ctrl Pts',(3.17981586105393,0.0437435277680707,1.71024011010301));
#2045=CARTESIAN_POINT('Ctrl Pts',(3.17891935186839,0.0872559595765548,1.710240110103));
#2046=CARTESIAN_POINT('Ctrl Pts',(3.1774281546056,0.130735864656902,1.71024011010303));
#2047=CARTESIAN_POINT('Ctrl Pts',(3.17534280572629,0.174181414429081,1.710240110103));
#2048=CARTESIAN_POINT('Ctrl Pts',(3.17320489233967,0.208822923055457,1.71024011010303));
#2049=CARTESIAN_POINT('Ctrl Pts',(3.1717677597867,0.228982014218038,1.71024011010301));
#2050=CARTESIAN_POINT('Ctrl Pts',(3.17134552482574,0.234687694230172,1.71024011010301));
#2051=CARTESIAN_POINT('Ctrl Pts',(3.30702764108608,-0.244728517340352,1.75));
#2052=CARTESIAN_POINT('Ctrl Pts',(3.30747762174142,-0.238647907568381,1.75));
#2053=CARTESIAN_POINT('Ctrl Pts',(3.30898477964655,-0.217488840644547,1.75));
#2054=CARTESIAN_POINT('Ctrl Pts',(3.31121847967031,-0.181223488741554,1.75));
#2055=CARTESIAN_POINT('Ctrl Pts',(3.31338796090056,-0.135905675214323,1.75));
#2056=CARTESIAN_POINT('Ctrl Pts',(3.31493740923934,-0.0905556782789667,
1.75));
#2057=CARTESIAN_POINT('Ctrl Pts',(3.31586640239539,-0.0451757076724954,
1.75));
#2058=CARTESIAN_POINT('Ctrl Pts',(3.31617414019582,0.000220659160642627,
1.75));
#2059=CARTESIAN_POINT('Ctrl Pts',(3.31586037032631,0.0456150398654184,1.75));
#2060=CARTESIAN_POINT('Ctrl Pts',(3.31492550503793,0.0909890983043217,1.75));
#2061=CARTESIAN_POINT('Ctrl Pts',(3.31337050896827,0.136329234062504,1.75));
#2062=CARTESIAN_POINT('Ctrl Pts',(3.31119594048723,0.181633554441623,1.75));
#2063=CARTESIAN_POINT('Ctrl Pts',(3.30896655999873,0.217757146416297,1.75));
#2064=CARTESIAN_POINT('Ctrl Pts',(3.30746794030546,0.238778733430152,1.75));
#2065=CARTESIAN_POINT('Ctrl Pts',(3.30702764100306,0.244728518462239,1.75));
#2066=CARTESIAN_POINT('Ctrl Pts',(3.37826142721946,-0.25,1.75));
#2067=CARTESIAN_POINT('Ctrl Pts',(3.37872110075547,-0.243788410496726,1.75));
#2068=CARTESIAN_POINT('Ctrl Pts',(3.38026072240867,-0.222173581309535,1.75));
#2069=CARTESIAN_POINT('Ctrl Pts',(3.38254253707128,-0.185127063859717,1.75));
#2070=CARTESIAN_POINT('Ctrl Pts',(3.38475874891995,-0.138833102073501,1.75));
#2071=CARTESIAN_POINT('Ctrl Pts',(3.38634157268907,-0.092506258679688,1.75));
#2072=CARTESIAN_POINT('Ctrl Pts',(3.38729057643797,-0.0461487982807,1.75));
#2073=CARTESIAN_POINT('Ctrl Pts',(3.38760494294568,0.000225412350283829,
1.75));
#2074=CARTESIAN_POINT('Ctrl Pts',(3.38728441443238,0.0465975940548641,1.75));
#2075=CARTESIAN_POINT('Ctrl Pts',(3.3863294120669,0.0929490148699338,1.75));
#2076=CARTESIAN_POINT('Ctrl Pts',(3.38474092104472,0.139265784983968,1.75));
#2077=CARTESIAN_POINT('Ctrl Pts',(3.38251951240708,0.18554596221147,1.75));
#2078=CARTESIAN_POINT('Ctrl Pts',(3.38024211023514,0.222447667622299,1.75));
#2079=CARTESIAN_POINT('Ctrl Pts',(3.37871121082396,0.243922053621343,1.75));
#2080=CARTESIAN_POINT('Ctrl Pts',(3.37826142713465,0.250000001146052,1.75));
#2081=CARTESIAN_POINT('',(3.37826142705075,0.250000001139844,1.75));
#2082=CARTESIAN_POINT('Ctrl Pts',(3.37826142713465,0.250000001146052,1.75));
#2083=CARTESIAN_POINT('Ctrl Pts',(3.30702764100306,0.244728518462239,1.75));
#2084=CARTESIAN_POINT('Ctrl Pts',(3.17134552482574,0.234687694230172,1.71024011010301));
#2085=CARTESIAN_POINT('Ctrl Pts',(3.04392431553426,0.225258198273158,1.55358074203712));
#2086=CARTESIAN_POINT('Ctrl Pts',(3.02075078044294,0.223543297302838,1.45094071421116));
#2087=CARTESIAN_POINT('Ctrl Pts',(3.01891242453442,0.223407254255505,1.40335735960067));
#2088=CARTESIAN_POINT('Ctrl Pts',(3.37826142721946,-0.25,1.75));
#2089=CARTESIAN_POINT('Ctrl Pts',(3.37872110075547,-0.243788410496726,1.75));
#2090=CARTESIAN_POINT('Ctrl Pts',(3.38026072240867,-0.222173581309535,1.75));
#2091=CARTESIAN_POINT('Ctrl Pts',(3.38254253707128,-0.185127063859717,1.75));
#2092=CARTESIAN_POINT('Ctrl Pts',(3.38475874891995,-0.138833102073501,1.75));
#2093=CARTESIAN_POINT('Ctrl Pts',(3.38634157268907,-0.092506258679688,1.75));
#2094=CARTESIAN_POINT('Ctrl Pts',(3.38729057643797,-0.0461487982807,1.75));
#2095=CARTESIAN_POINT('Ctrl Pts',(3.38760494294568,0.000225412350283829,
1.75));
#2096=CARTESIAN_POINT('Ctrl Pts',(3.38728441443238,0.0465975940548641,1.75));
#2097=CARTESIAN_POINT('Ctrl Pts',(3.3863294120669,0.0929490148699338,1.75));
#2098=CARTESIAN_POINT('Ctrl Pts',(3.38474092104472,0.139265784983968,1.75));
#2099=CARTESIAN_POINT('Ctrl Pts',(3.38251951240708,0.18554596221147,1.75));
#2100=CARTESIAN_POINT('Ctrl Pts',(3.38024211023514,0.222447667622299,1.75));
#2101=CARTESIAN_POINT('Ctrl Pts',(3.37871121082396,0.243922053621343,1.75));
#2102=CARTESIAN_POINT('Ctrl Pts',(3.37826142713465,0.250000001146052,1.75));
#2103=CARTESIAN_POINT('Ctrl Pts',(3.01891242451576,0.223407254498606,1.40335735958357));
#2104=CARTESIAN_POINT('Ctrl Pts',(3.01820842494027,0.232853606794719,1.403230054305));
#2105=CARTESIAN_POINT('Ctrl Pts',(3.01378063523809,0.289143078919433,1.40328351081027));
#2106=CARTESIAN_POINT('Ctrl Pts',(3.00315068595838,0.391639582890559,1.41224902287443));
#2107=CARTESIAN_POINT('Ctrl Pts',(2.98353758473671,0.527119617691369,1.44391149660006));
#2108=CARTESIAN_POINT('Ctrl Pts',(2.95992632069884,0.655521682280393,1.49366767029516));
#2109=CARTESIAN_POINT('Ctrl Pts',(2.93370036057482,0.774853486938444,1.55992354078142));
#2110=CARTESIAN_POINT('Ctrl Pts',(2.90635442178555,0.883762945087124,1.64115020360452));
#2111=CARTESIAN_POINT('Ctrl Pts',(2.87943868145094,0.981210827174032,1.73596826781377));
#2112=CARTESIAN_POINT('Ctrl Pts',(2.85454676627444,1.0662419247258,1.84304717558836));
#2113=CARTESIAN_POINT('Ctrl Pts',(2.83324683550075,1.13801115172073,1.96110075613771));
#2114=CARTESIAN_POINT('Ctrl Pts',(2.81708414848029,1.19552422329111,2.08853531039881));
#2115=CARTESIAN_POINT('Ctrl Pts',(2.80743042596291,1.23786735347883,2.22349910544646));
#2116=CARTESIAN_POINT('Ctrl Pts',(2.80533083331147,1.264239891056,2.36348521906137));
#2117=CARTESIAN_POINT('Ctrl Pts',(2.80972063051714,1.27146934215549,2.4672894564659));
#2118=CARTESIAN_POINT('Ctrl Pts',(2.81399145391661,1.27150811992028,2.52337506513117));
#2119=CARTESIAN_POINT('Ctrl Pts',(2.81470734196782,1.27141955475556,2.53217117948211));
#2120=CARTESIAN_POINT('Ctrl Pts',(3.02075078042873,0.223543297485513,1.45094071419406));
#2121=CARTESIAN_POINT('Ctrl Pts',(3.02007974720249,0.232543617473412,1.45081327771051));
#2122=CARTESIAN_POINT('Ctrl Pts',(3.01587130023597,0.286181561921631,1.45082901228535));
#2123=CARTESIAN_POINT('Ctrl Pts',(3.00591013176915,0.383898502768774,1.4593056310524));
#2124=CARTESIAN_POINT('Ctrl Pts',(2.98773745471944,0.513262617493119,1.4894252743157));
#2125=CARTESIAN_POINT('Ctrl Pts',(2.96597358557622,0.636103167981402,1.53687380846998));
#2126=CARTESIAN_POINT('Ctrl Pts',(2.94186266784813,0.750492012519647,1.6001693127066));
#2127=CARTESIAN_POINT('Ctrl Pts',(2.91676535942486,0.855074019767276,1.67786571927329));
#2128=CARTESIAN_POINT('Ctrl Pts',(2.89210580652052,0.948778246228425,1.76863358699273));
#2129=CARTESIAN_POINT('Ctrl Pts',(2.86935507616965,1.0306163741903,1.87117061783132));
#2130=CARTESIAN_POINT('Ctrl Pts',(2.84996096829398,1.0997190419145,1.98420905025793));
#2131=CARTESIAN_POINT('Ctrl Pts',(2.83534433792735,1.15509278305864,2.10619326898616));
#2132=CARTESIAN_POINT('Ctrl Pts',(2.82675978648158,1.19583958627321,2.23533957382207));
#2133=CARTESIAN_POINT('Ctrl Pts',(2.82515637508891,1.22118393729334,2.36926411142844));
#2134=CARTESIAN_POINT('Ctrl Pts',(2.82945125997709,1.22809036878114,2.46858050937142));
#2135=CARTESIAN_POINT('Ctrl Pts',(2.83352336598491,1.22809200802635,2.52225489913786));
#2136=CARTESIAN_POINT('Ctrl Pts',(2.83420469724364,1.22800086786532,2.53067302657909));
#2137=CARTESIAN_POINT('Ctrl Pts',(3.04392466166183,0.225258223940757,1.55358299034667));
#2138=CARTESIAN_POINT('Ctrl Pts',(3.04331360446235,0.233349784463103,1.55344785831414));
#2139=CARTESIAN_POINT('Ctrl Pts',(3.03950887637971,0.281577964678107,1.55332804617005));
#2140=CARTESIAN_POINT('Ctrl Pts',(3.03078742581855,0.369571382441684,1.56058147501661));
#2141=CARTESIAN_POINT('Ctrl Pts',(3.01528291460296,0.486571442389935,1.58701635760577));
#2142=CARTESIAN_POINT('Ctrl Pts',(2.99690760363782,0.598278152873254,1.6290735260207));
#2143=CARTESIAN_POINT('Ctrl Pts',(2.97662936995571,0.702874171169562,1.68557839967968));
#2144=CARTESIAN_POINT('Ctrl Pts',(2.95555550864646,0.798967140650296,1.75531950127136));
#2145=CARTESIAN_POINT('Ctrl Pts',(2.93488654852777,0.885385782435531,1.83711438306406));
#2146=CARTESIAN_POINT('Ctrl Pts',(2.91588676444732,0.961041583180524,1.92974424213108));
#2147=CARTESIAN_POINT('Ctrl Pts',(2.8998055403232,1.02499229328626,2.03198853818662));
#2148=CARTESIAN_POINT('Ctrl Pts',(2.88785897020659,1.07622863014227,2.14236551590333));
#2149=CARTESIAN_POINT('Ctrl Pts',(2.88110562589813,1.11387540945337,2.25921574333655));
#2150=CARTESIAN_POINT('Ctrl Pts',(2.88033361706853,1.13720098314096,2.38038162521702));
#2151=CARTESIAN_POINT('Ctrl Pts',(2.88443725198356,1.14344895902221,2.47026267378613));
#2152=CARTESIAN_POINT('Ctrl Pts',(2.88815102977131,1.14335390181059,2.51885791037269));
#2153=CARTESIAN_POINT('Ctrl Pts',(2.88876975427283,1.14325424498152,2.52648031441708));
#2154=CARTESIAN_POINT('Ctrl Pts',(3.17132522283141,0.234686191687669,1.71020618859662));
#2155=CARTESIAN_POINT('Ctrl Pts',(3.17072879998283,0.241639988534131,1.71007887645724));
#2156=CARTESIAN_POINT('Ctrl Pts',(3.16703279202739,0.283097046188945,1.7098799940048));
#2157=CARTESIAN_POINT('Ctrl Pts',(3.15874786669128,0.358817547055182,1.71559925387238));
#2158=CARTESIAN_POINT('Ctrl Pts',(3.14435463381138,0.459835572252402,1.73701279038065));
#2159=CARTESIAN_POINT('Ctrl Pts',(3.12755528518064,0.556642945147896,1.77146247446292));
#2160=CARTESIAN_POINT('Ctrl Pts',(3.10924992072847,0.64757475510017,1.81811426494585));
#2161=CARTESIAN_POINT('Ctrl Pts',(3.09046383834844,0.731268134149221,1.87600625481894));
#2162=CARTESIAN_POINT('Ctrl Pts',(3.07229121694217,0.806547899179034,1.94410075828328));
#2163=CARTESIAN_POINT('Ctrl Pts',(3.05584993108883,0.872352427541452,2.02125673931926));
#2164=CARTESIAN_POINT('Ctrl Pts',(3.04219702952233,0.927815037682355,2.10630430108136));
#2165=CARTESIAN_POINT('Ctrl Pts',(3.0323086574185,0.972085016047042,2.19788495896688));
#2166=CARTESIAN_POINT('Ctrl Pts',(3.02698690187196,1.00448397990003,2.29457187058987));
#2167=CARTESIAN_POINT('Ctrl Pts',(3.02679658485001,1.02447854448458,2.39463591689619));
#2168=CARTESIAN_POINT('Ctrl Pts',(3.0306134532491,1.02978735724765,2.46883346251877));
#2169=CARTESIAN_POINT('Ctrl Pts',(3.03394516524274,1.02966835277033,2.50898426585435));
#2170=CARTESIAN_POINT('Ctrl Pts',(3.03449886111646,1.02957624944071,2.51528266830638));
#2171=CARTESIAN_POINT('Ctrl Pts',(3.30702764099996,0.244728518272497,1.74999999999326));
#2172=CARTESIAN_POINT('Ctrl Pts',(3.30638576302028,0.251676908911102,1.74994943978517));
#2173=CARTESIAN_POINT('Ctrl Pts',(3.30239802373589,0.293084562440187,1.7502252546019));
#2174=CARTESIAN_POINT('Ctrl Pts',(3.29334750778762,0.368507579158403,1.75699403254635));
#2175=CARTESIAN_POINT('Ctrl Pts',(3.2775574213341,0.468139465933722,1.77994938635012));
#2176=CARTESIAN_POINT('Ctrl Pts',(3.25924675976269,0.562337244801036,1.81557961726185));
#2177=CARTESIAN_POINT('Ctrl Pts',(3.23954189794985,0.649457688147302,1.86255975404007));
#2178=CARTESIAN_POINT('Ctrl Pts',(3.21963236281035,0.728361683505751,1.91950739633479));
#2179=CARTESIAN_POINT('Ctrl Pts',(3.20069703899328,0.798222073820432,1.9850726131207));
#2180=CARTESIAN_POINT('Ctrl Pts',(3.1838580923558,0.858397355411143,2.05792379446498));
#2181=CARTESIAN_POINT('Ctrl Pts',(3.17010243048235,0.908471116924744,2.13683297997806));
#2182=CARTESIAN_POINT('Ctrl Pts',(3.16028111188882,0.948054592159404,2.22053660803198));
#2183=CARTESIAN_POINT('Ctrl Pts',(3.15504155735584,0.976902051434808,2.30787273999861));
#2184=CARTESIAN_POINT('Ctrl Pts',(3.15481032028989,0.994833655285217,2.3975699069365));
#2185=CARTESIAN_POINT('Ctrl Pts',(3.1584492427186,0.999887077458751,2.4638950353684));
#2186=CARTESIAN_POINT('Ctrl Pts',(3.16164220944641,1.00003912455249,2.49983274838568));
#2187=CARTESIAN_POINT('Ctrl Pts',(3.16217288308668,1.,2.50547235280719));
#2188=CARTESIAN_POINT('Ctrl Pts',(3.37826142713138,0.25000000095853,1.75));
#2189=CARTESIAN_POINT('Ctrl Pts',(3.37760492177446,0.257145107641256,1.75000000000913));
#2190=CARTESIAN_POINT('Ctrl Pts',(3.37352626094919,0.299716464806964,1.75060667117139));
#2191=CARTESIAN_POINT('Ctrl Pts',(3.36426089279382,0.377132046587556,1.75834658049309));
#2192=CARTESIAN_POINT('Ctrl Pts',(3.3481303596375,0.4787692658866,1.78323965168434));
#2193=CARTESIAN_POINT('Ctrl Pts',(3.32951196286535,0.574011087205609,1.82108015153003));
#2194=CARTESIAN_POINT('Ctrl Pts',(3.30960572351563,0.661146647029455,1.87015651029867));
#2195=CARTESIAN_POINT('Ctrl Pts',(3.2896490011212,0.739120407340828,1.92872945429659));
#2196=CARTESIAN_POINT('Ctrl Pts',(3.27083503935232,0.807297140018143,1.99515444532179));
#2197=CARTESIAN_POINT('Ctrl Pts',(3.25426370439404,0.865302705854234,2.06788819529319));
#2198=CARTESIAN_POINT('Ctrl Pts',(3.24086454348687,0.913034053288207,2.14559312824804));
#2199=CARTESIAN_POINT('Ctrl Pts',(3.23140279288943,0.95043863390556,2.22701323760331));
#2200=CARTESIAN_POINT('Ctrl Pts',(3.22642679671552,0.977593928838064,2.31112907841757));
#2201=CARTESIAN_POINT('Ctrl Pts',(3.22627470108471,0.994589078771825,2.39695481862397));
#2202=CARTESIAN_POINT('Ctrl Pts',(3.22980123831573,0.999630220115241,2.46026384097814));
#2203=CARTESIAN_POINT('Ctrl Pts',(3.23287986771863,1.,2.49460907061224));
#2204=CARTESIAN_POINT('Ctrl Pts',(3.23339151948952,1.,2.5));
#2205=CARTESIAN_POINT('',(3.23339151948952,1.,2.5));
#2206=CARTESIAN_POINT('Ctrl Pts',(3.23339151948952,1.,2.5));
#2207=CARTESIAN_POINT('Ctrl Pts',(3.16217288308668,1.,2.50547235280719));
#2208=CARTESIAN_POINT('Ctrl Pts',(3.03449886111646,1.02957624944071,2.51528266830638));
#2209=CARTESIAN_POINT('Ctrl Pts',(2.88876975427283,1.14325424498152,2.52648031441708));
#2210=CARTESIAN_POINT('Ctrl Pts',(2.83420469724364,1.22800086786532,2.53067302657909));
#2211=CARTESIAN_POINT('Ctrl Pts',(2.81470734196782,1.27141955475556,2.53217117948211));
#2212=CARTESIAN_POINT('Ctrl Pts',(3.37826142713138,0.25000000095853,1.75));
#2213=CARTESIAN_POINT('Ctrl Pts',(3.37760492177446,0.257145107641256,1.75000000000913));
#2214=CARTESIAN_POINT('Ctrl Pts',(3.37352626094919,0.299716464806964,1.75060667117139));
#2215=CARTESIAN_POINT('Ctrl Pts',(3.36426089279382,0.377132046587556,1.75834658049309));
#2216=CARTESIAN_POINT('Ctrl Pts',(3.3481303596375,0.4787692658866,1.78323965168434));
#2217=CARTESIAN_POINT('Ctrl Pts',(3.32951196286535,0.574011087205609,1.82108015153003));
#2218=CARTESIAN_POINT('Ctrl Pts',(3.30960572351563,0.661146647029455,1.87015651029867));
#2219=CARTESIAN_POINT('Ctrl Pts',(3.2896490011212,0.739120407340828,1.92872945429659));
#2220=CARTESIAN_POINT('Ctrl Pts',(3.27083503935232,0.807297140018143,1.99515444532179));
#2221=CARTESIAN_POINT('Ctrl Pts',(3.25426370439404,0.865302705854234,2.06788819529319));
#2222=CARTESIAN_POINT('Ctrl Pts',(3.24086454348687,0.913034053288207,2.14559312824804));
#2223=CARTESIAN_POINT('Ctrl Pts',(3.23140279288943,0.95043863390556,2.22701323760331));
#2224=CARTESIAN_POINT('Ctrl Pts',(3.22642679671552,0.977593928838064,2.31112907841757));
#2225=CARTESIAN_POINT('Ctrl Pts',(3.22627470108471,0.994589078771825,2.39695481862397));
#2226=CARTESIAN_POINT('Ctrl Pts',(3.22980123831573,0.999630220115241,2.46026384097814));
#2227=CARTESIAN_POINT('Ctrl Pts',(3.23287986771863,1.,2.49460907061224));
#2228=CARTESIAN_POINT('Ctrl Pts',(3.23339151948952,1.,2.5));
#2229=CARTESIAN_POINT('Ctrl Pts',(2.81470734196781,1.27141955475556,2.53217117948209));
#2230=CARTESIAN_POINT('Ctrl Pts',(2.83104971082593,1.27188617337937,2.74759813152462));
#2231=CARTESIAN_POINT('Ctrl Pts',(2.85183930324766,1.27247200979843,2.99070551491475));
#2232=CARTESIAN_POINT('Ctrl Pts',(2.87792265652407,1.27319073133078,3.26140166918791));
#2233=CARTESIAN_POINT('Ctrl Pts',(2.88617839525035,1.27341711020392,3.34492515968156));
#2234=CARTESIAN_POINT('Ctrl Pts',(2.89463984938124,1.27364797906729,3.42842997555889));
#2235=CARTESIAN_POINT('Ctrl Pts',(2.90154748333981,1.27383549545571,3.49496949881129));
#2236=CARTESIAN_POINT('Ctrl Pts',(2.90563621981071,1.27394608609644,3.53371059682642));
#2237=CARTESIAN_POINT('Ctrl Pts',(2.90679240297873,1.27397732584948,3.54461523670196));
#2238=CARTESIAN_POINT('Ctrl Pts',(2.8488277137005,1.19543685269764,2.5295494119018));
#2239=CARTESIAN_POINT('Ctrl Pts',(2.86498479253789,1.19582742634092,2.74476884689291));
#2240=CARTESIAN_POINT('Ctrl Pts',(2.88554130621793,1.19631830957051,2.98764850941024));
#2241=CARTESIAN_POINT('Ctrl Pts',(2.91133792555805,1.19692165394943,3.25810060186153));
#2242=CARTESIAN_POINT('Ctrl Pts',(2.91950329298816,1.19711176695842,3.34154946850198));
#2243=CARTESIAN_POINT('Ctrl Pts',(2.92787252713206,1.19730573019454,3.42498037177011));
#2244=CARTESIAN_POINT('Ctrl Pts',(2.93470520668104,1.19746333509457,3.49146155687893));
#2245=CARTESIAN_POINT('Ctrl Pts',(2.93874972262184,1.19755631456833,3.53016892311193));
#2246=CARTESIAN_POINT('Ctrl Pts',(2.93989341002698,1.19758258063702,3.54106408466928));
#2247=CARTESIAN_POINT('Ctrl Pts',(2.96859350686561,1.04965995460313,2.52034675501961));
#2248=CARTESIAN_POINT('Ctrl Pts',(2.98449191716808,1.04976597736478,2.73480770146938));
#2249=CARTESIAN_POINT('Ctrl Pts',(3.00472224098359,1.04989934708638,2.97684155850361));
#2250=CARTESIAN_POINT('Ctrl Pts',(3.03011557120737,1.05006350178824,3.24636681810037));
#2251=CARTESIAN_POINT('Ctrl Pts',(3.03815370183584,1.05011524291455,3.32953078149193));
#2252=CARTESIAN_POINT('Ctrl Pts',(3.0463929517442,1.05016804848764,3.41267793487421));
#2253=CARTESIAN_POINT('Ctrl Pts',(3.05311987415429,1.05021096984657,3.47893390075503));
#2254=CARTESIAN_POINT('Ctrl Pts',(3.05710193481315,1.05023629688306,3.51751049707138));
#2255=CARTESIAN_POINT('Ctrl Pts',(3.05822797630651,1.05024345227934,3.52836888071471));
#2256=CARTESIAN_POINT('Ctrl Pts',(3.15030311035287,1.,2.50638441160837));
#2257=CARTESIAN_POINT('Ctrl Pts',(3.1661781521021,0.999999999999996,2.71966619385697));
#2258=CARTESIAN_POINT('Ctrl Pts',(3.18637836994817,1.,2.96037293797774));
#2259=CARTESIAN_POINT('Ctrl Pts',(3.21173305118419,0.999999999999999,3.2284253758968));
#2260=CARTESIAN_POINT('Ctrl Pts',(3.21975888827625,0.999999999999999,3.3111352492604));
#2261=CARTESIAN_POINT('Ctrl Pts',(3.227985474322,1.,3.39382876255226));
#2262=CARTESIAN_POINT('Ctrl Pts',(3.23470200532493,1.,3.45972354095062));
#2263=CARTESIAN_POINT('Ctrl Pts',(3.23867789122927,0.999999999999999,3.49808994707415));
#2264=CARTESIAN_POINT('Ctrl Pts',(3.23980218535943,1.,3.50888918269164));
#2265=CARTESIAN_POINT('Ctrl Pts',(3.23339151948951,1.,2.49999999999998));
#2266=CARTESIAN_POINT('Ctrl Pts',(3.24922531372865,1.,2.71274496374342));
#2267=CARTESIAN_POINT('Ctrl Pts',(3.26937326645342,0.999999999999999,2.95284848492764));
#2268=CARTESIAN_POINT('Ctrl Pts',(3.29466280098339,0.999999999999999,3.2202329816412));
#2269=CARTESIAN_POINT('Ctrl Pts',(3.30266804650035,0.999999999999999,3.30273702487966));
#2270=CARTESIAN_POINT('Ctrl Pts',(3.31087355773079,0.999999999999999,3.3852250262432));
#2271=CARTESIAN_POINT('Ctrl Pts',(3.3175729075847,1.,3.45095625510775));
#2272=CARTESIAN_POINT('Ctrl Pts',(3.32153863509037,1.,3.48922753789128));
#2273=CARTESIAN_POINT('Ctrl Pts',(3.32266005689569,1.,3.5));
#2274=CARTESIAN_POINT('',(3.32266005689569,1.,3.5));
#2275=CARTESIAN_POINT('Ctrl Pts',(3.32266005689569,1.,3.5));
#2276=CARTESIAN_POINT('Ctrl Pts',(3.23980218535943,1.,3.50888918269164));
#2277=CARTESIAN_POINT('Ctrl Pts',(3.05822797630651,1.05024345227934,3.52836888071471));
#2278=CARTESIAN_POINT('Ctrl Pts',(2.93989341002698,1.19758258063702,3.54106408466928));
#2279=CARTESIAN_POINT('Ctrl Pts',(2.90679240297873,1.27397732584948,3.54461523670196));
#2280=CARTESIAN_POINT('Ctrl Pts',(3.23339151948951,1.,2.49999999999998));
#2281=CARTESIAN_POINT('Ctrl Pts',(3.24922531372865,1.,2.71274496374342));
#2282=CARTESIAN_POINT('Ctrl Pts',(3.26937326645342,0.999999999999999,2.95284848492764));
#2283=CARTESIAN_POINT('Ctrl Pts',(3.29466280098339,0.999999999999999,3.2202329816412));
#2284=CARTESIAN_POINT('Ctrl Pts',(3.30266804650035,0.999999999999999,3.30273702487966));
#2285=CARTESIAN_POINT('Ctrl Pts',(3.31087355773079,0.999999999999999,3.3852250262432));
#2286=CARTESIAN_POINT('Ctrl Pts',(3.3175729075847,1.,3.45095625510775));
#2287=CARTESIAN_POINT('Ctrl Pts',(3.32153863509037,1.,3.48922753789128));
#2288=CARTESIAN_POINT('Ctrl Pts',(3.32266005689569,1.,3.5));
#2289=CARTESIAN_POINT('Ctrl Pts',(2.90679240297872,1.27397732584947,3.54461523670192));
#2290=CARTESIAN_POINT('Ctrl Pts',(2.91080211654728,1.27347436615863,3.57993586793064));
#2291=CARTESIAN_POINT('Ctrl Pts',(2.92189505154626,1.26867625070086,3.66250466827322));
#2292=CARTESIAN_POINT('Ctrl Pts',(2.94511611354395,1.24800354130693,3.78970039855146));
#2293=CARTESIAN_POINT('Ctrl Pts',(2.97658776016658,1.2096264479306,3.9230543897735));
#2294=CARTESIAN_POINT('Ctrl Pts',(3.01277659053005,1.15622980072788,4.04900567830218));
#2295=CARTESIAN_POINT('Ctrl Pts',(3.05226548119857,1.08845094582448,4.16639046959519));
#2296=CARTESIAN_POINT('Ctrl Pts',(3.09356320088719,1.00682167194319,4.27402081065834));
#2297=CARTESIAN_POINT('Ctrl Pts',(3.13518950161076,0.911637120612531,4.3708142876881));
#2298=CARTESIAN_POINT('Ctrl Pts',(3.17554684086365,0.803225465048617,4.45534101439141));
#2299=CARTESIAN_POINT('Ctrl Pts',(3.21291469347539,0.68200331114386,4.52580406487253));
#2300=CARTESIAN_POINT('Ctrl Pts',(3.24538391013051,0.548992391261013,4.57992018496951));
#2301=CARTESIAN_POINT('Ctrl Pts',(3.27117065725065,0.405139824737264,4.61540863511371));
#2302=CARTESIAN_POINT('Ctrl Pts',(3.2834832578836,0.296022240902284,4.62544885671107));
#2303=CARTESIAN_POINT('Ctrl Pts',(3.28788082559559,0.236008086712395,4.62553645253833));
#2304=CARTESIAN_POINT('Ctrl Pts',(3.28847386568281,0.227235496778323,4.62543448007796));
#2305=CARTESIAN_POINT('Ctrl Pts',(2.92570726414916,1.23032318572807,3.54258600696896));
#2306=CARTESIAN_POINT('Ctrl Pts',(2.92952466663977,1.22980724353004,3.57639867618355));
#2307=CARTESIAN_POINT('Ctrl Pts',(2.94003834240515,1.22510683520446,3.65546567532473));
#2308=CARTESIAN_POINT('Ctrl Pts',(2.96190703597344,1.20505125360114,3.7773469418715));
#2309=CARTESIAN_POINT('Ctrl Pts',(2.99144369847241,1.16790021571958,3.9052425625804));
#2310=CARTESIAN_POINT('Ctrl Pts',(3.0253442055748,1.11626195333466,4.02612806855882));
#2311=CARTESIAN_POINT('Ctrl Pts',(3.06228900722666,1.05077799885416,4.13884001261179));
#2312=CARTESIAN_POINT('Ctrl Pts',(3.10087920023628,0.972012282709534,4.24218024454305));
#2313=CARTESIAN_POINT('Ctrl Pts',(3.13972104272916,0.880327219788615,4.33505351092537));
#2314=CARTESIAN_POINT('Ctrl Pts',(3.1773157788243,0.776138477156524,4.41604809501983));
#2315=CARTESIAN_POINT('Ctrl Pts',(3.21206451306134,0.659960003968326,4.48342934321642));
#2316=CARTESIAN_POINT('Ctrl Pts',(3.24221893937102,0.532873657342235,4.53504038491088));
#2317=CARTESIAN_POINT('Ctrl Pts',(3.26618036105319,0.395836537554775,4.56877446246039));
#2318=CARTESIAN_POINT('Ctrl Pts',(3.27768792926874,0.292141689396862,4.57825667099942));
#2319=CARTESIAN_POINT('Ctrl Pts',(3.28184941686308,0.235146354130648,4.5783070178484));
#2320=CARTESIAN_POINT('Ctrl Pts',(3.28241173142223,0.226816599791198,4.57820473574596));
#2321=CARTESIAN_POINT('Ctrl Pts',(2.97926100272464,1.14488435156176,3.53684063894067));
#2322=CARTESIAN_POINT('Ctrl Pts',(2.98273197440508,1.14432049479064,3.56747594009506));
#2323=CARTESIAN_POINT('Ctrl Pts',(2.99220511993635,1.13975430188979,3.63913392516246));
#2324=CARTESIAN_POINT('Ctrl Pts',(3.01166760974571,1.12078412338954,3.74972094659533));
#2325=CARTESIAN_POINT('Ctrl Pts',(3.03776309533924,1.08586411433185,3.86589092391406));
#2326=CARTESIAN_POINT('Ctrl Pts',(3.0675804578001,1.03746761902983,3.9757498583687));
#2327=CARTESIAN_POINT('Ctrl Pts',(3.09995058308374,0.976259569033516,4.07812184780071));
#2328=CARTESIAN_POINT('Ctrl Pts',(3.13361382298369,0.902895384436738,4.17178760633821));
#2329=CARTESIAN_POINT('Ctrl Pts',(3.16730864190651,0.817911191887058,4.25563815953687));
#2330=CARTESIAN_POINT('Ctrl Pts',(3.19969925799805,0.721956274508291,4.32832713376919));
#2331=CARTESIAN_POINT('Ctrl Pts',(3.22941175724109,0.615807915276755,4.38830508755164));
#2332=CARTESIAN_POINT('Ctrl Pts',(3.25502603046946,0.500733958507638,4.43376889473838));
#2333=CARTESIAN_POINT('Ctrl Pts',(3.2753464499684,0.37775871873337,4.46308993134421));
#2334=CARTESIAN_POINT('Ctrl Pts',(3.28524064289074,0.285374188960862,4.47109756936337));
#2335=CARTESIAN_POINT('Ctrl Pts',(3.28893162460643,0.234706152617009,4.47099314463687));
#2336=CARTESIAN_POINT('Ctrl Pts',(3.28943386407751,0.227301833526627,4.47088211329428));
#2337=CARTESIAN_POINT('Ctrl Pts',(3.12410798909857,1.02991143435208,3.52130112168858));
#2338=CARTESIAN_POINT('Ctrl Pts',(3.12721992099384,1.02939321051053,3.54664096010661));
#2339=CARTESIAN_POINT('Ctrl Pts',(3.13565991562799,1.02537920735678,3.60597460575009));
#2340=CARTESIAN_POINT('Ctrl Pts',(3.15289086726429,1.00886070304611,3.69778664301423));
#2341=CARTESIAN_POINT('Ctrl Pts',(3.17603063365871,0.978417010379987,3.79458713888265));
#2342=CARTESIAN_POINT('Ctrl Pts',(3.20262503552068,0.936107744610705,3.88639929196589));
#2343=CARTESIAN_POINT('Ctrl Pts',(3.23171503955977,0.882470583343167,3.97206914026331));
#2344=CARTESIAN_POINT('Ctrl Pts',(3.26220328748499,0.818113821745602,4.05036478162681));
#2345=CARTESIAN_POINT('Ctrl Pts',(3.2929382646646,0.743633379677783,4.12015630954115));
#2346=CARTESIAN_POINT('Ctrl Pts',(3.32266481976395,0.659807208330839,4.18018351797543));
#2347=CARTESIAN_POINT('Ctrl Pts',(3.35007609229308,0.567586414416949,4.22913417115508));
#2348=CARTESIAN_POINT('Ctrl Pts',(3.37382856525592,0.468344465780169,4.26565820020144));
#2349=CARTESIAN_POINT('Ctrl Pts',(3.39281177462867,0.363130836508566,4.28872728724647));
#2350=CARTESIAN_POINT('Ctrl Pts',(3.40220765813886,0.284631201617147,4.29473735099419));
#2351=CARTESIAN_POINT('Ctrl Pts',(3.40579600676169,0.241654086315904,4.29448002446149));
#2352=CARTESIAN_POINT('Ctrl Pts',(3.40628680383236,0.235376441352014,4.29436570309506));
#2353=CARTESIAN_POINT('Ctrl Pts',(3.25163902415033,1.,3.50761929944998));
#2354=CARTESIAN_POINT('Ctrl Pts',(3.25462964063926,0.999778362543085,3.53035138907407));
#2355=CARTESIAN_POINT('Ctrl Pts',(3.26275467121637,0.996838194743748,3.58365483371225));
#2356=CARTESIAN_POINT('Ctrl Pts',(3.27946675828513,0.983294012990885,3.66670732345732));
#2357=CARTESIAN_POINT('Ctrl Pts',(3.30217874149644,0.957430110434411,3.75529356485943));
#2358=CARTESIAN_POINT('Ctrl Pts',(3.32866482770214,0.920649356038606,3.84056154380959));
#2359=CARTESIAN_POINT('Ctrl Pts',(3.35811441816331,0.873072600748402,3.92150598741361));
#2360=CARTESIAN_POINT('Ctrl Pts',(3.38953172815436,0.814856186626507,3.996943145233));
#2361=CARTESIAN_POINT('Ctrl Pts',(3.42180608949088,0.746122069965796,4.06568466627757));
#2362=CARTESIAN_POINT('Ctrl Pts',(3.45364254432967,0.667147166878862,4.12629991532995));
#2363=CARTESIAN_POINT('Ctrl Pts',(3.4835927640395,0.578383198898229,4.17715882911411));
#2364=CARTESIAN_POINT('Ctrl Pts',(3.51003650332029,0.480795120570874,4.21638959974809));
#2365=CARTESIAN_POINT('Ctrl Pts',(3.53147066059032,0.375293587319629,4.24226441854045));
#2366=CARTESIAN_POINT('Ctrl Pts',(3.54210510680188,0.295395668529598,4.24978194999321));
#2367=CARTESIAN_POINT('Ctrl Pts',(3.54610897382517,0.251492488762525,4.25004457974186));
#2368=CARTESIAN_POINT('Ctrl Pts',(3.54665524063369,0.245075983733402,4.24999999999078));
#2369=CARTESIAN_POINT('Ctrl Pts',(3.32266005689569,1.,3.50000000000002));
#2370=CARTESIAN_POINT('Ctrl Pts',(3.32554683293196,0.999999999999999,3.52176488227696));
#2371=CARTESIAN_POINT('Ctrl Pts',(3.33338707440702,0.997776603189151,3.57287531397859));
#2372=CARTESIAN_POINT('Ctrl Pts',(3.34954272464784,0.986018738908553,3.65298125013579));
#2373=CARTESIAN_POINT('Ctrl Pts',(3.3716149372693,0.962700431653052,3.7392787476355));
#2374=CARTESIAN_POINT('Ctrl Pts',(3.3975366740609,0.928762868119892,3.82336338089511));
#2375=CARTESIAN_POINT('Ctrl Pts',(3.42658706532541,0.884004720360692,3.90428695439275));
#2376=CARTESIAN_POINT('Ctrl Pts',(3.45783466093559,0.828249798828491,3.98082686367259));
#2377=CARTESIAN_POINT('Ctrl Pts',(3.49020183536298,0.761294579708145,4.0516667591048));
#2378=CARTESIAN_POINT('Ctrl Pts',(3.52239211995843,0.683105792535654,4.11515618257572));
#2379=CARTESIAN_POINT('Ctrl Pts',(3.55291516640094,0.593866033213874,4.16934194298553));
#2380=CARTESIAN_POINT('Ctrl Pts',(3.58006030063537,0.494372907965301,4.21190972141648));
#2381=CARTESIAN_POINT('Ctrl Pts',(3.60219109414312,0.385543851588235,4.24061032797297));
#2382=CARTESIAN_POINT('Ctrl Pts',(3.61320714674138,0.302440602157168,4.24939127508672));
#2383=CARTESIAN_POINT('Ctrl Pts',(3.6173486639041,0.256688312163531,4.25000000001253));
#2384=CARTESIAN_POINT('Ctrl Pts',(3.61791388848758,0.249999998595498,4.25));
#2385=CARTESIAN_POINT('Ctrl Pts',(3.32266005689569,1.,3.50000000000002));
#2386=CARTESIAN_POINT('Ctrl Pts',(3.32554683293196,0.999999999999999,3.52176488227696));
#2387=CARTESIAN_POINT('Ctrl Pts',(3.33338707440702,0.997776603189151,3.57287531397859));
#2388=CARTESIAN_POINT('Ctrl Pts',(3.34954272464784,0.986018738908553,3.65298125013579));
#2389=CARTESIAN_POINT('Ctrl Pts',(3.3716149372693,0.962700431653052,3.7392787476355));
#2390=CARTESIAN_POINT('Ctrl Pts',(3.3975366740609,0.928762868119892,3.82336338089511));
#2391=CARTESIAN_POINT('Ctrl Pts',(3.42658706532541,0.884004720360692,3.90428695439275));
#2392=CARTESIAN_POINT('Ctrl Pts',(3.45783466093559,0.828249798828491,3.98082686367259));
#2393=CARTESIAN_POINT('Ctrl Pts',(3.49020183536298,0.761294579708145,4.0516667591048));
#2394=CARTESIAN_POINT('Ctrl Pts',(3.52239211995843,0.683105792535654,4.11515618257572));
#2395=CARTESIAN_POINT('Ctrl Pts',(3.55291516640094,0.593866033213874,4.16934194298553));
#2396=CARTESIAN_POINT('Ctrl Pts',(3.58006030063537,0.494372907965301,4.21190972141648));
#2397=CARTESIAN_POINT('Ctrl Pts',(3.60219109414312,0.385543851588235,4.24061032797297));
#2398=CARTESIAN_POINT('Ctrl Pts',(3.61320714674138,0.302440602157168,4.24939127508672));
#2399=CARTESIAN_POINT('Ctrl Pts',(3.6173486639041,0.256688312163531,4.25000000001253));
#2400=CARTESIAN_POINT('Ctrl Pts',(3.61791388848758,0.249999998595498,4.25));
#2401=CARTESIAN_POINT('Origin',(0.,-0.25,2.5));
#2402=CARTESIAN_POINT('',(4.41623145419142,-1.,2.5));
#2403=CARTESIAN_POINT('',(0.,-1.,2.5));
#2404=CARTESIAN_POINT('',(4.07233565731716,-0.25,1.75));
#2405=CARTESIAN_POINT('Ctrl Pts',(4.07233565731716,-0.25,1.75));
#2406=CARTESIAN_POINT('Ctrl Pts',(4.07031133072289,-0.277609151180753,1.75));
#2407=CARTESIAN_POINT('Ctrl Pts',(4.06699146006941,-0.341119090177526,1.7535035322109));
#2408=CARTESIAN_POINT('Ctrl Pts',(4.06677964003246,-0.439567839736785,1.77166154815045));
#2409=CARTESIAN_POINT('Ctrl Pts',(4.07312384663385,-0.542693570873579,1.80661240888154));
#2410=CARTESIAN_POINT('Ctrl Pts',(4.08662668421914,-0.639845793411133,1.85620757993113));
#2411=CARTESIAN_POINT('Ctrl Pts',(4.10774668578856,-0.728409486077457,1.91905578651923));
#2412=CARTESIAN_POINT('Ctrl Pts',(4.13656308321185,-0.805934971828085,1.99288538052459));
#2413=CARTESIAN_POINT('Ctrl Pts',(4.17266916333443,-0.870683348779912,2.07484044870369));
#2414=CARTESIAN_POINT('Ctrl Pts',(4.2151504947926,-0.921857282625307,2.16183647457825));
#2415=CARTESIAN_POINT('Ctrl Pts',(4.26284065534526,-0.959613787602698,2.25114887556374));
#2416=CARTESIAN_POINT('Ctrl Pts',(4.32260178973496,-0.988693917840681,2.35465706557171));
#2417=CARTESIAN_POINT('Ctrl Pts',(4.37351255796934,-0.998706272631786,2.43562820065723));
#2418=CARTESIAN_POINT('Ctrl Pts',(4.40823662786651,-0.999952710675575,2.48804956796909));
#2419=CARTESIAN_POINT('Ctrl Pts',(4.41457027022561,-1.,2.49752182647058));
#2420=CARTESIAN_POINT('Ctrl Pts',(4.41623145419142,-1.,2.5));
#2421=CARTESIAN_POINT('',(0.,-0.25,1.75));
#2422=CARTESIAN_POINT('Origin',(0.,-1.,3.5));
#2423=CARTESIAN_POINT('',(4.8334170568268,-1.,3.50000000000001));
#2424=CARTESIAN_POINT('',(0.,-1.,3.5));
#2425=CARTESIAN_POINT('',(4.42287391294379,-1.,2.51204262752015));
#2426=CARTESIAN_POINT('Ctrl Pts',(4.42287391294379,-1.,2.51204262752015));
#2427=CARTESIAN_POINT('Ctrl Pts',(4.42406097368042,-1.,2.51417282425534));
#2428=CARTESIAN_POINT('Ctrl Pts',(4.42808334727926,-1.,2.5214043075919));
#2429=CARTESIAN_POINT('Ctrl Pts',(4.43473739314877,-1.,2.53344207133995));
#2430=CARTESIAN_POINT('Ctrl Pts',(4.44275136123727,-1.,2.54806501845642));
#2431=CARTESIAN_POINT('Ctrl Pts',(4.45046916818016,-1.,2.56226432508304));
#2432=CARTESIAN_POINT('Ctrl Pts',(4.45791049063937,-1.,2.57606735142672));
#2433=CARTESIAN_POINT('Ctrl Pts',(4.46513369384651,-1.,2.58957251758606));
#2434=CARTESIAN_POINT('Ctrl Pts',(4.47210020547939,-1.,2.60269862713955));
#2435=CARTESIAN_POINT('Ctrl Pts',(4.47886251307658,-1.,2.61553779868279));
#2436=CARTESIAN_POINT('Ctrl Pts',(4.48542446553774,-1.,2.62808925410716));
#2437=CARTESIAN_POINT('Ctrl Pts',(4.49184513021058,-1.,2.64046006070714));
#2438=CARTESIAN_POINT('Ctrl Pts',(4.4982244252097,-1.,2.65284115598016));
#2439=CARTESIAN_POINT('Ctrl Pts',(4.50456142772501,-1.,2.66523053811516));
#2440=CARTESIAN_POINT('Ctrl Pts',(4.51187323173351,-1.,2.67963113437607));
#2441=CARTESIAN_POINT('Ctrl Pts',(4.52013745261507,-1.,2.69605735021456));
#2442=CARTESIAN_POINT('Ctrl Pts',(4.53239007955913,-1.,2.72068077709906));
#2443=CARTESIAN_POINT('Ctrl Pts',(4.55353938515411,-1.,2.76389727955628));
#2444=CARTESIAN_POINT('Ctrl Pts',(4.58292574464559,-1.,2.82601141094795));
#2445=CARTESIAN_POINT('Ctrl Pts',(4.61685913841502,-1.,2.90113222116156));
#2446=CARTESIAN_POINT('Ctrl Pts',(4.64945117942875,-1.,2.9768084133464));
#2447=CARTESIAN_POINT('Ctrl Pts',(4.68069572500244,-1.,3.0530221155001));
#2448=CARTESIAN_POINT('Ctrl Pts',(4.71058653808008,-1.,3.12975514058407));
#2449=CARTESIAN_POINT('Ctrl Pts',(4.7391174671614,-1.,3.20698968054082));
#2450=CARTESIAN_POINT('Ctrl Pts',(4.76628211391353,-1.,3.28470694452925));
#2451=CARTESIAN_POINT('Ctrl Pts',(4.79207481368485,-1.,3.36289065937176));
#2452=CARTESIAN_POINT('Ctrl Pts',(4.8143665926159,-1.,3.43468582115607));
#2453=CARTESIAN_POINT('Ctrl Pts',(4.8278229625996,-1.,3.48048959146362));
#2454=CARTESIAN_POINT('Ctrl Pts',(4.8334170568268,-1.,3.50000000000001));
#2455=CARTESIAN_POINT('Ctrl Pts',(4.41623145419142,-1.,2.5));
#2456=CARTESIAN_POINT('Ctrl Pts',(4.41844517115063,-1.,2.50401322744427));
#2457=CARTESIAN_POINT('Ctrl Pts',(4.4206592009505,-1.,2.50802721359016));
#2458=CARTESIAN_POINT('Ctrl Pts',(4.42287391294379,-1.,2.51204262752015));
#2459=CARTESIAN_POINT('Origin',(0.,-0.25,3.5));
#2460=CARTESIAN_POINT('',(5.13027867395541,-0.250000001023636,4.25));
#2461=CARTESIAN_POINT('',(0.,-0.25,4.25));
#2462=CARTESIAN_POINT('Ctrl Pts',(4.8334170568268,-1.,3.50000000000001));
#2463=CARTESIAN_POINT('Ctrl Pts',(4.8351211259467,-1.,3.50488402106635));
#2464=CARTESIAN_POINT('Ctrl Pts',(4.84458808917388,-0.999734970825579,3.53199266477715));
#2465=CARTESIAN_POINT('Ctrl Pts',(4.86517712906141,-0.99597539339654,3.59065427404845));
#2466=CARTESIAN_POINT('Ctrl Pts',(4.8905647859976,-0.983565531046745,3.66225422558312));
#2467=CARTESIAN_POINT('Ctrl Pts',(4.9122703229705,-0.966650198853535,3.72283697260729));
#2468=CARTESIAN_POINT('Ctrl Pts',(4.93352036750632,-0.946160010214038,3.78173296042412));
#2469=CARTESIAN_POINT('Ctrl Pts',(4.94803681833245,-0.928287353233959,3.82154208435393));
#2470=CARTESIAN_POINT('Ctrl Pts',(4.96818841516925,-0.899487000366765,3.87632357395383));
#2471=CARTESIAN_POINT('Ctrl Pts',(4.97799238436531,-0.883449348927911,3.90273081250502));
#2472=CARTESIAN_POINT('Ctrl Pts',(4.99694141687324,-0.848354036574556,3.95322531969481));
#2473=CARTESIAN_POINT('Ctrl Pts',(5.00609053282881,-0.829309475299157,3.97732597176427));
#2474=CARTESIAN_POINT('Ctrl Pts',(5.02366729484025,-0.788431277983968,4.02300179409921));
#2475=CARTESIAN_POINT('Ctrl Pts',(5.03209467134302,-0.766599519112754,4.04457629127849));
#2476=CARTESIAN_POINT('Ctrl Pts',(5.04810271270017,-0.720534407356189,4.0848333777072));
#2477=CARTESIAN_POINT('Ctrl Pts',(5.0556857445795,-0.696308504379907,4.1035240236561));
#2478=CARTESIAN_POINT('Ctrl Pts',(5.06994014130145,-0.645757623458471,4.13781549930356));
#2479=CARTESIAN_POINT('Ctrl Pts',(5.07661198606445,-0.619430750946072,4.15341732191465));
#2480=CARTESIAN_POINT('Ctrl Pts',(5.08896255529123,-0.565056907488962,4.18130197461731));
#2481=CARTESIAN_POINT('Ctrl Pts',(5.09464017143797,-0.53701372181176,4.19358198917644));
#2482=CARTESIAN_POINT('Ctrl Pts',(5.10492751561145,-0.479642848990418,4.21463154207843));
#2483=CARTESIAN_POINT('Ctrl Pts',(5.1141604348093,-0.420896473060015,4.23219515967149));
#2484=CARTESIAN_POINT('Ctrl Pts',(5.12417903069891,-0.334062625733839,4.24693273000216));
#2485=CARTESIAN_POINT('Ctrl Pts',(5.12865220738464,-0.276724653680823,4.24999999996339));
#2486=CARTESIAN_POINT('Ctrl Pts',(5.13027867401748,-0.250000001027414,4.25));
#2487=CARTESIAN_POINT('Origin',(0.,0.25,4.25));
#2488=CARTESIAN_POINT('',(5.13027867408001,0.25,4.25));
#2489=CARTESIAN_POINT('',(0.,0.25,4.25));
#2490=CARTESIAN_POINT('Ctrl Pts',(5.13027867401794,-0.250000001273757,4.25));
#2491=CARTESIAN_POINT('Ctrl Pts',(5.13052896421715,-0.244863767414445,4.25));
#2492=CARTESIAN_POINT('Ctrl Pts',(5.13138746534651,-0.226684807724131,4.25));
#2493=CARTESIAN_POINT('Ctrl Pts',(5.13269530676495,-0.195470913760547,4.25));
#2494=CARTESIAN_POINT('Ctrl Pts',(5.13403565484328,-0.156357346880323,4.25000000000001));
#2495=CARTESIAN_POINT('Ctrl Pts',(5.13507790081977,-0.117237754879412,4.25000000000001));
#2496=CARTESIAN_POINT('Ctrl Pts',(5.13582201988534,-0.0781142743713172,
4.25000000000001));
#2497=CARTESIAN_POINT('Ctrl Pts',(5.13623260661994,-0.042097790866069,4.25000000000002));
#2498=CARTESIAN_POINT('Ctrl Pts',(5.13635494404391,-0.0160122477078501,
4.25000000000002));
#2499=CARTESIAN_POINT('Ctrl Pts',(5.13637792436185,0.0100721594246837,4.25000000000002));
#2500=CARTESIAN_POINT('Ctrl Pts',(5.13626593150777,0.0392664413473396,4.25000000000001));
#2501=CARTESIAN_POINT('Ctrl Pts',(5.13581782319197,0.0783886597775588,4.25000000000001));
#2502=CARTESIAN_POINT('Ctrl Pts',(5.13507178853742,0.117504100502482,4.25000000000001));
#2503=CARTESIAN_POINT('Ctrl Pts',(5.13402784718008,0.156612438667807,4.25000000000001));
#2504=CARTESIAN_POINT('Ctrl Pts',(5.13268609429072,0.19571161036784,4.25));
#2505=CARTESIAN_POINT('Ctrl Pts',(5.13138041244943,0.226840174372639,4.25));
#2506=CARTESIAN_POINT('Ctrl Pts',(5.13052531788013,0.244938594288467,4.25));
#2507=CARTESIAN_POINT('Ctrl Pts',(5.13027867408001,0.25,4.25));
#2508=CARTESIAN_POINT('Ctrl Pts',(4.68338813534924,1.39559172826517,2.35122335819511));
#2509=CARTESIAN_POINT('Ctrl Pts',(4.68241387850744,1.39546570886748,2.34940646197731));
#2510=CARTESIAN_POINT('Ctrl Pts',(4.68058081599614,1.39521942147496,2.34598310397404));
#2511=CARTESIAN_POINT('Ctrl Pts',(4.67361307400475,1.39421742475428,2.33293520863636));
#2512=CARTESIAN_POINT('Ctrl Pts',(4.63622880348952,1.38766988474446,2.26230757535683));
#2513=CARTESIAN_POINT('Ctrl Pts',(4.58086971011971,1.36645440411878,2.1515164977732));
#2514=CARTESIAN_POINT('Ctrl Pts',(4.5168657218059,1.31739582691316,2.01043430962031));
#2515=CARTESIAN_POINT('Ctrl Pts',(4.46656245792279,1.2578070822588,1.88895194693603));
#2516=CARTESIAN_POINT('Ctrl Pts',(4.422543658216,1.17987044645789,1.77060953024066));
#2517=CARTESIAN_POINT('Ctrl Pts',(4.38594612284442,1.08331501431085,1.6589278684905));
#2518=CARTESIAN_POINT('Ctrl Pts',(4.35754803714522,0.969019044630412,1.5578949975538));
#2519=CARTESIAN_POINT('Ctrl Pts',(4.33752582139577,0.838958626962276,1.47125899124755));
#2520=CARTESIAN_POINT('Ctrl Pts',(4.32554565099269,0.696427404488684,1.40228464940834));
#2521=CARTESIAN_POINT('Ctrl Pts',(4.32088065381875,0.544850723634058,1.35308323539035));
#2522=CARTESIAN_POINT('Ctrl Pts',(4.32257232076036,0.399947476009289,1.32700456659354));
#2523=CARTESIAN_POINT('Ctrl Pts',(4.32670052536703,0.306378241562015,1.32150625444654));
#2524=CARTESIAN_POINT('Ctrl Pts',(4.32903951791426,0.265759006759167,1.32121709262086));
#2525=CARTESIAN_POINT('Ctrl Pts',(4.68862891522914,1.37255024752309,2.34830482851407));
#2526=CARTESIAN_POINT('Ctrl Pts',(4.68767341803513,1.37242437920216,2.34652030270612));
#2527=CARTESIAN_POINT('Ctrl Pts',(4.68587616149046,1.37217860699925,2.34315885022405));
#2528=CARTESIAN_POINT('Ctrl Pts',(4.67904293942553,1.37117941144111,2.33034481714948));
#2529=CARTESIAN_POINT('Ctrl Pts',(4.6423870147395,1.36466766362059,2.26100332031779));
#2530=CARTESIAN_POINT('Ctrl Pts',(4.58811981500201,1.34370304484306,2.15234796677838));
#2531=CARTESIAN_POINT('Ctrl Pts',(4.52539248791506,1.29542667481028,2.01424700958703));
#2532=CARTESIAN_POINT('Ctrl Pts',(4.47608408722802,1.23691161781342,1.89551689151362));
#2533=CARTESIAN_POINT('Ctrl Pts',(4.43290303243242,1.16050869391075,1.78002516764205));
#2534=CARTESIAN_POINT('Ctrl Pts',(4.39694140505091,1.06597682468328,1.67116334893402));
#2535=CARTESIAN_POINT('Ctrl Pts',(4.36895389743901,0.954172928190903,1.57275803464715));
#2536=CARTESIAN_POINT('Ctrl Pts',(4.34912695977439,0.827003078821535,1.48840204549561));
#2537=CARTESIAN_POINT('Ctrl Pts',(4.33716673714369,0.687650967978179,1.42123757405608));
#2538=CARTESIAN_POINT('Ctrl Pts',(4.33240087974112,0.539434910778664,1.37330824320374));
#2539=CARTESIAN_POINT('Ctrl Pts',(4.33393494128019,0.397715498260271,1.347884981736));
#2540=CARTESIAN_POINT('Ctrl Pts',(4.33794409035255,0.306182274436202,1.34251121020953));
#2541=CARTESIAN_POINT('Ctrl Pts',(4.34022888759188,0.266445920278778,1.34222232006715));
#2542=CARTESIAN_POINT('Ctrl Pts',(4.69494679947343,1.32249103306112,2.34478647339092));
#2543=CARTESIAN_POINT('Ctrl Pts',(4.69402993555188,1.32236262909136,2.34307175000498));
#2544=CARTESIAN_POINT('Ctrl Pts',(4.69230507719173,1.32211226156974,2.33984071197828));
#2545=CARTESIAN_POINT('Ctrl Pts',(4.68574843929931,1.32109854610989,2.32752976254317));
#2546=CARTESIAN_POINT('Ctrl Pts',(4.65057778347497,1.3145503830083,2.26092505132301));
#2547=CARTESIAN_POINT('Ctrl Pts',(4.59855956439075,1.29396622706448,2.15685049372501));
#2548=CARTESIAN_POINT('Ctrl Pts',(4.53847488659716,1.24721422442476,2.02515995643211));
#2549=CARTESIAN_POINT('Ctrl Pts',(4.49123287409172,1.19091331809013,1.91235992912685));
#2550=CARTESIAN_POINT('Ctrl Pts',(4.44979257915614,1.1177653211738,1.80301535020262));
#2551=CARTESIAN_POINT('Ctrl Pts',(4.4151474742891,1.02759724592429,1.70023183989101));
#2552=CARTESIAN_POINT('Ctrl Pts',(4.3879995673478,0.921218787567046,1.60748160658134));
#2553=CARTESIAN_POINT('Ctrl Pts',(4.36855613427085,0.800374874961692,1.52801881748791));
#2554=CARTESIAN_POINT('Ctrl Pts',(4.35660953586924,0.667998397505812,1.46472242451918));
#2555=CARTESIAN_POINT('Ctrl Pts',(4.35160525253269,0.527166812777077,1.41949660497814));
#2556=CARTESIAN_POINT('Ctrl Pts',(4.35278839885943,0.392437957516071,1.39544916036));
#2557=CARTESIAN_POINT('Ctrl Pts',(4.35653780914452,0.305382497326505,1.39032588876381));
#2558=CARTESIAN_POINT('Ctrl Pts',(4.3587056079395,0.267580203028434,1.39002891638351));
#2559=CARTESIAN_POINT('Ctrl Pts',(4.68557576630022,1.21208670883008,2.35000510366454));
#2560=CARTESIAN_POINT('Ctrl Pts',(4.68472793798995,1.21194317441309,2.34843999170691));
#2561=CARTESIAN_POINT('Ctrl Pts',(4.68313390150423,1.21166513034831,2.34549306996541));
#2562=CARTESIAN_POINT('Ctrl Pts',(4.67707249972809,1.21055107993599,2.33426243125482));
#2563=CARTESIAN_POINT('Ctrl Pts',(4.64457999230059,1.20355810854336,2.27358189806125));
#2564=CARTESIAN_POINT('Ctrl Pts',(4.59665244942453,1.18324509147996,2.17939443583527));
#2565=CARTESIAN_POINT('Ctrl Pts',(4.54144173991132,1.1392065745774,2.06155434072504));
#2566=CARTESIAN_POINT('Ctrl Pts',(4.4980405589222,1.08731389955658,1.96156142475189));
#2567=CARTESIAN_POINT('Ctrl Pts',(4.45984408327415,1.02099561009512,1.86547565045017));
#2568=CARTESIAN_POINT('Ctrl Pts',(4.42763292943612,0.940258624484041,1.77576547189835));
#2569=CARTESIAN_POINT('Ctrl Pts',(4.40199062555876,0.845810818801521,1.69511985584214));
#2570=CARTESIAN_POINT('Ctrl Pts',(4.3831600207546,0.739019368606346,1.62605799040879));
#2571=CARTESIAN_POINT('Ctrl Pts',(4.37110873205886,0.62222247178862,1.57090663043313));
#2572=CARTESIAN_POINT('Ctrl Pts',(4.36552423166873,0.497917766794984,1.53129723656492));
#2573=CARTESIAN_POINT('Ctrl Pts',(4.36594106317804,0.378850888507877,1.51003790447913));
#2574=CARTESIAN_POINT('Ctrl Pts',(4.36914964860926,0.301808182188277,1.50535935635674));
#2575=CARTESIAN_POINT('Ctrl Pts',(4.37107738470944,0.268339704320262,1.50501102065857));
#2576=CARTESIAN_POINT('Ctrl Pts',(4.62567707510863,1.09000587142239,2.383362018016));
#2577=CARTESIAN_POINT('Ctrl Pts',(4.62485610365515,1.08985188293429,2.38196524756847));
#2578=CARTESIAN_POINT('Ctrl Pts',(4.62331219295239,1.08955372047653,2.37933440510141));
#2579=CARTESIAN_POINT('Ctrl Pts',(4.61744221080039,1.08837308084181,2.3693152522331));
#2580=CARTESIAN_POINT('Ctrl Pts',(4.58596689395357,1.08111214323632,2.31521335818291));
#2581=CARTESIAN_POINT('Ctrl Pts',(4.53949592964966,1.061433369634,2.23172609538692));
#2582=CARTESIAN_POINT('Ctrl Pts',(4.48587138958589,1.02066235345387,2.12824763676466));
#2583=CARTESIAN_POINT('Ctrl Pts',(4.44362277845732,0.973702234565171,2.04111672362171));
#2584=CARTESIAN_POINT('Ctrl Pts',(4.40629840831905,0.914758989050421,1.95796290890682));
#2585=CARTESIAN_POINT('Ctrl Pts',(4.37462494223497,0.844010823849184,1.88069463510928));
#2586=CARTESIAN_POINT('Ctrl Pts',(4.34916709456874,0.762083314472247,1.81135201338417));
#2587=CARTESIAN_POINT('Ctrl Pts',(4.33020511299683,0.670006342181832,1.75187329529424));
#2588=CARTESIAN_POINT('Ctrl Pts',(4.31779407869844,0.569561760998038,1.70416071163611));
#2589=CARTESIAN_POINT('Ctrl Pts',(4.31172905491079,0.462688013136562,1.66964775945917));
#2590=CARTESIAN_POINT('Ctrl Pts',(4.31168068015687,0.360219811827831,1.65089031950835));
#2591=CARTESIAN_POINT('Ctrl Pts',(4.31461331981734,0.293838665358374,1.64658453037504));
#2592=CARTESIAN_POINT('Ctrl Pts',(4.31642735593938,0.264984748260104,1.6461712376987));
#2593=CARTESIAN_POINT('Ctrl Pts',(4.5153581657159,1.01225912265725,2.44479738060957));
#2594=CARTESIAN_POINT('Ctrl Pts',(4.51450432525577,1.01216614624187,2.44349774690334));
#2595=CARTESIAN_POINT('Ctrl Pts',(4.51289765850945,1.01198486622058,2.4410512390595));
#2596=CARTESIAN_POINT('Ctrl Pts',(4.50678854400894,1.01124788074613,2.43172380499984));
#2597=CARTESIAN_POINT('Ctrl Pts',(4.47398143314053,1.00645913444181,2.38131066425473));
#2598=CARTESIAN_POINT('Ctrl Pts',(4.42512167985584,0.991160407527565,2.30283381572571));
#2599=CARTESIAN_POINT('Ctrl Pts',(4.36812047838699,0.956608105437109,2.20431947761478));
#2600=CARTESIAN_POINT('Ctrl Pts',(4.32287578787567,0.915329401731223,2.12051370752555));
#2601=CARTESIAN_POINT('Ctrl Pts',(4.28271687750896,0.862189517867993,2.03980640928076));
#2602=CARTESIAN_POINT('Ctrl Pts',(4.24862272874104,0.797255802499043,1.96433241227579));
#2603=CARTESIAN_POINT('Ctrl Pts',(4.22134383976013,0.721182823785942,1.89643287186243));
#2604=CARTESIAN_POINT('Ctrl Pts',(4.20121689851518,0.635167368690678,1.83830228235309));
#2605=CARTESIAN_POINT('Ctrl Pts',(4.18822843170318,0.541174290057406,1.79194200056572));
#2606=CARTESIAN_POINT('Ctrl Pts',(4.18203533616823,0.441263225955217,1.7587280150272));
#2607=CARTESIAN_POINT('Ctrl Pts',(4.18215650036812,0.345681341925249,1.74098471948603));
#2608=CARTESIAN_POINT('Ctrl Pts',(4.18531219232273,0.283889214075982,1.73714525447195));
#2609=CARTESIAN_POINT('Ctrl Pts',(4.1872419999845,0.25705408101987,1.73689306533479));
#2610=CARTESIAN_POINT('Ctrl Pts',(4.44743364697983,0.999999998817264,2.48262378039103));
#2611=CARTESIAN_POINT('Ctrl Pts',(4.44655969529958,0.999969773328142,2.48132211268529));
#2612=CARTESIAN_POINT('Ctrl Pts',(4.44491504708974,0.999905494422925,2.47886944710752));
#2613=CARTESIAN_POINT('Ctrl Pts',(4.43865992108896,0.999617740908336,2.46951960206816));
#2614=CARTESIAN_POINT('Ctrl Pts',(4.40504476023834,0.997237121438989,2.41888649119207));
#2615=CARTESIAN_POINT('Ctrl Pts',(4.35474585884597,0.985573396445529,2.3392767697317));
#2616=CARTESIAN_POINT('Ctrl Pts',(4.29572656322415,0.954911077510207,2.23793459811737));
#2617=CARTESIAN_POINT('Ctrl Pts',(4.24869931848883,0.916236037295695,2.15084000134007));
#2618=CARTESIAN_POINT('Ctrl Pts',(4.206857561643,0.864691887731186,2.06627264883763));
#2619=CARTESIAN_POINT('Ctrl Pts',(4.1713256112812,0.800233130008305,1.98679605941905));
#2620=CARTESIAN_POINT('Ctrl Pts',(4.14296028281209,0.723604793946022,1.91523282480286));
#2621=CARTESIAN_POINT('Ctrl Pts',(4.12213056761787,0.63628701624423,1.85417361458703));
#2622=CARTESIAN_POINT('Ctrl Pts',(4.10878392532836,0.540616598422793,1.80582932098349));
#2623=CARTESIAN_POINT('Ctrl Pts',(4.10249813570088,0.438977843124187,1.77158415994008));
#2624=CARTESIAN_POINT('Ctrl Pts',(4.1027060458008,0.341941504361273,1.75366415476246));
#2625=CARTESIAN_POINT('Ctrl Pts',(4.1059870516828,0.279348821666218,1.75008020562484));
#2626=CARTESIAN_POINT('Ctrl Pts',(4.10798283423907,0.25218837418631,1.75));
#2627=CARTESIAN_POINT('Ctrl Pts',(4.4162314199714,0.999999999999998,2.49999994895018));
#2628=CARTESIAN_POINT('Ctrl Pts',(4.41535064638363,0.999999999910562,2.49868600064008));
#2629=CARTESIAN_POINT('Ctrl Pts',(4.41369294246951,0.99999348503114,2.49620978311405));
#2630=CARTESIAN_POINT('Ctrl Pts',(4.40738799742688,0.999921946956702,2.48676828844807));
#2631=CARTESIAN_POINT('Ctrl Pts',(4.3734932280433,0.998706733554702,2.43559963519209));
#2632=CARTESIAN_POINT('Ctrl Pts',(4.32267419228531,0.988703282761056,2.35476982467823));
#2633=CARTESIAN_POINT('Ctrl Pts',(4.26289645222627,0.959649340154638,2.25124963679923));
#2634=CARTESIAN_POINT('Ctrl Pts',(4.21518343005085,0.921893844668004,2.16190231809793));
#2635=CARTESIAN_POINT('Ctrl Pts',(4.17268150697157,0.870688636462204,2.07486154769633));
#2636=CARTESIAN_POINT('Ctrl Pts',(4.13657431356535,0.805944805035905,1.9929069945204));
#2637=CARTESIAN_POINT('Ctrl Pts',(4.10776347027121,0.728461314633356,1.91909951261422));
#2638=CARTESIAN_POINT('Ctrl Pts',(4.08663391356343,0.639862098185096,1.8562244954597));
#2639=CARTESIAN_POINT('Ctrl Pts',(4.07312101733837,0.542672400239026,1.80660058278714));
#2640=CARTESIAN_POINT('Ctrl Pts',(4.06677441386936,0.439443061858059,1.7716236844094));
#2641=CARTESIAN_POINT('Ctrl Pts',(4.06699706910167,0.340976342297952,1.75349021176643));
#2642=CARTESIAN_POINT('Ctrl Pts',(4.07031761206219,0.277523481977554,1.75));
#2643=CARTESIAN_POINT('Ctrl Pts',(4.07233565731716,0.249999999999996,1.75));
#2644=CARTESIAN_POINT('',(4.68338813534924,1.39559172826517,2.35122335819511));
#2645=CARTESIAN_POINT('',(4.41623140194828,0.999999999999995,2.49999996103154));
#2646=CARTESIAN_POINT('Ctrl Pts',(4.68338813534924,1.39559172826517,2.35122335819511));
#2647=CARTESIAN_POINT('Ctrl Pts',(4.68862891522914,1.37255024752309,2.34830482851407));
#2648=CARTESIAN_POINT('Ctrl Pts',(4.69494679947343,1.32249103306112,2.34478647339092));
#2649=CARTESIAN_POINT('Ctrl Pts',(4.68557576630022,1.21208670883008,2.35000510366454));
#2650=CARTESIAN_POINT('Ctrl Pts',(4.62567707510863,1.09000587142239,2.383362018016));
#2651=CARTESIAN_POINT('Ctrl Pts',(4.5153581657159,1.01225912265725,2.44479738060957));
#2652=CARTESIAN_POINT('Ctrl Pts',(4.44743364697983,0.999999998817264,2.48262378039103));
#2653=CARTESIAN_POINT('Ctrl Pts',(4.4162314199714,0.999999999999998,2.49999994895018));
#2654=CARTESIAN_POINT('',(4.07233565731716,0.25,1.75));
#2655=CARTESIAN_POINT('Ctrl Pts',(4.4162314199714,0.999999999999998,2.49999994895018));
#2656=CARTESIAN_POINT('Ctrl Pts',(4.41535064638363,0.999999999910562,2.49868600064008));
#2657=CARTESIAN_POINT('Ctrl Pts',(4.41369294246951,0.99999348503114,2.49620978311405));
#2658=CARTESIAN_POINT('Ctrl Pts',(4.40738799742688,0.999921946956702,2.48676828844807));
#2659=CARTESIAN_POINT('Ctrl Pts',(4.3734932280433,0.998706733554702,2.43559963519209));
#2660=CARTESIAN_POINT('Ctrl Pts',(4.32267419228531,0.988703282761056,2.35476982467823));
#2661=CARTESIAN_POINT('Ctrl Pts',(4.26289645222627,0.959649340154638,2.25124963679923));
#2662=CARTESIAN_POINT('Ctrl Pts',(4.21518343005085,0.921893844668004,2.16190231809793));
#2663=CARTESIAN_POINT('Ctrl Pts',(4.17268150697157,0.870688636462204,2.07486154769633));
#2664=CARTESIAN_POINT('Ctrl Pts',(4.13657431356535,0.805944805035905,1.9929069945204));
#2665=CARTESIAN_POINT('Ctrl Pts',(4.10776347027121,0.728461314633356,1.91909951261422));
#2666=CARTESIAN_POINT('Ctrl Pts',(4.08663391356343,0.639862098185096,1.8562244954597));
#2667=CARTESIAN_POINT('Ctrl Pts',(4.07312101733837,0.542672400239026,1.80660058278714));
#2668=CARTESIAN_POINT('Ctrl Pts',(4.06677441386936,0.439443061858059,1.7716236844094));
#2669=CARTESIAN_POINT('Ctrl Pts',(4.06699706910167,0.340976342297952,1.75349021176643));
#2670=CARTESIAN_POINT('Ctrl Pts',(4.07031761206219,0.277523481977554,1.75));
#2671=CARTESIAN_POINT('Ctrl Pts',(4.07233565731716,0.249999999999996,1.75));
#2672=CARTESIAN_POINT('',(4.32903951791426,0.265759006759167,1.32121709262086));
#2673=CARTESIAN_POINT('Ctrl Pts',(4.07233565731716,0.249999999999996,1.75));
#2674=CARTESIAN_POINT('Ctrl Pts',(4.10798283423907,0.25218837418631,1.75));
#2675=CARTESIAN_POINT('Ctrl Pts',(4.1872419999845,0.25705408101987,1.73689306533479));
#2676=CARTESIAN_POINT('Ctrl Pts',(4.31642735593938,0.264984748260104,1.6461712376987));
#2677=CARTESIAN_POINT('Ctrl Pts',(4.37107738470944,0.268339704320262,1.50501102065857));
#2678=CARTESIAN_POINT('Ctrl Pts',(4.3587056079395,0.267580203028434,1.39002891638351));
#2679=CARTESIAN_POINT('Ctrl Pts',(4.34022888759188,0.266445920278778,1.34222232006715));
#2680=CARTESIAN_POINT('Ctrl Pts',(4.32903951791426,0.265759006759167,1.32121709262086));
#2681=CARTESIAN_POINT('Ctrl Pts',(4.32903951791426,0.265759006759167,1.32121709262086));
#2682=CARTESIAN_POINT('Ctrl Pts',(4.32670052536703,0.306378241562015,1.32150625444654));
#2683=CARTESIAN_POINT('Ctrl Pts',(4.32257232076036,0.399947476009289,1.32700456659354));
#2684=CARTESIAN_POINT('Ctrl Pts',(4.32088065381875,0.544850723634058,1.35308323539035));
#2685=CARTESIAN_POINT('Ctrl Pts',(4.32554565099269,0.696427404488684,1.40228464940834));
#2686=CARTESIAN_POINT('Ctrl Pts',(4.33752582139577,0.838958626962276,1.47125899124755));
#2687=CARTESIAN_POINT('Ctrl Pts',(4.35754803714522,0.969019044630412,1.5578949975538));
#2688=CARTESIAN_POINT('Ctrl Pts',(4.38594612284442,1.08331501431085,1.6589278684905));
#2689=CARTESIAN_POINT('Ctrl Pts',(4.422543658216,1.17987044645789,1.77060953024066));
#2690=CARTESIAN_POINT('Ctrl Pts',(4.46656245792279,1.2578070822588,1.88895194693603));
#2691=CARTESIAN_POINT('Ctrl Pts',(4.5168657218059,1.31739582691316,2.01043430962031));
#2692=CARTESIAN_POINT('Ctrl Pts',(4.58086971011971,1.36645440411878,2.1515164977732));
#2693=CARTESIAN_POINT('Ctrl Pts',(4.63622880348952,1.38766988474446,2.26230757535683));
#2694=CARTESIAN_POINT('Ctrl Pts',(4.67361307400475,1.39421742475428,2.33293520863636));
#2695=CARTESIAN_POINT('Ctrl Pts',(4.68058081599614,1.39521942147496,2.34598310397404));
#2696=CARTESIAN_POINT('Ctrl Pts',(4.68241387850744,1.39546570886748,2.34940646197731));
#2697=CARTESIAN_POINT('Ctrl Pts',(4.68338813534924,1.39559172826517,2.35122335819511));
#2698=CARTESIAN_POINT('Ctrl Pts',(4.32903951791426,0.265759006759169,1.32121709262086));
#2699=CARTESIAN_POINT('Ctrl Pts',(4.32963630768203,0.25603769375438,1.32121709262086));
#2700=CARTESIAN_POINT('Ctrl Pts',(4.3309635407757,0.233157961847471,1.32121709262086));
#2701=CARTESIAN_POINT('Ctrl Pts',(4.33276732425113,0.197125593520783,1.32121709262086));
#2702=CARTESIAN_POINT('Ctrl Pts',(4.33438242592122,0.157669136101413,1.32121709262086));
#2703=CARTESIAN_POINT('Ctrl Pts',(4.33563795641658,0.118211176092702,1.32121709262086));
#2704=CARTESIAN_POINT('Ctrl Pts',(4.33653400603412,0.0787577651220526,1.32121709262086));
#2705=CARTESIAN_POINT('Ctrl Pts',(4.33707094975748,0.0393096691767855,1.32121709262086));
#2706=CARTESIAN_POINT('Ctrl Pts',(4.33724905003854,-0.000129181422692471,
1.32121709262086));
#2707=CARTESIAN_POINT('Ctrl Pts',(4.3370685996358,-0.0395649233628755,1.32121709262086));
#2708=CARTESIAN_POINT('Ctrl Pts',(4.33652950800009,-0.0790035008669114,
1.32121709262086));
#2709=CARTESIAN_POINT('Ctrl Pts',(4.33563147566686,-0.118447603982384,1.32121709262086));
#2710=CARTESIAN_POINT('Ctrl Pts',(4.33437413137504,-0.15789621187038,1.32121709262086));
#2711=CARTESIAN_POINT('Ctrl Pts',(4.33275738645392,-0.197343293878975,1.32121709262086));
#2712=CARTESIAN_POINT('Ctrl Pts',(4.33095562234709,-0.233299914959348,1.32121709262086));
#2713=CARTESIAN_POINT('Ctrl Pts',(4.32963203425033,-0.256107305147437,1.32121709262086));
#2714=CARTESIAN_POINT('Ctrl Pts',(4.32903951791426,-0.265759006759172,1.32121709262086));
#2715=CARTESIAN_POINT('Ctrl Pts',(4.35141825726949,0.26713283379839,1.36322754751345));
#2716=CARTESIAN_POINT('Ctrl Pts',(4.35201813204675,0.257361267474722,1.36322754751345));
#2717=CARTESIAN_POINT('Ctrl Pts',(4.35335222628967,0.234363259458009,1.36322754751345));
#2718=CARTESIAN_POINT('Ctrl Pts',(4.3551653342585,0.198144624178454,1.36322754751345));
#2719=CARTESIAN_POINT('Ctrl Pts',(4.35678878515371,0.158484198285895,1.36322754751345));
#2720=CARTESIAN_POINT('Ctrl Pts',(4.35805080602294,0.118822262684462,1.36322754751345));
#2721=CARTESIAN_POINT('Ctrl Pts',(4.35895148773268,0.0791648992006271,1.36322754751345));
#2722=CARTESIAN_POINT('Ctrl Pts',(4.35949120715273,0.0395128784967118,1.36322754751345));
#2723=CARTESIAN_POINT('Ctrl Pts',(4.35967022811693,-0.000129849213209955,
1.36322754751345));
#2724=CARTESIAN_POINT('Ctrl Pts',(4.35948884488226,-0.0397694522059202,
1.36322754751345));
#2725=CARTESIAN_POINT('Ctrl Pts',(4.35894696644648,-0.0794119052542365,
1.36322754751345));
#2726=CARTESIAN_POINT('Ctrl Pts',(4.35804429177159,-0.119059912770002,1.36322754751345));
#2727=CARTESIAN_POINT('Ctrl Pts',(4.35678044772958,-0.158712447908043,1.36322754751345));
#2728=CARTESIAN_POINT('Ctrl Pts',(4.35515534508907,-0.198363449912515,1.36322754751345));
#2729=CARTESIAN_POINT('Ctrl Pts',(4.35334426692696,-0.234505946401004,1.36322754751345));
#2730=CARTESIAN_POINT('Ctrl Pts',(4.35201383652513,-0.257431238696272,1.36322754751345));
#2731=CARTESIAN_POINT('Ctrl Pts',(4.35141825726949,-0.267132833798393,1.36322754751345));
#2732=CARTESIAN_POINT('Ctrl Pts',(4.37406958725494,0.268523395130481,1.44546568707291));
#2733=CARTESIAN_POINT('Ctrl Pts',(4.37467258464792,0.258700963143234,1.44546568707291));
#2734=CARTESIAN_POINT('Ctrl Pts',(4.37601362357471,0.235583238568443,1.44546568707291));
#2735=CARTESIAN_POINT('Ctrl Pts',(4.37783616964759,0.199176067253605,1.44546568707291));
#2736=CARTESIAN_POINT('Ctrl Pts',(4.37946807144879,0.159309188578066,1.44546568707291));
#2737=CARTESIAN_POINT('Ctrl Pts',(4.38073666176058,0.119440792697461,1.44546568707291));
#2738=CARTESIAN_POINT('Ctrl Pts',(4.38164203197993,0.0795769924904028,1.44546568707291));
#2739=CARTESIAN_POINT('Ctrl Pts',(4.38218456090921,0.0397185630311359,1.44546568707291));
#2740=CARTESIAN_POINT('Ctrl Pts',(4.38236451376976,-0.000130525140611967,
1.44546568707291));
#2741=CARTESIAN_POINT('Ctrl Pts',(4.38218218634196,-0.0399764723362065,
1.44546568707291));
#2742=CARTESIAN_POINT('Ctrl Pts',(4.38163748715825,-0.0798252843301937,
1.44546568707291));
#2743=CARTESIAN_POINT('Ctrl Pts',(4.3807301135994,-0.11967967986864,1.44546568707291));
#2744=CARTESIAN_POINT('Ctrl Pts',(4.37945969062431,-0.159538626353154,1.44546568707291));
#2745=CARTESIAN_POINT('Ctrl Pts',(4.37782612847987,-0.199396032078006,1.44546568707291));
#2746=CARTESIAN_POINT('Ctrl Pts',(4.37600562277939,-0.235726668275799,1.44546568707291));
#2747=CARTESIAN_POINT('Ctrl Pts',(4.37466826676668,-0.258771298586963,1.44546568707291));
#2748=CARTESIAN_POINT('Ctrl Pts',(4.37406958725494,-0.268523395130484,1.44546568707291));
#2749=CARTESIAN_POINT('Ctrl Pts',(4.34758971844389,0.266897800444821,1.56787614531213));
#2750=CARTESIAN_POINT('Ctrl Pts',(4.34818906544213,0.257134831406154,1.56787614531213));
#2751=CARTESIAN_POINT('Ctrl Pts',(4.34952198588144,0.234157058001502,1.56787614531213));
#2752=CARTESIAN_POINT('Ctrl Pts',(4.35133349862497,0.197970289123977,1.56787614531213));
#2753=CARTESIAN_POINT('Ctrl Pts',(4.35295552113918,0.158344758027355,1.56787614531213));
#2754=CARTESIAN_POINT('Ctrl Pts',(4.35421643164071,0.118717718417332,1.56787614531213));
#2755=CARTESIAN_POINT('Ctrl Pts',(4.355116320895,0.079095246991652,1.56787614531213));
#2756=CARTESIAN_POINT('Ctrl Pts',(4.35565556545102,0.0394781135879717,1.56787614531213));
#2757=CARTESIAN_POINT('Ctrl Pts',(4.35583442890529,-0.000129734968290386,
1.56787614531213));
#2758=CARTESIAN_POINT('Ctrl Pts',(4.35565320525896,-0.0397344615540962,
1.56787614531213));
#2759=CARTESIAN_POINT('Ctrl Pts',(4.35511180358676,-0.0793420357220595,
1.56787614531213));
#2760=CARTESIAN_POINT('Ctrl Pts',(4.35420992312077,-0.118955159410665,1.56787614531213));
#2761=CARTESIAN_POINT('Ctrl Pts',(4.35294719105057,-0.158572806827636,1.56787614531213));
#2762=CARTESIAN_POINT('Ctrl Pts',(4.35132351824423,-0.198188922330041,1.56787614531213));
#2763=CARTESIAN_POINT('Ctrl Pts',(4.34951403352171,-0.234299619400772,1.56787614531213));
#2764=CARTESIAN_POINT('Ctrl Pts',(4.34818477369959,-0.257204741069332,1.56787614531213));
#2765=CARTESIAN_POINT('Ctrl Pts',(4.34758971844389,-0.266897800444824,1.56787614531213));
#2766=CARTESIAN_POINT('Ctrl Pts',(4.29004480771757,0.263365128069023,1.66426003397108));
#2767=CARTESIAN_POINT('Ctrl Pts',(4.29063622167141,0.253731382617468,1.66426003397108));
#2768=CARTESIAN_POINT('Ctrl Pts',(4.29195149959144,0.231057743641213,1.66426003397108));
#2769=CARTESIAN_POINT('Ctrl Pts',(4.29373903499999,0.195349945030156,1.66426003397108));
#2770=CARTESIAN_POINT('Ctrl Pts',(4.29533958838406,0.156248899024509,1.66426003397108));
#2771=CARTESIAN_POINT('Ctrl Pts',(4.29658380939019,0.117146365066003,1.66426003397108));
#2772=CARTESIAN_POINT('Ctrl Pts',(4.29747178767662,0.0780483384271856,1.66426003397108));
#2773=CARTESIAN_POINT('Ctrl Pts',(4.29800389476039,0.0389555794115097,1.66426003397108));
#2774=CARTESIAN_POINT('Ctrl Pts',(4.29818039077215,-0.000128017784416444,
1.66426003397108));
#2775=CARTESIAN_POINT('Ctrl Pts',(4.29800156580798,-0.0392085343435575,
1.66426003397108));
#2776=CARTESIAN_POINT('Ctrl Pts',(4.29746733015986,-0.0782918606415141,
1.66426003397108));
#2777=CARTESIAN_POINT('Ctrl Pts',(4.29657738701758,-0.117380663273634,1.66426003397108));
#2778=CARTESIAN_POINT('Ctrl Pts',(4.29533136855316,-0.15647392935701,1.66426003397108));
#2779=CARTESIAN_POINT('Ctrl Pts',(4.2937291867207,-0.195565684383055,1.66426003397108));
#2780=CARTESIAN_POINT('Ctrl Pts',(4.29194365248935,-0.231198418101863,1.66426003397108));
#2781=CARTESIAN_POINT('Ctrl Pts',(4.29063198673581,-0.253800366931018,1.66426003397108));
#2782=CARTESIAN_POINT('Ctrl Pts',(4.29004480771757,-0.263365128069026,1.66426003397108));
#2783=CARTESIAN_POINT('Ctrl Pts',(4.18762994153663,0.257077896686406,1.73691804711722));
#2784=CARTESIAN_POINT('Ctrl Pts',(4.18820723707114,0.247674132878172,1.73691804711722));
#2785=CARTESIAN_POINT('Ctrl Pts',(4.18949111548054,0.225541776316323,1.73691804711722));
#2786=CARTESIAN_POINT('Ctrl Pts',(4.19123597786512,0.190686416987908,1.73691804711722));
#2787=CARTESIAN_POINT('Ctrl Pts',(4.19279832160384,0.152518819158149,1.73691804711722));
#2788=CARTESIAN_POINT('Ctrl Pts',(4.19401283980283,0.114349766684099,1.73691804711722));
#2789=CARTESIAN_POINT('Ctrl Pts',(4.19487961962904,0.0761851154184022,1.73691804711722));
#2790=CARTESIAN_POINT('Ctrl Pts',(4.19539902390887,0.0380256050715342,1.73691804711722));
#2791=CARTESIAN_POINT('Ctrl Pts',(4.19557130647688,-0.000124961677225093,
1.73691804711722));
#2792=CARTESIAN_POINT('Ctrl Pts',(4.19539675055465,-0.0382725212908248,
1.73691804711721));
#2793=CARTESIAN_POINT('Ctrl Pts',(4.19487526852453,-0.0764228241359568,
1.73691804711722));
#2794=CARTESIAN_POINT('Ctrl Pts',(4.19400657074861,-0.114578471584527,1.73691804711722));
#2795=CARTESIAN_POINT('Ctrl Pts',(4.19279029800142,-0.152738477423541,1.73691804711722));
#2796=CARTESIAN_POINT('Ctrl Pts',(4.19122636468828,-0.190897006113971,1.73691804711722));
#2797=CARTESIAN_POINT('Ctrl Pts',(4.18948345571052,-0.225679092459423,1.73691804711722));
#2798=CARTESIAN_POINT('Ctrl Pts',(4.18820310323022,-0.247741470432898,1.73691804711722));
#2799=CARTESIAN_POINT('Ctrl Pts',(4.18762994153663,-0.257077896686409,1.73691804711722));
#2800=CARTESIAN_POINT('Ctrl Pts',(4.10798283423907,0.252188374186312,1.75));
#2801=CARTESIAN_POINT('Ctrl Pts',(4.10854914962474,0.242963467969303,1.75));
#2802=CARTESIAN_POINT('Ctrl Pts',(4.1098086094548,0.221252058462868,1.75));
#2803=CARTESIAN_POINT('Ctrl Pts',(4.11152028499979,0.187059636148943,1.75));
#2804=CARTESIAN_POINT('Ctrl Pts',(4.11305291370539,0.149617969935893,1.75));
#2805=CARTESIAN_POINT('Ctrl Pts',(4.11424433215622,0.112174878893478,1.75));
#2806=CARTESIAN_POINT('Ctrl Pts',(4.115094626202,0.0747361039032456,1.75));
#2807=CARTESIAN_POINT('Ctrl Pts',(4.11560415159506,0.0373023729777425,1.75));
#2808=CARTESIAN_POINT('Ctrl Pts',(4.11577315742569,-0.000122584934499477,
1.75));
#2809=CARTESIAN_POINT('Ctrl Pts',(4.11560192147931,-0.0375445929463523,
1.75));
#2810=CARTESIAN_POINT('Ctrl Pts',(4.11509035785442,-0.0749692914624478,
1.75));
#2811=CARTESIAN_POINT('Ctrl Pts',(4.11423818233782,-0.112399233896517,1.75));
#2812=CARTESIAN_POINT('Ctrl Pts',(4.11304504270968,-0.149833450376067,1.75));
#2813=CARTESIAN_POINT('Ctrl Pts',(4.11151085466417,-0.187266219902791,1.75));
#2814=CARTESIAN_POINT('Ctrl Pts',(4.10980109536996,-0.221386762945842,1.75));
#2815=CARTESIAN_POINT('Ctrl Pts',(4.10854509441233,-0.243029524710473,1.75));
#2816=CARTESIAN_POINT('Ctrl Pts',(4.10798283423907,-0.252188374186314,1.75));
#2817=CARTESIAN_POINT('Ctrl Pts',(4.07233565731716,0.249999999999998,1.75));
#2818=CARTESIAN_POINT('Ctrl Pts',(4.07289705857976,0.240855142481021,1.75));
#2819=CARTESIAN_POINT('Ctrl Pts',(4.07414558925973,0.219332135428581,1.75));
#2820=CARTESIAN_POINT('Ctrl Pts',(4.07584241178461,0.185436418434745,1.75));
#2821=CARTESIAN_POINT('Ctrl Pts',(4.07736174097855,0.148319654359157,1.75));
#2822=CARTESIAN_POINT('Ctrl Pts',(4.07854282088875,0.111201476794937,1.75));
#2823=CARTESIAN_POINT('Ctrl Pts',(4.0793857364577,0.0740875785194199,1.75));
#2824=CARTESIAN_POINT('Ctrl Pts',(4.07989084043321,0.0369786800983265,1.75));
#2825=CARTESIAN_POINT('Ctrl Pts',(4.08005837970425,-0.000121521208507431,
1.75));
#2826=CARTESIAN_POINT('Ctrl Pts',(4.0798886296693,-0.0372187981936665,1.75));
#2827=CARTESIAN_POINT('Ctrl Pts',(4.07938150514859,-0.0743187425991019,
1.75));
#2828=CARTESIAN_POINT('Ctrl Pts',(4.07853672443524,-0.11142388495766,1.75));
#2829=CARTESIAN_POINT('Ctrl Pts',(4.07735393828328,-0.148533264964246,1.75));
#2830=CARTESIAN_POINT('Ctrl Pts',(4.07583306327998,-0.185641209573196,1.75));
#2831=CARTESIAN_POINT('Ctrl Pts',(4.07413814037897,-0.219465670989246,1.75));
#2832=CARTESIAN_POINT('Ctrl Pts',(4.07289303855449,-0.240920626050051,1.75));
#2833=CARTESIAN_POINT('Ctrl Pts',(4.07233565731716,-0.25,1.75));
#2834=CARTESIAN_POINT('',(4.32903951791426,-0.265759006759172,1.32121709262086));
#2835=CARTESIAN_POINT('Ctrl Pts',(4.07233565731716,-0.25,1.75));
#2836=CARTESIAN_POINT('Ctrl Pts',(4.10798283423907,-0.252188374186314,1.75));
#2837=CARTESIAN_POINT('Ctrl Pts',(4.18762994153663,-0.257077896686409,1.73691804711722));
#2838=CARTESIAN_POINT('Ctrl Pts',(4.29004480771757,-0.263365128069026,1.66426003397108));
#2839=CARTESIAN_POINT('Ctrl Pts',(4.34758971844389,-0.266897800444824,1.56787614531213));
#2840=CARTESIAN_POINT('Ctrl Pts',(4.37406958725494,-0.268523395130484,1.44546568707291));
#2841=CARTESIAN_POINT('Ctrl Pts',(4.35141825726949,-0.267132833798393,1.36322754751345));
#2842=CARTESIAN_POINT('Ctrl Pts',(4.32903951791426,-0.265759006759172,1.32121709262086));
#2843=CARTESIAN_POINT('Ctrl Pts',(4.32903951791426,-0.265759006759172,1.32121709262086));
#2844=CARTESIAN_POINT('Ctrl Pts',(4.32963203425033,-0.256107305147437,1.32121709262086));
#2845=CARTESIAN_POINT('Ctrl Pts',(4.33095562234709,-0.233299914959348,1.32121709262086));
#2846=CARTESIAN_POINT('Ctrl Pts',(4.33275738645392,-0.197343293878975,1.32121709262086));
#2847=CARTESIAN_POINT('Ctrl Pts',(4.33437413137504,-0.15789621187038,1.32121709262086));
#2848=CARTESIAN_POINT('Ctrl Pts',(4.33563147566686,-0.118447603982384,1.32121709262086));
#2849=CARTESIAN_POINT('Ctrl Pts',(4.33652950800009,-0.0790035008669114,
1.32121709262086));
#2850=CARTESIAN_POINT('Ctrl Pts',(4.3370685996358,-0.0395649233628755,1.32121709262086));
#2851=CARTESIAN_POINT('Ctrl Pts',(4.33724905003854,-0.000129181422692471,
1.32121709262086));
#2852=CARTESIAN_POINT('Ctrl Pts',(4.33707094975748,0.0393096691767855,1.32121709262086));
#2853=CARTESIAN_POINT('Ctrl Pts',(4.33653400603412,0.0787577651220526,1.32121709262086));
#2854=CARTESIAN_POINT('Ctrl Pts',(4.33563795641658,0.118211176092702,1.32121709262086));
#2855=CARTESIAN_POINT('Ctrl Pts',(4.33438242592122,0.157669136101413,1.32121709262086));
#2856=CARTESIAN_POINT('Ctrl Pts',(4.33276732425113,0.197125593520783,1.32121709262086));
#2857=CARTESIAN_POINT('Ctrl Pts',(4.3309635407757,0.233157961847471,1.32121709262086));
#2858=CARTESIAN_POINT('Ctrl Pts',(4.32963630768203,0.25603769375438,1.32121709262086));
#2859=CARTESIAN_POINT('Ctrl Pts',(4.32903951791426,0.265759006759169,1.32121709262086));
#2860=CARTESIAN_POINT('Ctrl Pts',(4.07233565731716,0.249999999999998,1.75));
#2861=CARTESIAN_POINT('Ctrl Pts',(4.07289705857976,0.240855142481021,1.75));
#2862=CARTESIAN_POINT('Ctrl Pts',(4.07414558925973,0.219332135428581,1.75));
#2863=CARTESIAN_POINT('Ctrl Pts',(4.07584241178461,0.185436418434745,1.75));
#2864=CARTESIAN_POINT('Ctrl Pts',(4.07736174097855,0.148319654359157,1.75));
#2865=CARTESIAN_POINT('Ctrl Pts',(4.07854282088875,0.111201476794937,1.75));
#2866=CARTESIAN_POINT('Ctrl Pts',(4.0793857364577,0.0740875785194199,1.75));
#2867=CARTESIAN_POINT('Ctrl Pts',(4.07989084043321,0.0369786800983265,1.75));
#2868=CARTESIAN_POINT('Ctrl Pts',(4.08005837970425,-0.000121521208507431,
1.75));
#2869=CARTESIAN_POINT('Ctrl Pts',(4.0798886296693,-0.0372187981936665,1.75));
#2870=CARTESIAN_POINT('Ctrl Pts',(4.07938150514859,-0.0743187425991019,
1.75));
#2871=CARTESIAN_POINT('Ctrl Pts',(4.07853672443524,-0.11142388495766,1.75));
#2872=CARTESIAN_POINT('Ctrl Pts',(4.07735393828328,-0.148533264964246,1.75));
#2873=CARTESIAN_POINT('Ctrl Pts',(4.07583306327998,-0.185641209573196,1.75));
#2874=CARTESIAN_POINT('Ctrl Pts',(4.07413814037897,-0.219465670989246,1.75));
#2875=CARTESIAN_POINT('Ctrl Pts',(4.07289303855449,-0.240920626050051,1.75));
#2876=CARTESIAN_POINT('Ctrl Pts',(4.07233565731716,-0.25,1.75));
#2877=CARTESIAN_POINT('Ctrl Pts',(4.32903951791426,-0.265759006759172,1.32121709262086));
#2878=CARTESIAN_POINT('Ctrl Pts',(4.3266932450517,-0.306504672421414,1.32150715448757));
#2879=CARTESIAN_POINT('Ctrl Pts',(4.32256472023416,-0.400157776752431,1.32702452968209));
#2880=CARTESIAN_POINT('Ctrl Pts',(4.32088370031295,-0.545033792593434,1.35313672300898));
#2881=CARTESIAN_POINT('Ctrl Pts',(4.32554798242485,-0.696458156099891,1.40230100419061));
#2882=CARTESIAN_POINT('Ctrl Pts',(4.33751850813411,-0.838934305304773,1.47123574348269));
#2883=CARTESIAN_POINT('Ctrl Pts',(4.35753150701566,-0.968942427590416,1.55783485181872));
#2884=CARTESIAN_POINT('Ctrl Pts',(4.38593431856577,-1.08329969013812,1.65889840455004));
#2885=CARTESIAN_POINT('Ctrl Pts',(4.42253041925455,-1.17986133907987,1.7705808110776));
#2886=CARTESIAN_POINT('Ctrl Pts',(4.46652811763041,-1.25775101142701,1.88886223437527));
#2887=CARTESIAN_POINT('Ctrl Pts',(4.51680651693604,-1.31733828479929,2.01029733728786));
#2888=CARTESIAN_POINT('Ctrl Pts',(4.58079051483707,-1.36643099386063,2.15136169784302));
#2889=CARTESIAN_POINT('Ctrl Pts',(4.63625021098313,-1.38767203080795,2.26234709633566));
#2890=CARTESIAN_POINT('Ctrl Pts',(4.67454904185478,-1.39438183388864,2.33470371381876));
#2891=CARTESIAN_POINT('Ctrl Pts',(4.68155067502923,-1.39535405437736,2.34779666983188));
#2892=CARTESIAN_POINT('Ctrl Pts',(4.68338817320129,-1.3955917331613,2.35122342878558));
#2893=CARTESIAN_POINT('Ctrl Pts',(4.34022888759188,-0.266445920278783,1.34222232006715));
#2894=CARTESIAN_POINT('Ctrl Pts',(4.33793697867756,-0.306305973266593,1.34251211702264));
#2895=CARTESIAN_POINT('Ctrl Pts',(4.33392759961629,-0.397921188474386,1.34790443045617));
#2896=CARTESIAN_POINT('Ctrl Pts',(4.33240407290727,-0.539613917677881,1.37336028977049));
#2897=CARTESIAN_POINT('Ctrl Pts',(4.33716902828974,-0.687681002303102,1.42125336354095));
#2898=CARTESIAN_POINT('Ctrl Pts',(4.3491196909458,-0.826979273552018,1.4883792432826));
#2899=CARTESIAN_POINT('Ctrl Pts',(4.3689374908998,-0.954097967370384,1.57269923031056));
#2900=CARTESIAN_POINT('Ctrl Pts',(4.39692971596688,-1.06596177681255,1.67113435882382));
#2901=CARTESIAN_POINT('Ctrl Pts',(4.43288993819059,-1.16049969087973,1.77999680683405));
#2902=CARTESIAN_POINT('Ctrl Pts',(4.47605020956847,-1.23685661311219,1.89542893760305));
#2903=CARTESIAN_POINT('Ctrl Pts',(4.52533436053771,-1.29537008227791,2.01411284075567));
#2904=CARTESIAN_POINT('Ctrl Pts',(4.5880417863885,-1.34367977231966,2.15219531673175));
#2905=CARTESIAN_POINT('Ctrl Pts',(4.6424079792341,-1.36466975812531,2.26104203130502));
#2906=CARTESIAN_POINT('Ctrl Pts',(4.67996080330173,-1.37134294404298,2.33208136297946));
#2907=CARTESIAN_POINT('Ctrl Pts',(4.68682723205391,-1.37231291441829,2.34493982889439));
#2908=CARTESIAN_POINT('Ctrl Pts',(4.6886289523478,-1.37255025241266,2.3483048978394));
#2909=CARTESIAN_POINT('Ctrl Pts',(4.3587056079395,-0.267580203028439,1.39002891638353));
#2910=CARTESIAN_POINT('Ctrl Pts',(4.35653106221471,-0.305500151759359,1.39032681098834));
#2911=CARTESIAN_POINT('Ctrl Pts',(4.35278165687906,-0.392633580723343,1.39546765487145));
#2912=CARTESIAN_POINT('Ctrl Pts',(4.35160885490451,-0.527336886841113,1.41954575666049));
#2913=CARTESIAN_POINT('Ctrl Pts',(4.35661188167831,-0.668026926973757,1.46473735973776));
#2914=CARTESIAN_POINT('Ctrl Pts',(4.3685491257206,-0.800352236067788,1.52799740360433));
#2915=CARTESIAN_POINT('Ctrl Pts',(4.38798364972667,-0.921147537768016,1.60742632809288));
#2916=CARTESIAN_POINT('Ctrl Pts',(4.41513632052496,-1.02758286396435,1.70020462507187));
#2917=CARTESIAN_POINT('Ctrl Pts',(4.44978012364884,-1.11775662608612,1.80298864035993));
#2918=CARTESIAN_POINT('Ctrl Pts',(4.49120045746476,-1.19086073851452,1.91227706187014));
#2919=CARTESIAN_POINT('Ctrl Pts',(4.53841929635286,-1.2471596263443,2.02503258474253));
#2920=CARTESIAN_POINT('Ctrl Pts',(4.59848499593583,-1.29394335837852,2.15670518396356));
#2921=CARTESIAN_POINT('Ctrl Pts',(4.65059791745101,-1.31455265582917,2.26096241203683));
#2922=CARTESIAN_POINT('Ctrl Pts',(4.68662903168875,-1.32126291444337,2.32919740218612));
#2923=CARTESIAN_POINT('Ctrl Pts',(4.69321771700849,-1.32224879945695,2.3415520821821));
#2924=CARTESIAN_POINT('Ctrl Pts',(4.69494683509409,-1.32249103805064,2.34478654001629));
#2925=CARTESIAN_POINT('Ctrl Pts',(4.37107738470899,-0.268339704320238,1.50501102065866));
#2926=CARTESIAN_POINT('Ctrl Pts',(4.36914364819095,-0.301912383966512,1.50536045404889));
#2927=CARTESIAN_POINT('Ctrl Pts',(4.36593554538338,-0.379023871338995,1.51005441935603));
#2928=CARTESIAN_POINT('Ctrl Pts',(4.36552868331568,-0.498067830407228,1.53134016847865));
#2929=CARTESIAN_POINT('Ctrl Pts',(4.37111105724451,-0.622247521182435,1.57091924221856));
#2930=CARTESIAN_POINT('Ctrl Pts',(4.38315328242355,-0.738999219683689,1.62603891244803));
#2931=CARTESIAN_POINT('Ctrl Pts',(4.40197528420085,-0.845747616420999,1.69507115495926));
#2932=CARTESIAN_POINT('Ctrl Pts',(4.42762243655084,-0.940245492637998,1.7757409864312));
#2933=CARTESIAN_POINT('Ctrl Pts',(4.45983243667922,-1.02098728878189,1.86545122500766));
#2934=CARTESIAN_POINT('Ctrl Pts',(4.49801029190739,-1.08726616292018,1.96148763201408));
#2935=CARTESIAN_POINT('Ctrl Pts',(4.54139053085288,-1.13915566516094,2.06144054744287));
#2936=CARTESIAN_POINT('Ctrl Pts',(4.59658298782843,-1.18322182761804,2.17926095943918));
#2937=CARTESIAN_POINT('Ctrl Pts',(4.64459855469698,-1.20356064331036,2.27361581655811));
#2938=CARTESIAN_POINT('Ctrl Pts',(4.67788627165543,-1.21072658078176,2.33578224195865));
#2939=CARTESIAN_POINT('Ctrl Pts',(4.68397754049808,-1.21181598809386,2.34705425286125));
#2940=CARTESIAN_POINT('Ctrl Pts',(4.68557579923089,-1.21208671440681,2.35000516446122));
#2941=CARTESIAN_POINT('Ctrl Pts',(4.31642735593906,-0.264984748260088,1.64617123769876));
#2942=CARTESIAN_POINT('Ctrl Pts',(4.31460767416188,-0.293928486637052,1.64658582338324));
#2943=CARTESIAN_POINT('Ctrl Pts',(4.31167582861266,-0.360368811187318,1.65090519449076));
#2944=CARTESIAN_POINT('Ctrl Pts',(4.31173415867004,-0.462817019291293,1.66968522923837));
#2945=CARTESIAN_POINT('Ctrl Pts',(4.31779653043176,-0.569583354038499,1.70417153830999));
#2946=CARTESIAN_POINT('Ctrl Pts',(4.33019847012949,-0.669988989187057,1.75185681400937));
#2947=CARTESIAN_POINT('Ctrl Pts',(4.34915184134462,-0.762028840759471,1.81131001067025));
#2948=CARTESIAN_POINT('Ctrl Pts',(4.37461474358931,-0.843999350848297,1.880673487875));
#2949=CARTESIAN_POINT('Ctrl Pts',(4.4062871439696,-0.914751513068004,1.95794161923076));
#2950=CARTESIAN_POINT('Ctrl Pts',(4.44359327510513,-0.973660254842772,2.04105292578558));
#2951=CARTESIAN_POINT('Ctrl Pts',(4.48582163906179,-1.02061601749448,2.12814831591222));
#2952=CARTESIAN_POINT('Ctrl Pts',(4.53942873219193,-1.06141125879932,2.23160805585861));
#2953=CARTESIAN_POINT('Ctrl Pts',(4.58598483551028,-1.08111514352447,2.31524363005179));
#2954=CARTESIAN_POINT('Ctrl Pts',(4.61823046415416,-1.08855491048573,2.37067006966692));
#2955=CARTESIAN_POINT('Ctrl Pts',(4.62412919902686,-1.08971445102638,2.38072750748308));
#2956=CARTESIAN_POINT('Ctrl Pts',(4.62567710699918,-1.09000587741662,2.3833620722848));
#2957=CARTESIAN_POINT('Ctrl Pts',(4.18724199998491,-0.257054081019899,1.73689306533512));
#2958=CARTESIAN_POINT('Ctrl Pts',(4.18530618491516,-0.283972769509555,1.73714605028381));
#2959=CARTESIAN_POINT('Ctrl Pts',(4.18215121919065,-0.345820109459679,1.74099839110562));
#2960=CARTESIAN_POINT('Ctrl Pts',(4.18204049575832,-0.441383831362375,1.75876398598969));
#2961=CARTESIAN_POINT('Ctrl Pts',(4.18823112799482,-0.541194478309463,1.79195261786517));
#2962=CARTESIAN_POINT('Ctrl Pts',(4.20120999100329,-0.635151149501923,1.83828621958227));
#2963=CARTESIAN_POINT('Ctrl Pts',(4.22132784016391,-0.721131925436593,1.89639187598474));
#2964=CARTESIAN_POINT('Ctrl Pts',(4.24861205707837,-0.797245254184274,1.96431179628161));
#2965=CARTESIAN_POINT('Ctrl Pts',(4.2827051292174,-0.862182910208684,2.03978589970413));
#2966=CARTESIAN_POINT('Ctrl Pts',(4.32284456315891,-0.915291097563979,2.12045165100369));
#2967=CARTESIAN_POINT('Ctrl Pts',(4.3680675087882,-0.956567709551159,2.20422410639683));
#2968=CARTESIAN_POINT('Ctrl Pts',(4.425051942341,-0.991142995027491,2.30272239885802));
#2969=CARTESIAN_POINT('Ctrl Pts',(4.47400022063401,-1.00646059664679,2.38133884558665));
#2970=CARTESIAN_POINT('Ctrl Pts',(4.50760992869251,-1.0113682140091,2.43298658772212));
#2971=CARTESIAN_POINT('Ctrl Pts',(4.51374788109751,-1.01208392965288,2.44234768282644));
#2972=CARTESIAN_POINT('Ctrl Pts',(4.51535819888907,-1.01225912626741,2.44479743108681));
#2973=CARTESIAN_POINT('Ctrl Pts',(4.10798283423907,-0.252188374186314,1.75));
#2974=CARTESIAN_POINT('Ctrl Pts',(4.10598084026449,-0.27943336655868,1.75008045898207));
#2975=CARTESIAN_POINT('Ctrl Pts',(4.10270050450033,-0.342082263879571,1.75367751889045));
#2976=CARTESIAN_POINT('Ctrl Pts',(4.10250330932086,-0.43910069102794,1.77162123948703));
#2977=CARTESIAN_POINT('Ctrl Pts',(4.10878668564007,-0.540637434053649,1.8058407029182));
#2978=CARTESIAN_POINT('Ctrl Pts',(4.12212339959133,-0.636270936154674,1.85415705978061));
#2979=CARTESIAN_POINT('Ctrl Pts',(4.14294368013192,-0.723553690002642,1.91519017831492));
#2980=CARTESIAN_POINT('Ctrl Pts',(4.17131448293923,-0.800223315414865,1.98677487898434));
#2981=CARTESIAN_POINT('Ctrl Pts',(4.20684531729269,-0.864686430296617,2.06625185064468));
#2982=CARTESIAN_POINT('Ctrl Pts',(4.24866677110101,-0.916199442168909,2.15077570802362));
#2983=CARTESIAN_POINT('Ctrl Pts',(4.29567149025136,-0.954874376156468,2.23783610910629));
#2984=CARTESIAN_POINT('Ctrl Pts',(4.3546739727239,-0.985562159121053,2.33916511085525));
#2985=CARTESIAN_POINT('Ctrl Pts',(4.40506390047786,-0.997237375423457,2.41891466313306));
#2986=CARTESIAN_POINT('Ctrl Pts',(4.43950160635515,-0.999677468690887,2.47078758646593));
#2987=CARTESIAN_POINT('Ctrl Pts',(4.44578545758072,-0.999942243092391,2.48016885699298));
#2988=CARTESIAN_POINT('Ctrl Pts',(4.4474336809336,-1.,2.48262383096274));
#2989=CARTESIAN_POINT('Ctrl Pts',(4.07233565731716,-0.25,1.75));
#2990=CARTESIAN_POINT('Ctrl Pts',(4.07031133072289,-0.277609151180753,1.75));
#2991=CARTESIAN_POINT('Ctrl Pts',(4.06699146006941,-0.341119090177526,1.7535035322109));
#2992=CARTESIAN_POINT('Ctrl Pts',(4.06677964003246,-0.439567839736785,1.77166154815045));
#2993=CARTESIAN_POINT('Ctrl Pts',(4.07312384663385,-0.542693570873579,1.80661240888154));
#2994=CARTESIAN_POINT('Ctrl Pts',(4.08662668421914,-0.639845793411133,1.85620757993113));
#2995=CARTESIAN_POINT('Ctrl Pts',(4.10774668578856,-0.728409486077457,1.91905578651923));
#2996=CARTESIAN_POINT('Ctrl Pts',(4.13656308321185,-0.805934971828085,1.99288538052459));
#2997=CARTESIAN_POINT('Ctrl Pts',(4.17266916333443,-0.870683348779912,2.07484044870369));
#2998=CARTESIAN_POINT('Ctrl Pts',(4.2151504947926,-0.921857282625307,2.16183647457825));
#2999=CARTESIAN_POINT('Ctrl Pts',(4.26284065534526,-0.959613787602698,2.25114887556374));
#3000=CARTESIAN_POINT('Ctrl Pts',(4.32260178973496,-0.988693917840681,2.35465706557171));
#3001=CARTESIAN_POINT('Ctrl Pts',(4.37351255796934,-0.998706272631786,2.43562820065723));
#3002=CARTESIAN_POINT('Ctrl Pts',(4.40823662786651,-0.999952710675575,2.48804956796909));
#3003=CARTESIAN_POINT('Ctrl Pts',(4.41457027022561,-1.,2.49752182647058));
#3004=CARTESIAN_POINT('Ctrl Pts',(4.41623145419142,-1.,2.5));
#3005=CARTESIAN_POINT('',(4.68338817320129,-1.3955917331613,2.35122342878558));
#3006=CARTESIAN_POINT('Ctrl Pts',(4.41623145419142,-1.,2.5));
#3007=CARTESIAN_POINT('Ctrl Pts',(4.4474336809336,-1.,2.48262383096274));
#3008=CARTESIAN_POINT('Ctrl Pts',(4.51535819888907,-1.01225912626741,2.44479743108681));
#3009=CARTESIAN_POINT('Ctrl Pts',(4.62567710699918,-1.09000587741662,2.3833620722848));
#3010=CARTESIAN_POINT('Ctrl Pts',(4.68557579923089,-1.21208671440681,2.35000516446122));
#3011=CARTESIAN_POINT('Ctrl Pts',(4.69494683509409,-1.32249103805064,2.34478654001629));
#3012=CARTESIAN_POINT('Ctrl Pts',(4.6886289523478,-1.37255025241266,2.3483048978394));
#3013=CARTESIAN_POINT('Ctrl Pts',(4.68338817320129,-1.3955917331613,2.35122342878558));
#3014=CARTESIAN_POINT('Ctrl Pts',(4.68338817320129,-1.3955917331613,2.35122342878558));
#3015=CARTESIAN_POINT('Ctrl Pts',(4.68155067502923,-1.39535405437736,2.34779666983188));
#3016=CARTESIAN_POINT('Ctrl Pts',(4.67454904185478,-1.39438183388864,2.33470371381876));
#3017=CARTESIAN_POINT('Ctrl Pts',(4.63625021098313,-1.38767203080795,2.26234709633566));
#3018=CARTESIAN_POINT('Ctrl Pts',(4.58079051483707,-1.36643099386063,2.15136169784302));
#3019=CARTESIAN_POINT('Ctrl Pts',(4.51680651693604,-1.31733828479929,2.01029733728786));
#3020=CARTESIAN_POINT('Ctrl Pts',(4.46652811763041,-1.25775101142701,1.88886223437527));
#3021=CARTESIAN_POINT('Ctrl Pts',(4.42253041925455,-1.17986133907987,1.7705808110776));
#3022=CARTESIAN_POINT('Ctrl Pts',(4.38593431856577,-1.08329969013812,1.65889840455004));
#3023=CARTESIAN_POINT('Ctrl Pts',(4.35753150701566,-0.968942427590416,1.55783485181872));
#3024=CARTESIAN_POINT('Ctrl Pts',(4.33751850813411,-0.838934305304773,1.47123574348269));
#3025=CARTESIAN_POINT('Ctrl Pts',(4.32554798242485,-0.696458156099891,1.40230100419061));
#3026=CARTESIAN_POINT('Ctrl Pts',(4.32088370031295,-0.545033792593434,1.35313672300898));
#3027=CARTESIAN_POINT('Ctrl Pts',(4.32256472023416,-0.400157776752431,1.32702452968209));
#3028=CARTESIAN_POINT('Ctrl Pts',(4.3266932450517,-0.306504672421414,1.32150715448757));
#3029=CARTESIAN_POINT('Ctrl Pts',(4.32903951791426,-0.265759006759172,1.32121709262086));
#3030=CARTESIAN_POINT('Ctrl Pts',(4.69009892010235,-1.39553800544078,2.36324584730955));
#3031=CARTESIAN_POINT('Ctrl Pts',(4.6913625322823,-1.39553878353818,2.36551559160117));
#3032=CARTESIAN_POINT('Ctrl Pts',(4.69564430314762,-1.39554141825605,2.37322079819895));
#3033=CARTESIAN_POINT('Ctrl Pts',(4.70272746765593,-1.39554576626603,2.38604710532447));
#3034=CARTESIAN_POINT('Ctrl Pts',(4.71125826937754,-1.39555098585482,2.40162788809981));
#3035=CARTESIAN_POINT('Ctrl Pts',(4.71947382258536,-1.39555599699609,2.41675723304485));
#3036=CARTESIAN_POINT('Ctrl Pts',(4.72739507170123,-1.39556081398898,2.43146429643939));
#3037=CARTESIAN_POINT('Ctrl Pts',(4.73508414490172,-1.39556547621591,2.44585394878393));
#3038=CARTESIAN_POINT('Ctrl Pts',(4.74249998092277,-1.39556996021351,2.45983967981309));
#3039=CARTESIAN_POINT('Ctrl Pts',(4.74969845172565,-1.39557430087407,2.47351964386148));
#3040=CARTESIAN_POINT('Ctrl Pts',(4.75668365346526,-1.39557850189327,2.48689301523793));
#3041=CARTESIAN_POINT('Ctrl Pts',(4.76351846261202,-1.3955826020099,2.50007387488615));
#3042=CARTESIAN_POINT('Ctrl Pts',(4.77030924184666,-1.39558666543025,2.51326566393229));
#3043=CARTESIAN_POINT('Ctrl Pts',(4.77705500863246,-1.39559069180437,2.52646624982838));
#3044=CARTESIAN_POINT('Ctrl Pts',(4.78483846501062,-1.39559532600102,2.54180969808394));
#3045=CARTESIAN_POINT('Ctrl Pts',(4.793635787217,-1.39560054776931,2.55931133710186));
#3046=CARTESIAN_POINT('Ctrl Pts',(4.80667881832899,-1.3956082615986,2.58554676553951));
#3047=CARTESIAN_POINT('Ctrl Pts',(4.82919250018827,-1.39562150460366,2.6315922479539));
#3048=CARTESIAN_POINT('Ctrl Pts',(4.86047477465431,-1.39563971046867,2.69777174604411));
#3049=CARTESIAN_POINT('Ctrl Pts',(4.89659766198422,-1.39566045256154,2.77780820503551));
#3050=CARTESIAN_POINT('Ctrl Pts',(4.9312928442422,-1.39568012027403,2.85843544194541));
#3051=CARTESIAN_POINT('Ctrl Pts',(4.96455375391947,-1.3956987449298,2.93963446400946));
#3052=CARTESIAN_POINT('Ctrl Pts',(4.99637372517852,-1.39571635557819,3.02138594132147));
#3053=CARTESIAN_POINT('Ctrl Pts',(5.02674618522915,-1.3957329792236,3.10367094633124));
#3054=CARTESIAN_POINT('Ctrl Pts',(5.05566430033745,-1.39574864075369,3.18646950322411));
#3055=CARTESIAN_POINT('Ctrl Pts',(5.08312201952725,-1.39576336357369,3.26976431722999));
#3056=CARTESIAN_POINT('Ctrl Pts',(5.10685290789967,-1.39577596866678,3.34625235006123));
#3057=CARTESIAN_POINT('Ctrl Pts',(5.12117803484064,-1.39578351970366,3.39504976771715));
#3058=CARTESIAN_POINT('Ctrl Pts',(5.12713329649077,-1.39578664925365,3.41583528749992));
#3059=CARTESIAN_POINT('Ctrl Pts',(4.7005666282217,-1.34945083138795,2.35741719646244));
#3060=CARTESIAN_POINT('Ctrl Pts',(4.70183347830282,-1.3494516704431,2.35969227372723));
#3061=CARTESIAN_POINT('Ctrl Pts',(4.70612622144365,-1.34945451158493,2.36741558729204));
#3062=CARTESIAN_POINT('Ctrl Pts',(4.71322753760348,-1.34945920028342,2.38027204754846));
#3063=CARTESIAN_POINT('Ctrl Pts',(4.72178020266783,-1.34946482892143,2.39588947959348));
#3064=CARTESIAN_POINT('Ctrl Pts',(4.73001681273414,-1.34947023283305,2.41105443045975));
#3065=CARTESIAN_POINT('Ctrl Pts',(4.73795836587604,-1.34947542743449,2.42579612368734));
#3066=CARTESIAN_POINT('Ctrl Pts',(4.74566714932071,-1.34948045518843,2.44021967496437));
#3067=CARTESIAN_POINT('Ctrl Pts',(4.75310199640373,-1.34948529078633,2.45423836870485));
#3068=CARTESIAN_POINT('Ctrl Pts',(4.76031892222049,-1.34948997185237,2.46795058945762));
#3069=CARTESIAN_POINT('Ctrl Pts',(4.76732203329021,-1.34949450236703,2.48135550824671));
#3070=CARTESIAN_POINT('Ctrl Pts',(4.77417436721223,-1.34949892410406,2.49456747418304));
#3071=CARTESIAN_POINT('Ctrl Pts',(4.78098255933661,-1.34950330630448,2.5077904081619));
#3072=CARTESIAN_POINT('Ctrl Pts',(4.78774562458884,-1.34950764858981,2.52102217247908));
#3073=CARTESIAN_POINT('Ctrl Pts',(4.79554904155948,-1.34951264643063,2.53640187497855));
#3074=CARTESIAN_POINT('Ctrl Pts',(4.80436892598841,-1.34951827800886,2.55394488817166));
#3075=CARTESIAN_POINT('Ctrl Pts',(4.81744541090346,-1.34952659733169,2.58024237364813));
#3076=CARTESIAN_POINT('Ctrl Pts',(4.8400168447044,-1.34954088010443,2.62639686490337));
#3077=CARTESIAN_POINT('Ctrl Pts',(4.87137938324031,-1.34956051610759,2.69273329641101));
#3078=CARTESIAN_POINT('Ctrl Pts',(4.90759498200072,-1.34958288858646,2.7729599402992));
#3079=CARTESIAN_POINT('Ctrl Pts',(4.94237923593595,-1.34960410315057,2.85377913525859));
#3080=CARTESIAN_POINT('Ctrl Pts',(4.97572555728154,-1.34962419344486,2.93517182478983));
#3081=CARTESIAN_POINT('Ctrl Pts',(5.0076272597319,-1.34964319067062,3.01711861443288));
#3082=CARTESIAN_POINT('Ctrl Pts',(5.03807775067837,-1.34966112383791,3.09960051409637));
#3083=CARTESIAN_POINT('Ctrl Pts',(5.06707017609867,-1.34967801968387,3.1825974833199));
#3084=CARTESIAN_POINT('Ctrl Pts',(5.0945984664646,-1.34969390334872,3.26609216818714));
#3085=CARTESIAN_POINT('Ctrl Pts',(5.11839035938928,-1.34970750273798,3.34276397161868));
#3086=CARTESIAN_POINT('Ctrl Pts',(5.13275231591401,-1.34971564958616,3.39167874538936));
#3087=CARTESIAN_POINT('Ctrl Pts',(5.13872289017442,-1.34971902611884,3.41251427664436));
#3088=CARTESIAN_POINT('Ctrl Pts',(4.70547205132839,-1.23949901057255,2.35468574864022));
#3089=CARTESIAN_POINT('Ctrl Pts',(4.70674079342909,-1.23949979142278,2.35696311620854));
#3090=CARTESIAN_POINT('Ctrl Pts',(4.71103994875318,-1.23950243549749,2.36469421095994));
#3091=CARTESIAN_POINT('Ctrl Pts',(4.71815187328646,-1.23950679903355,2.37756364971985));
#3092=CARTESIAN_POINT('Ctrl Pts',(4.72671731794147,-1.23951203743413,2.39319689251068));
#3093=CARTESIAN_POINT('Ctrl Pts',(4.73496623765732,-1.23951706678201,2.40837723644713));
#3094=CARTESIAN_POINT('Ctrl Pts',(4.74291966186987,-1.23952190141812,2.42313393174958));
#3095=CARTESIAN_POINT('Ctrl Pts',(4.75063997058732,-1.23952658085148,2.43757219728406));
#3096=CARTESIAN_POINT('Ctrl Pts',(4.75808593536797,-1.23953108151779,2.45160522568639));
#3097=CARTESIAN_POINT('Ctrl Pts',(4.76531365491565,-1.23953543842844,2.46533149965506));
#3098=CARTESIAN_POINT('Ctrl Pts',(4.77232724166844,-1.23953965528017,2.47875018645193));
#3099=CARTESIAN_POINT('Ctrl Pts',(4.77918982739614,-1.23954377094896,2.49197575056828));
#3100=CARTESIAN_POINT('Ctrl Pts',(4.78600820690527,-1.23954784988022,2.50521232203539));
#3101=CARTESIAN_POINT('Ctrl Pts',(4.79278139361918,-1.23955189171993,2.51845776067759));
#3102=CARTESIAN_POINT('Ctrl Pts',(4.80059649083995,-1.23955654382693,2.5338533891219));
#3103=CARTESIAN_POINT('Ctrl Pts',(4.80942957952122,-1.23956178592827,2.55141461299508));
#3104=CARTESIAN_POINT('Ctrl Pts',(4.82252564565191,-1.23956953006111,2.57773947538476));
#3105=CARTESIAN_POINT('Ctrl Pts',(4.84513089011185,-1.23958282576822,2.62394221900281));
#3106=CARTESIAN_POINT('Ctrl Pts',(4.87654043840629,-1.23960110591738,2.69034856685253));
#3107=CARTESIAN_POINT('Ctrl Pts',(4.91281036524811,-1.23962193525365,2.77066062181532));
#3108=CARTESIAN_POINT('Ctrl Pts',(4.94764683960892,-1.23964168803817,2.85156666417571));
#3109=CARTESIAN_POINT('Ctrl Pts',(4.98104325841925,-1.23966039536459,2.93304757659172));
#3110=CARTESIAN_POINT('Ctrl Pts',(5.01299291993055,-1.23967808606799,3.01508390345616));
#3111=CARTESIAN_POINT('Ctrl Pts',(5.04348921692257,-1.23969478696595,3.09765659616101));
#3112=CARTESIAN_POINT('Ctrl Pts',(5.07252528068066,-1.23971052277662,3.18074555545453));
#3113=CARTESIAN_POINT('Ctrl Pts',(5.10009502761422,-1.23972531673719,3.26433336983319));
#3114=CARTESIAN_POINT('Ctrl Pts',(5.12392276982547,-1.23973798382991,3.34109120055034));
#3115=CARTESIAN_POINT('Ctrl Pts',(5.13830637339816,-1.23974557247993,3.39006110959842));
#3116=CARTESIAN_POINT('Ctrl Pts',(5.1442859498397,-1.2397487177347,3.41092017576017));
#3117=CARTESIAN_POINT('Ctrl Pts',(4.62571518915553,-1.07590046603938,2.39909612930486));
#3118=CARTESIAN_POINT('Ctrl Pts',(4.62696113301847,-1.07590070602301,2.40133181953894));
#3119=CARTESIAN_POINT('Ctrl Pts',(4.63118303555895,-1.07590151862181,2.40892143198533));
#3120=CARTESIAN_POINT('Ctrl Pts',(4.63816716184371,-1.07590285968,2.421555367369));
#3121=CARTESIAN_POINT('Ctrl Pts',(4.6465786855491,-1.07590446960118,2.43690255094848));
#3122=CARTESIAN_POINT('Ctrl Pts',(4.6546793691318,-1.07590601527815,2.45180514167968));
#3123=CARTESIAN_POINT('Ctrl Pts',(4.66248986438842,-1.0759075011119,2.46629185291808));
#3124=CARTESIAN_POINT('Ctrl Pts',(4.67007143065834,-1.07590893924685,2.48046597682527));
#3125=CARTESIAN_POINT('Ctrl Pts',(4.67738358071611,-1.07591032244099,2.49424229261436));
#3126=CARTESIAN_POINT('Ctrl Pts',(4.68448140531483,-1.07591166145379,2.50771748023389));
#3127=CARTESIAN_POINT('Ctrl Pts',(4.69136894324244,-1.07591295742212,2.52089072087543));
#3128=CARTESIAN_POINT('Ctrl Pts',(4.6981081918438,-1.07591422229328,2.53387438433715));
#3129=CARTESIAN_POINT('Ctrl Pts',(4.70480402665441,-1.07591547587356,2.5468688667114));
#3130=CARTESIAN_POINT('Ctrl Pts',(4.71145547887823,-1.07591671805431,2.55987206682943));
#3131=CARTESIAN_POINT('Ctrl Pts',(4.71913011303998,-1.07591814778797,2.57498614775346));
#3132=CARTESIAN_POINT('Ctrl Pts',(4.72780443878756,-1.07591975884516,2.5922262412807));
#3133=CARTESIAN_POINT('Ctrl Pts',(4.74066511509193,-1.07592213885012,2.61806975466348));
#3134=CARTESIAN_POINT('Ctrl Pts',(4.76286403663198,-1.07592622502095,2.66342777648978));
#3135=CARTESIAN_POINT('Ctrl Pts',(4.79370896856827,-1.07593184305344,2.72862028101428));
#3136=CARTESIAN_POINT('Ctrl Pts',(4.82932685410443,-1.07593824451677,2.80746470257943));
#3137=CARTESIAN_POINT('Ctrl Pts',(4.86353700761026,-1.07594431511795,2.88689262719616));
#3138=CARTESIAN_POINT('Ctrl Pts',(4.8963329518829,-1.07595006441013,2.96688526779117));
#3139=CARTESIAN_POINT('Ctrl Pts',(4.92770811235121,-1.07595550126102,3.04742350606857));
#3140=CARTESIAN_POINT('Ctrl Pts',(4.9576560066985,-1.07596063391012,3.1284886235668));
#3141=CARTESIAN_POINT('Ctrl Pts',(4.98616989535725,-1.07596546995235,3.21006087084967));
#3142=CARTESIAN_POINT('Ctrl Pts',(5.01324380951663,-1.07597001654858,3.29212313834671));
#3143=CARTESIAN_POINT('Ctrl Pts',(5.03664299524297,-1.07597390946173,3.36748030491089));
#3144=CARTESIAN_POINT('Ctrl Pts',(5.05076789071379,-1.07597624169325,3.41555674002368));
#3145=CARTESIAN_POINT('Ctrl Pts',(5.05663991447801,-1.07597720829077,3.43603524388316));
#3146=CARTESIAN_POINT('Ctrl Pts',(4.50930117409482,-1.00757024564222,2.46391802152448));
#3147=CARTESIAN_POINT('Ctrl Pts',(4.51051329174804,-1.00757025473525,2.46609318528009));
#3148=CARTESIAN_POINT('Ctrl Pts',(4.51462057194059,-1.00757028551243,2.47347732187417));
#3149=CARTESIAN_POINT('Ctrl Pts',(4.52141507877232,-1.00757033631216,2.48576920351618));
#3150=CARTESIAN_POINT('Ctrl Pts',(4.52959822063838,-1.00757039728377,2.50070085291339));
#3151=CARTESIAN_POINT('Ctrl Pts',(4.53747895483963,-1.00757045581871,2.51519992830796));
#3152=CARTESIAN_POINT('Ctrl Pts',(4.54507737293804,-1.00757051208074,2.5292943667932));
#3153=CARTESIAN_POINT('Ctrl Pts',(4.55245307174374,-1.00757056653147,2.54308466540558));
#3154=CARTESIAN_POINT('Ctrl Pts',(4.55956666409251,-1.00757061889727,2.55648791262675));
#3155=CARTESIAN_POINT('Ctrl Pts',(4.5664717452814,-1.00757066958559,2.56959817139632));
#3156=CARTESIAN_POINT('Ctrl Pts',(4.57317224503399,-1.00757071864033,2.58241464646518));
#3157=CARTESIAN_POINT('Ctrl Pts',(4.57972847750997,-1.00757076651381,2.59504666531204));
#3158=CARTESIAN_POINT('Ctrl Pts',(4.58624247037645,-1.00757081395598,2.60768919693919));
#3159=CARTESIAN_POINT('Ctrl Pts',(4.59271328125379,-1.0075708609629,2.62034019720155));
#3160=CARTESIAN_POINT('Ctrl Pts',(4.60017948093325,-1.00757091506253,2.63504488882313));
#3161=CARTESIAN_POINT('Ctrl Pts',(4.60861821420939,-1.00757097601751,2.65181798566673));
#3162=CARTESIAN_POINT('Ctrl Pts',(4.6211295848295,-1.00757106605421,2.67696141760526));
#3163=CARTESIAN_POINT('Ctrl Pts',(4.64272553353672,-1.0075712206096,2.72109062920244));
#3164=CARTESIAN_POINT('Ctrl Pts',(4.67273255755795,-1.00757143303103,2.78451671585548));
#3165=CARTESIAN_POINT('Ctrl Pts',(4.70738274830369,-1.00757167496758,2.8612244140697));
#3166=CARTESIAN_POINT('Ctrl Pts',(4.74066333769949,-1.00757190430479,2.93849942416733));
#3167=CARTESIAN_POINT('Ctrl Pts',(4.7725680410008,-1.00757212141632,3.0163234867866));
#3168=CARTESIAN_POINT('Ctrl Pts',(4.8030904779081,-1.00757232665342,3.09467802086854));
#3169=CARTESIAN_POINT('Ctrl Pts',(4.83222435640618,-1.00757252033802,3.17354483285991));
#3170=CARTESIAN_POINT('Ctrl Pts',(4.85996313320121,-1.00757270276695,3.25290472585259));
#3171=CARTESIAN_POINT('Ctrl Pts',(4.88630101470341,-1.00757287423123,3.33274107336882));
#3172=CARTESIAN_POINT('Ctrl Pts',(4.90906401529374,-1.00757302098159,3.40605395296613));
#3173=CARTESIAN_POINT('Ctrl Pts',(4.92280485510107,-1.00757310890671,3.45282605675905));
#3174=CARTESIAN_POINT('Ctrl Pts',(4.92851721285747,-1.00757314532311,3.47274894537602));
#3175=CARTESIAN_POINT('Ctrl Pts',(4.44367598705663,-1.,2.50045957366375));
#3176=CARTESIAN_POINT('Ctrl Pts',(4.44486907522808,-1.,2.5026005951059));
#3177=CARTESIAN_POINT('Ctrl Pts',(4.44891187379643,-1.,2.50986882720721));
#3178=CARTESIAN_POINT('Ctrl Pts',(4.45559970798559,-1.,2.52196776422898));
#3179=CARTESIAN_POINT('Ctrl Pts',(4.46365437170602,-1.,2.53666502496177));
#3180=CARTESIAN_POINT('Ctrl Pts',(4.4714113714791,-1.,2.5509364940816));
#3181=CARTESIAN_POINT('Ctrl Pts',(4.47889048399017,-1.,2.56480967107999));
#3182=CARTESIAN_POINT('Ctrl Pts',(4.48615037066745,-1.,2.57838347593572));
#3183=CARTESIAN_POINT('Ctrl Pts',(4.49315226317627,-1.,2.59157629938263));
#3184=CARTESIAN_POINT('Ctrl Pts',(4.49994891555514,-1.,2.60448072812748));
#3185=CARTESIAN_POINT('Ctrl Pts',(4.50654419612152,-1.,2.61709597990871));
#3186=CARTESIAN_POINT('Ctrl Pts',(4.51299747217131,-1.,2.62952966615352));
#3187=CARTESIAN_POINT('Ctrl Pts',(4.51940916926505,-1.,2.64197369481031));
#3188=CARTESIAN_POINT('Ctrl Pts',(4.52577835989579,-1.,2.65442605389635));
#3189=CARTESIAN_POINT('Ctrl Pts',(4.5331273043619,-1.,2.66889985203768));
#3190=CARTESIAN_POINT('Ctrl Pts',(4.54143350484472,-1.,2.68540956881424));
#3191=CARTESIAN_POINT('Ctrl Pts',(4.55374837349744,-1.,2.71015817035729));
#3192=CARTESIAN_POINT('Ctrl Pts',(4.57500512064599,-1.,2.75359437710669));
#3193=CARTESIAN_POINT('Ctrl Pts',(4.60454078290083,-1.,2.81602431384099));
#3194=CARTESIAN_POINT('Ctrl Pts',(4.63864660421156,-1.,2.89152710360412));
#3195=CARTESIAN_POINT('Ctrl Pts',(4.67140427717431,-1.,2.96758814106779));
#3196=CARTESIAN_POINT('Ctrl Pts',(4.70280762514102,-1.,3.04418946179555));
#3197=CARTESIAN_POINT('Ctrl Pts',(4.732850376443,-1.,3.12131278362263));
#3198=CARTESIAN_POINT('Ctrl Pts',(4.76152634593716,-1.,3.19894020638371));
#3199=CARTESIAN_POINT('Ctrl Pts',(4.78882910055273,-1.,3.27705284207381));
#3200=CARTESIAN_POINT('Ctrl Pts',(4.81475294391582,-1.,3.35563433044744));
#3201=CARTESIAN_POINT('Ctrl Pts',(4.83715807655528,-1.,3.42779479378475));
#3202=CARTESIAN_POINT('Ctrl Pts',(4.85068287443683,-1.,3.47383162495365));
#3203=CARTESIAN_POINT('Ctrl Pts',(4.85630541791962,-1.,3.49344131487868));
#3204=CARTESIAN_POINT('Ctrl Pts',(4.42287391294379,-1.,2.51204262752015));
#3205=CARTESIAN_POINT('Ctrl Pts',(4.42406097368042,-1.,2.51417282425534));
#3206=CARTESIAN_POINT('Ctrl Pts',(4.42808334727926,-1.,2.5214043075919));
#3207=CARTESIAN_POINT('Ctrl Pts',(4.43473739314877,-1.,2.53344207133995));
#3208=CARTESIAN_POINT('Ctrl Pts',(4.44275136123727,-1.,2.54806501845642));
#3209=CARTESIAN_POINT('Ctrl Pts',(4.45046916818016,-1.,2.56226432508304));
#3210=CARTESIAN_POINT('Ctrl Pts',(4.45791049063937,-1.,2.57606735142672));
#3211=CARTESIAN_POINT('Ctrl Pts',(4.46513369384651,-1.,2.58957251758606));
#3212=CARTESIAN_POINT('Ctrl Pts',(4.47210020547939,-1.,2.60269862713955));
#3213=CARTESIAN_POINT('Ctrl Pts',(4.47886251307658,-1.,2.61553779868279));
#3214=CARTESIAN_POINT('Ctrl Pts',(4.48542446553774,-1.,2.62808925410716));
#3215=CARTESIAN_POINT('Ctrl Pts',(4.49184513021058,-1.,2.64046006070714));
#3216=CARTESIAN_POINT('Ctrl Pts',(4.4982244252097,-1.,2.65284115598016));
#3217=CARTESIAN_POINT('Ctrl Pts',(4.50456142772501,-1.,2.66523053811516));
#3218=CARTESIAN_POINT('Ctrl Pts',(4.51187323173351,-1.,2.67963113437607));
#3219=CARTESIAN_POINT('Ctrl Pts',(4.52013745261507,-1.,2.69605735021456));
#3220=CARTESIAN_POINT('Ctrl Pts',(4.53239007955913,-1.,2.72068077709906));
#3221=CARTESIAN_POINT('Ctrl Pts',(4.55353938515411,-1.,2.76389727955628));
#3222=CARTESIAN_POINT('Ctrl Pts',(4.58292574464559,-1.,2.82601141094795));
#3223=CARTESIAN_POINT('Ctrl Pts',(4.61685913841502,-1.,2.90113222116156));
#3224=CARTESIAN_POINT('Ctrl Pts',(4.64945117942875,-1.,2.9768084133464));
#3225=CARTESIAN_POINT('Ctrl Pts',(4.68069572500244,-1.,3.0530221155001));
#3226=CARTESIAN_POINT('Ctrl Pts',(4.71058653808008,-1.,3.12975514058407));
#3227=CARTESIAN_POINT('Ctrl Pts',(4.7391174671614,-1.,3.20698968054082));
#3228=CARTESIAN_POINT('Ctrl Pts',(4.76628211391353,-1.,3.28470694452925));
#3229=CARTESIAN_POINT('Ctrl Pts',(4.79207481368485,-1.,3.36289065937176));
#3230=CARTESIAN_POINT('Ctrl Pts',(4.8143665926159,-1.,3.43468582115607));
#3231=CARTESIAN_POINT('Ctrl Pts',(4.8278229625996,-1.,3.48048959146362));
#3232=CARTESIAN_POINT('Ctrl Pts',(4.8334170568268,-1.,3.50000000000001));
#3233=CARTESIAN_POINT('',(4.69009892010235,-1.39553800544077,2.36324584730955));
#3234=CARTESIAN_POINT('Ctrl Pts',(4.69009892010235,-1.39553800544078,2.36324584730955));
#3235=CARTESIAN_POINT('Ctrl Pts',(4.7005666282217,-1.34945083138795,2.35741719646244));
#3236=CARTESIAN_POINT('Ctrl Pts',(4.70547205132839,-1.23949901057255,2.35468574864022));
#3237=CARTESIAN_POINT('Ctrl Pts',(4.62571518915553,-1.07590046603938,2.39909612930486));
#3238=CARTESIAN_POINT('Ctrl Pts',(4.50930117409482,-1.00757024564222,2.46391802152448));
#3239=CARTESIAN_POINT('Ctrl Pts',(4.44367598705663,-1.,2.50045957366375));
#3240=CARTESIAN_POINT('Ctrl Pts',(4.42287391294379,-1.,2.51204262752015));
#3241=CARTESIAN_POINT('',(5.12713329649077,-1.39578664925365,3.41583528749992));
#3242=CARTESIAN_POINT('Ctrl Pts',(4.8334170568268,-1.,3.50000000000001));
#3243=CARTESIAN_POINT('Ctrl Pts',(4.85630541791962,-1.,3.49344131487868));
#3244=CARTESIAN_POINT('Ctrl Pts',(4.92851721285747,-1.00757314532311,3.47274894537602));
#3245=CARTESIAN_POINT('Ctrl Pts',(5.05663991447801,-1.07597720829077,3.43603524388316));
#3246=CARTESIAN_POINT('Ctrl Pts',(5.1442859498397,-1.2397487177347,3.41092017576017));
#3247=CARTESIAN_POINT('Ctrl Pts',(5.13872289017442,-1.34971902611884,3.41251427664436));
#3248=CARTESIAN_POINT('Ctrl Pts',(5.12713329649077,-1.39578664925365,3.41583528749992));
#3249=CARTESIAN_POINT('Ctrl Pts',(5.12713329649077,-1.39578664925365,3.41583528749992));
#3250=CARTESIAN_POINT('Ctrl Pts',(5.12117803484064,-1.39578351970366,3.39504976771715));
#3251=CARTESIAN_POINT('Ctrl Pts',(5.10685290789967,-1.39577596866678,3.34625235006123));
#3252=CARTESIAN_POINT('Ctrl Pts',(5.08312201952725,-1.39576336357369,3.26976431722999));
#3253=CARTESIAN_POINT('Ctrl Pts',(5.05566430033745,-1.39574864075369,3.18646950322411));
#3254=CARTESIAN_POINT('Ctrl Pts',(5.02674618522915,-1.3957329792236,3.10367094633124));
#3255=CARTESIAN_POINT('Ctrl Pts',(4.99637372517852,-1.39571635557819,3.02138594132147));
#3256=CARTESIAN_POINT('Ctrl Pts',(4.96455375391947,-1.3956987449298,2.93963446400946));
#3257=CARTESIAN_POINT('Ctrl Pts',(4.9312928442422,-1.39568012027403,2.85843544194541));
#3258=CARTESIAN_POINT('Ctrl Pts',(4.89659766198422,-1.39566045256154,2.77780820503551));
#3259=CARTESIAN_POINT('Ctrl Pts',(4.86047477465431,-1.39563971046867,2.69777174604411));
#3260=CARTESIAN_POINT('Ctrl Pts',(4.82919250018827,-1.39562150460366,2.6315922479539));
#3261=CARTESIAN_POINT('Ctrl Pts',(4.80667881832899,-1.3956082615986,2.58554676553951));
#3262=CARTESIAN_POINT('Ctrl Pts',(4.793635787217,-1.39560054776931,2.55931133710186));
#3263=CARTESIAN_POINT('Ctrl Pts',(4.78483846501062,-1.39559532600102,2.54180969808394));
#3264=CARTESIAN_POINT('Ctrl Pts',(4.77705500863246,-1.39559069180437,2.52646624982838));
#3265=CARTESIAN_POINT('Ctrl Pts',(4.77030924184666,-1.39558666543025,2.51326566393229));
#3266=CARTESIAN_POINT('Ctrl Pts',(4.76351846261202,-1.3955826020099,2.50007387488615));
#3267=CARTESIAN_POINT('Ctrl Pts',(4.75668365346526,-1.39557850189327,2.48689301523793));
#3268=CARTESIAN_POINT('Ctrl Pts',(4.74969845172565,-1.39557430087407,2.47351964386148));
#3269=CARTESIAN_POINT('Ctrl Pts',(4.74249998092277,-1.39556996021351,2.45983967981309));
#3270=CARTESIAN_POINT('Ctrl Pts',(4.73508414490172,-1.39556547621591,2.44585394878393));
#3271=CARTESIAN_POINT('Ctrl Pts',(4.72739507170123,-1.39556081398898,2.43146429643939));
#3272=CARTESIAN_POINT('Ctrl Pts',(4.71947382258536,-1.39555599699609,2.41675723304485));
#3273=CARTESIAN_POINT('Ctrl Pts',(4.71125826937754,-1.39555098585482,2.40162788809981));
#3274=CARTESIAN_POINT('Ctrl Pts',(4.70272746765593,-1.39554576626603,2.38604710532447));
#3275=CARTESIAN_POINT('Ctrl Pts',(4.69564430314762,-1.39554141825605,2.37322079819895));
#3276=CARTESIAN_POINT('Ctrl Pts',(4.6913625322823,-1.39553878353818,2.36551559160117));
#3277=CARTESIAN_POINT('Ctrl Pts',(4.69009892010235,-1.39553800544078,2.36324584730955));
#3278=CARTESIAN_POINT('Ctrl Pts',(5.12713329649077,-1.39578664925365,3.41583528749992));
#3279=CARTESIAN_POINT('Ctrl Pts',(5.12915777298321,-1.3960698759059,3.42316933982249));
#3280=CARTESIAN_POINT('Ctrl Pts',(5.14040908479368,-1.3972483126746,3.46390536230499));
#3281=CARTESIAN_POINT('Ctrl Pts',(5.16493158229059,-1.39505732222796,3.55240288437637));
#3282=CARTESIAN_POINT('Ctrl Pts',(5.19530658814111,-1.38063331564759,3.66130500292001));
#3283=CARTESIAN_POINT('Ctrl Pts',(5.2213923599922,-1.35865431160814,3.7541857152247));
#3284=CARTESIAN_POINT('Ctrl Pts',(5.24700323510136,-1.33107153296195,3.84493579290581));
#3285=CARTESIAN_POINT('Ctrl Pts',(5.26457002023264,-1.30621389467972,3.90672156040221));
#3286=CARTESIAN_POINT('Ctrl Pts',(5.28902643630152,-1.2654317010578,3.99217598960522));
#3287=CARTESIAN_POINT('Ctrl Pts',(5.3009604439638,-1.24240405380308,4.03358942476477));
#3288=CARTESIAN_POINT('Ctrl Pts',(5.32409251102453,-1.19137860641554,4.11317641357627));
#3289=CARTESIAN_POINT('Ctrl Pts',(5.33529516331752,-1.1634024443727,4.15136886609043));
#3290=CARTESIAN_POINT('Ctrl Pts',(5.35687749768555,-1.10277308800794,4.22411071877031));
#3291=CARTESIAN_POINT('Ctrl Pts',(5.36725680387655,-1.07012262349311,4.2586587224494));
#3292=CARTESIAN_POINT('Ctrl Pts',(5.38702619074697,-1.00069086401864,4.32343912124938));
#3293=CARTESIAN_POINT('Ctrl Pts',(5.39641899396144,-0.963922163769016,4.35368321196439));
#3294=CARTESIAN_POINT('Ctrl Pts',(5.41412097609071,-0.886704286800571,4.4094405485184));
#3295=CARTESIAN_POINT('Ctrl Pts',(5.42243071379782,-0.846252126824342,4.43495511152971));
#3296=CARTESIAN_POINT('Ctrl Pts',(5.4378506388612,-0.762261191363648,4.48078424974543));
#3297=CARTESIAN_POINT('Ctrl Pts',(5.44495940403974,-0.718728210993298,4.50109389980467));
#3298=CARTESIAN_POINT('Ctrl Pts',(5.45786909289862,-0.629288893702387,4.53610626651368));
#3299=CARTESIAN_POINT('Ctrl Pts',(5.46948785412221,-0.537333714527725,4.56555266546862));
#3300=CARTESIAN_POINT('Ctrl Pts',(5.48215890773558,-0.40054390928085,4.5908356995631));
#3301=CARTESIAN_POINT('Ctrl Pts',(5.48784646787503,-0.309846526465186,4.59659194716265));
#3302=CARTESIAN_POINT('Ctrl Pts',(5.48992084349299,-0.267525471116111,4.59691550532243));
#3303=CARTESIAN_POINT('Ctrl Pts',(5.13872289017442,-1.34971902611884,3.41251427664437));
#3304=CARTESIAN_POINT('Ctrl Pts',(5.1406702275557,-1.35000296678647,3.41956907890827));
#3305=CARTESIAN_POINT('Ctrl Pts',(5.15149332863096,-1.35120065393437,3.45875497600745));
#3306=CARTESIAN_POINT('Ctrl Pts',(5.17508970520751,-1.34923352774269,3.54390063862259));
#3307=CARTESIAN_POINT('Ctrl Pts',(5.20433202423427,-1.33553059833961,3.64870640700638));
#3308=CARTESIAN_POINT('Ctrl Pts',(5.22945382700612,-1.31453258606293,3.73810777277407));
#3309=CARTESIAN_POINT('Ctrl Pts',(5.25412275626882,-1.28813971978384,3.82546473140445));
#3310=CARTESIAN_POINT('Ctrl Pts',(5.27104701128255,-1.26432303719621,3.88494425921843));
#3311=CARTESIAN_POINT('Ctrl Pts',(5.29461111662633,-1.22522592826172,3.96720974830304));
#3312=CARTESIAN_POINT('Ctrl Pts',(5.30611079281503,-1.20313996371397,4.0070780308987));
#3313=CARTESIAN_POINT('Ctrl Pts',(5.32840196619244,-1.15418682557504,4.08369396152171));
#3314=CARTESIAN_POINT('Ctrl Pts',(5.33919785676284,-1.12734052383985,4.12045974838127));
#3315=CARTESIAN_POINT('Ctrl Pts',(5.35999658215082,-1.06915147055723,4.19048148900819));
#3316=CARTESIAN_POINT('Ctrl Pts',(5.36999904797567,-1.03781140285659,4.22373612150417));
#3317=CARTESIAN_POINT('Ctrl Pts',(5.38905000685476,-0.971162450692292,4.28608832206289));
#3318=CARTESIAN_POINT('Ctrl Pts',(5.39810111863044,-0.935865807065697,4.31519719330034));
#3319=CARTESIAN_POINT('Ctrl Pts',(5.41515801579376,-0.861738914709974,4.36885948294985));
#3320=CARTESIAN_POINT('Ctrl Pts',(5.42316431386543,-0.822906131543961,4.39341416296815));
#3321=CARTESIAN_POINT('Ctrl Pts',(5.43801973449883,-0.742279167920852,4.43751852768483));
#3322=CARTESIAN_POINT('Ctrl Pts',(5.44486742356222,-0.700491330339944,4.45706338550761));
#3323=CARTESIAN_POINT('Ctrl Pts',(5.45730143948191,-0.614639641329394,4.49075909122252));
#3324=CARTESIAN_POINT('Ctrl Pts',(5.4684901525343,-0.526377349352045,4.5190996912666));
#3325=CARTESIAN_POINT('Ctrl Pts',(5.48068678685312,-0.395092978192983,4.54344618871835));
#3326=CARTESIAN_POINT('Ctrl Pts',(5.48615754683543,-0.308051879574095,4.5490060115195));
#3327=CARTESIAN_POINT('Ctrl Pts',(5.48815165440444,-0.267439257941774,4.54932941246535));
#3328=CARTESIAN_POINT('Ctrl Pts',(5.14428784954815,-1.23974033061942,3.41091963139662));
#3329=CARTESIAN_POINT('Ctrl Pts',(5.14605835927844,-1.24005427338072,3.41730819237696));
#3330=CARTESIAN_POINT('Ctrl Pts',(5.15590124460361,-1.24145410149839,3.45279991399592));
#3331=CARTESIAN_POINT('Ctrl Pts',(5.17739006836574,-1.24035293603207,3.52998796760996));
#3332=CARTESIAN_POINT('Ctrl Pts',(5.20408580024573,-1.22874835930107,3.62514889314153));
#3333=CARTESIAN_POINT('Ctrl Pts',(5.22706341215681,-1.21037791903287,3.70641820257581));
#3334=CARTESIAN_POINT('Ctrl Pts',(5.24965030939502,-1.18707924233568,3.78587863813762));
#3335=CARTESIAN_POINT('Ctrl Pts',(5.26516713237537,-1.16589240715251,3.84002524295083));
#3336=CARTESIAN_POINT('Ctrl Pts',(5.28678763796133,-1.13098474111813,3.91494584990309));
#3337=CARTESIAN_POINT('Ctrl Pts',(5.29734691262377,-1.11121072361415,3.95127051110274));
#3338=CARTESIAN_POINT('Ctrl Pts',(5.31782666670329,-1.0672894391328,4.0210979014839));
#3339=CARTESIAN_POINT('Ctrl Pts',(5.32775112643265,-1.04316133469468,4.05461711683939));
#3340=CARTESIAN_POINT('Ctrl Pts',(5.34687871949688,-0.990795079227602,4.11847029144528));
#3341=CARTESIAN_POINT('Ctrl Pts',(5.35608150319745,-0.962559362872822,4.14880301328157));
#3342=CARTESIAN_POINT('Ctrl Pts',(5.37361401654943,-0.902461162668526,4.20568737077221));
#3343=CARTESIAN_POINT('Ctrl Pts',(5.38194613888023,-0.870609754738368,4.23224926102611));
#3344=CARTESIAN_POINT('Ctrl Pts',(5.39765026279191,-0.803681614318767,4.28122540811429));
#3345=CARTESIAN_POINT('Ctrl Pts',(5.40502275027877,-0.768602251258422,4.30364086503398));
#3346=CARTESIAN_POINT('Ctrl Pts',(5.41870237189405,-0.695743421740834,4.34391301750053));
#3347=CARTESIAN_POINT('Ctrl Pts',(5.42500823118855,-0.657968790209317,4.3617654781946));
#3348=CARTESIAN_POINT('Ctrl Pts',(5.43645700069548,-0.580347339540523,4.39255680333803));
#3349=CARTESIAN_POINT('Ctrl Pts',(5.44675777666066,-0.500529398003414,4.41847089318039));
#3350=CARTESIAN_POINT('Ctrl Pts',(5.45797902619718,-0.381778715307643,4.44079277248943));
#3351=CARTESIAN_POINT('Ctrl Pts',(5.46300538247228,-0.303042085768372,4.44595535652604));
#3352=CARTESIAN_POINT('Ctrl Pts',(5.46483534956954,-0.266303047348786,4.44629692094366));
#3353=CARTESIAN_POINT('Ctrl Pts',(5.0566413106034,-1.07597417911098,3.4360348438219));
#3354=CARTESIAN_POINT('Ctrl Pts',(5.05829751419699,-1.07630890216737,3.44140038381532));
#3355=CARTESIAN_POINT('Ctrl Pts',(5.06750528971519,-1.07787684466926,3.47121576539302));
#3356=CARTESIAN_POINT('Ctrl Pts',(5.0876130163716,-1.07776947736565,3.53615047450831));
#3357=CARTESIAN_POINT('Ctrl Pts',(5.11260037667497,-1.06892090625954,3.61639632168051));
#3358=CARTESIAN_POINT('Ctrl Pts',(5.13410792070374,-1.05415288605569,3.68504824235498));
#3359=CARTESIAN_POINT('Ctrl Pts',(5.15524830155236,-1.0351626945927,3.75223507877661));
#3360=CARTESIAN_POINT('Ctrl Pts',(5.16976866346713,-1.01769391702574,3.79807095515233));
#3361=CARTESIAN_POINT('Ctrl Pts',(5.18999592028935,-0.988757931737987,3.86152909520454));
#3362=CARTESIAN_POINT('Ctrl Pts',(5.19987226296753,-0.972300737167244,3.89231470839014));
#3363=CARTESIAN_POINT('Ctrl Pts',(5.21902124366137,-0.935637405947357,3.9515171748709));
#3364=CARTESIAN_POINT('Ctrl Pts',(5.22829759728825,-0.915447909347871,3.97994766215625));
#3365=CARTESIAN_POINT('Ctrl Pts',(5.24616912009274,-0.871550737532536,4.03411984323404));
#3366=CARTESIAN_POINT('Ctrl Pts',(5.25476395476279,-0.847845277773466,4.05986042557026));
#3367=CARTESIAN_POINT('Ctrl Pts',(5.27113112627691,-0.797332886189683,4.1081395880137));
#3368=CARTESIAN_POINT('Ctrl Pts',(5.27890571234688,-0.770535707255623,4.13068684320589));
#3369=CARTESIAN_POINT('Ctrl Pts',(5.29355227136076,-0.714188693395327,4.1722644259488));
#3370=CARTESIAN_POINT('Ctrl Pts',(5.30042467218936,-0.684637264332345,4.19129572046062));
#3371=CARTESIAN_POINT('Ctrl Pts',(5.31317033866699,-0.62323385319011,4.2254915873692));
#3372=CARTESIAN_POINT('Ctrl Pts',(5.31904235194448,-0.59138734265348,4.24065242739461));
#3373=CARTESIAN_POINT('Ctrl Pts',(5.32969836029197,-0.525930179602313,4.26680791154585));
#3374=CARTESIAN_POINT('Ctrl Pts',(5.33928001553747,-0.458607927698964,4.28882734165771));
#3375=CARTESIAN_POINT('Ctrl Pts',(5.3497052334628,-0.358427082374691,4.30782708895739));
#3376=CARTESIAN_POINT('Ctrl Pts',(5.35436821792799,-0.291997184221785,4.31226003774112));
#3377=CARTESIAN_POINT('Ctrl Pts',(5.35606418280083,-0.261002595939862,4.31257786730495));
#3378=CARTESIAN_POINT('Ctrl Pts',(4.92851864236558,-1.0075701677143,3.47274853574889));
#3379=CARTESIAN_POINT('Ctrl Pts',(4.93021442125497,-1.00774454641226,3.47767274017241));
#3380=CARTESIAN_POINT('Ctrl Pts',(4.93963790274226,-1.00844568598739,3.50502253389739));
#3381=CARTESIAN_POINT('Ctrl Pts',(4.96016322821914,-1.00674866867028,3.56442525472537));
#3382=CARTESIAN_POINT('Ctrl Pts',(4.98554550205748,-0.99672045595095,3.63745434245101));
#3383=CARTESIAN_POINT('Ctrl Pts',(5.00730162783363,-0.981638594871646,3.69964755950339));
#3384=CARTESIAN_POINT('Ctrl Pts',(5.02863355513242,-0.962793803237129,3.76034700499042));
#3385=CARTESIAN_POINT('Ctrl Pts',(5.04323645848556,-0.94588301788865,3.80160081304659));
#3386=CARTESIAN_POINT('Ctrl Pts',(5.063535480184,-0.918219884384832,3.85857492852136));
#3387=CARTESIAN_POINT('Ctrl Pts',(5.07342507633422,-0.902634952487724,3.88614367457761));
#3388=CARTESIAN_POINT('Ctrl Pts',(5.09256328936397,-0.868188382142672,3.93903834610186));
#3389=CARTESIAN_POINT('Ctrl Pts',(5.10181586858748,-0.849341121331659,3.96437718984211));
#3390=CARTESIAN_POINT('Ctrl Pts',(5.11961143570583,-0.808590500536496,4.01255428566229));
#3391=CARTESIAN_POINT('Ctrl Pts',(5.12815413371914,-0.786689080850788,4.03539162965625));
#3392=CARTESIAN_POINT('Ctrl Pts',(5.14439773103267,-0.740216469518436,4.07813696744554));
#3393=CARTESIAN_POINT('Ctrl Pts',(5.15210096993802,-0.715653569275567,4.09805295834247));
#3394=CARTESIAN_POINT('Ctrl Pts',(5.16659434289943,-0.664172181212221,4.13470379579331));
#3395=CARTESIAN_POINT('Ctrl Pts',(5.17338495421346,-0.637251911058354,4.15143956421864));
#3396=CARTESIAN_POINT('Ctrl Pts',(5.18596514178568,-0.58145753091789,4.18144650500478));
#3397=CARTESIAN_POINT('Ctrl Pts',(5.19175357889695,-0.552587644008628,4.19471452508291));
#3398=CARTESIAN_POINT('Ctrl Pts',(5.202248494217,-0.49336489165833,4.21754531609231));
#3399=CARTESIAN_POINT('Ctrl Pts',(5.21167518941759,-0.432565920290981,4.23669748700258));
#3400=CARTESIAN_POINT('Ctrl Pts',(5.22191609588188,-0.342344294573222,4.2530403400461));
#3401=CARTESIAN_POINT('Ctrl Pts',(5.2264922897582,-0.282622712686296,4.25669011127102));
#3402=CARTESIAN_POINT('Ctrl Pts',(5.22815656687832,-0.254769619793315,4.25685501448051));
#3403=CARTESIAN_POINT('Ctrl Pts',(4.85630541791962,-1.,3.49344131487868));
#3404=CARTESIAN_POINT('Ctrl Pts',(4.85800875312845,-1.00004270722969,3.4983227707017));
#3405=CARTESIAN_POINT('Ctrl Pts',(4.86747226453456,-1.00001503201553,3.52542171145742));
#3406=CARTESIAN_POINT('Ctrl Pts',(4.88806118935289,-0.996770838282656,3.58411590289244));
#3407=CARTESIAN_POINT('Ctrl Pts',(4.91346630418265,-0.9849779962077,3.65588486333758));
#3408=CARTESIAN_POINT('Ctrl Pts',(4.93520006791541,-0.968557311498835,3.71670998439481));
#3409=CARTESIAN_POINT('Ctrl Pts',(4.95648554935092,-0.948525031715536,3.7759005972551));
#3410=CARTESIAN_POINT('Ctrl Pts',(4.97103358262687,-0.930935513605466,3.81596510452432));
#3411=CARTESIAN_POINT('Ctrl Pts',(4.99123566315576,-0.902489651823815,3.87114920837665));
#3412=CARTESIAN_POINT('Ctrl Pts',(5.00106755773815,-0.886604921379345,3.89777667086201));
#3413=CARTESIAN_POINT('Ctrl Pts',(5.02007631884095,-0.851759634109343,3.94873731622075));
#3414=CARTESIAN_POINT('Ctrl Pts',(5.02925721509807,-0.832812470828524,3.97308370853738));
#3415=CARTESIAN_POINT('Ctrl Pts',(5.04689991466571,-0.792069841509187,4.01926427145495));
#3416=CARTESIAN_POINT('Ctrl Pts',(5.05536143887538,-0.770276259372664,4.04109767506443));
#3417=CARTESIAN_POINT('Ctrl Pts',(5.07143837791815,-0.724226770408274,4.08187121416991));
#3418=CARTESIAN_POINT('Ctrl Pts',(5.07905615154508,-0.699978481420586,4.10081933627565));
#3419=CARTESIAN_POINT('Ctrl Pts',(5.09337904543148,-0.649324067825875,4.13561135178282));
#3420=CARTESIAN_POINT('Ctrl Pts',(5.10008464515676,-0.622916020378426,4.15145620685966));
#3421=CARTESIAN_POINT('Ctrl Pts',(5.11250010169984,-0.568325708146028,4.17979939395854));
#3422=CARTESIAN_POINT('Ctrl Pts',(5.11820884833695,-0.54014716633297,4.1922948674856));
#3423=CARTESIAN_POINT('Ctrl Pts',(5.12855426200163,-0.482459273661326,4.2137357426961));
#3424=CARTESIAN_POINT('Ctrl Pts',(5.13784116570566,-0.42334878343345,4.23165175691215));
#3425=CARTESIAN_POINT('Ctrl Pts',(5.14792137152508,-0.335887517707537,4.2467534261368));
#3426=CARTESIAN_POINT('Ctrl Pts',(5.15242303778858,-0.278098441236446,4.24995868233405));
#3427=CARTESIAN_POINT('Ctrl Pts',(5.15405997852971,-0.251158871051487,4.24999999999841));
#3428=CARTESIAN_POINT('Ctrl Pts',(4.8334170568268,-1.,3.50000000000001));
#3429=CARTESIAN_POINT('Ctrl Pts',(4.8351211259467,-1.,3.50488402106635));
#3430=CARTESIAN_POINT('Ctrl Pts',(4.84458808917388,-0.999734970825579,3.53199266477715));
#3431=CARTESIAN_POINT('Ctrl Pts',(4.86517712906141,-0.99597539339654,3.59065427404845));
#3432=CARTESIAN_POINT('Ctrl Pts',(4.8905647859976,-0.983565531046745,3.66225422558312));
#3433=CARTESIAN_POINT('Ctrl Pts',(4.9122703229705,-0.966650198853535,3.72283697260729));
#3434=CARTESIAN_POINT('Ctrl Pts',(4.93352036750632,-0.946160010214038,3.78173296042412));
#3435=CARTESIAN_POINT('Ctrl Pts',(4.94803681833245,-0.928287353233959,3.82154208435393));
#3436=CARTESIAN_POINT('Ctrl Pts',(4.96818841516925,-0.899487000366765,3.87632357395383));
#3437=CARTESIAN_POINT('Ctrl Pts',(4.97799238436531,-0.883449348927911,3.90273081250502));
#3438=CARTESIAN_POINT('Ctrl Pts',(4.99694141687324,-0.848354036574556,3.95322531969481));
#3439=CARTESIAN_POINT('Ctrl Pts',(5.00609053282881,-0.829309475299157,3.97732597176427));
#3440=CARTESIAN_POINT('Ctrl Pts',(5.02366729484025,-0.788431277983968,4.02300179409921));
#3441=CARTESIAN_POINT('Ctrl Pts',(5.03209467134302,-0.766599519112754,4.04457629127849));
#3442=CARTESIAN_POINT('Ctrl Pts',(5.04810271270017,-0.720534407356189,4.0848333777072));
#3443=CARTESIAN_POINT('Ctrl Pts',(5.0556857445795,-0.696308504379907,4.1035240236561));
#3444=CARTESIAN_POINT('Ctrl Pts',(5.06994014130145,-0.645757623458471,4.13781549930356));
#3445=CARTESIAN_POINT('Ctrl Pts',(5.07661198606445,-0.619430750946072,4.15341732191465));
#3446=CARTESIAN_POINT('Ctrl Pts',(5.08896255529123,-0.565056907488962,4.18130197461731));
#3447=CARTESIAN_POINT('Ctrl Pts',(5.09464017143797,-0.53701372181176,4.19358198917644));
#3448=CARTESIAN_POINT('Ctrl Pts',(5.10492751561145,-0.479642848990418,4.21463154207843));
#3449=CARTESIAN_POINT('Ctrl Pts',(5.1141604348093,-0.420896473060015,4.23219515967149));
#3450=CARTESIAN_POINT('Ctrl Pts',(5.12417903069891,-0.334062625733839,4.24693273000216));
#3451=CARTESIAN_POINT('Ctrl Pts',(5.12865220738464,-0.276724653680823,4.24999999996339));
#3452=CARTESIAN_POINT('Ctrl Pts',(5.13027867401748,-0.250000001027414,4.25));
#3453=CARTESIAN_POINT('',(5.48992084349299,-0.267525471116111,4.59691550532243));
#3454=CARTESIAN_POINT('Ctrl Pts',(5.13027867401748,-0.250000001027414,4.25));
#3455=CARTESIAN_POINT('Ctrl Pts',(5.15405997852971,-0.251158871051487,4.24999999999841));
#3456=CARTESIAN_POINT('Ctrl Pts',(5.22815656687832,-0.254769619793315,4.25685501448051));
#3457=CARTESIAN_POINT('Ctrl Pts',(5.35606418280083,-0.261002595939862,4.31257786730495));
#3458=CARTESIAN_POINT('Ctrl Pts',(5.46483534956954,-0.266303047348786,4.44629692094366));
#3459=CARTESIAN_POINT('Ctrl Pts',(5.48815165440444,-0.267439257941774,4.54932941246535));
#3460=CARTESIAN_POINT('Ctrl Pts',(5.48992084349299,-0.267525471116111,4.59691550532243));
#3461=CARTESIAN_POINT('Ctrl Pts',(5.48992084349299,-0.267525471116111,4.59691550532243));
#3462=CARTESIAN_POINT('Ctrl Pts',(5.48784646787503,-0.309846526465186,4.59659194716265));
#3463=CARTESIAN_POINT('Ctrl Pts',(5.48215890773558,-0.40054390928085,4.5908356995631));
#3464=CARTESIAN_POINT('Ctrl Pts',(5.46948785412221,-0.537333714527725,4.56555266546862));
#3465=CARTESIAN_POINT('Ctrl Pts',(5.45786909289862,-0.629288893702387,4.53610626651368));
#3466=CARTESIAN_POINT('Ctrl Pts',(5.44495940403974,-0.718728210993298,4.50109389980467));
#3467=CARTESIAN_POINT('Ctrl Pts',(5.4378506388612,-0.762261191363648,4.48078424974543));
#3468=CARTESIAN_POINT('Ctrl Pts',(5.42243071379782,-0.846252126824342,4.43495511152971));
#3469=CARTESIAN_POINT('Ctrl Pts',(5.41412097609071,-0.886704286800571,4.4094405485184));
#3470=CARTESIAN_POINT('Ctrl Pts',(5.39641899396144,-0.963922163769016,4.35368321196439));
#3471=CARTESIAN_POINT('Ctrl Pts',(5.38702619074697,-1.00069086401864,4.32343912124938));
#3472=CARTESIAN_POINT('Ctrl Pts',(5.36725680387655,-1.07012262349311,4.2586587224494));
#3473=CARTESIAN_POINT('Ctrl Pts',(5.35687749768555,-1.10277308800794,4.22411071877031));
#3474=CARTESIAN_POINT('Ctrl Pts',(5.33529516331752,-1.1634024443727,4.15136886609043));
#3475=CARTESIAN_POINT('Ctrl Pts',(5.32409251102453,-1.19137860641554,4.11317641357627));
#3476=CARTESIAN_POINT('Ctrl Pts',(5.3009604439638,-1.24240405380308,4.03358942476477));
#3477=CARTESIAN_POINT('Ctrl Pts',(5.28902643630152,-1.2654317010578,3.99217598960522));
#3478=CARTESIAN_POINT('Ctrl Pts',(5.26457002023264,-1.30621389467972,3.90672156040221));
#3479=CARTESIAN_POINT('Ctrl Pts',(5.24700323510136,-1.33107153296195,3.84493579290581));
#3480=CARTESIAN_POINT('Ctrl Pts',(5.2213923599922,-1.35865431160814,3.7541857152247));
#3481=CARTESIAN_POINT('Ctrl Pts',(5.19530658814111,-1.38063331564759,3.66130500292001));
#3482=CARTESIAN_POINT('Ctrl Pts',(5.16493158229059,-1.39505732222796,3.55240288437637));
#3483=CARTESIAN_POINT('Ctrl Pts',(5.14040908479368,-1.3972483126746,3.46390536230499));
#3484=CARTESIAN_POINT('Ctrl Pts',(5.12915777298321,-1.3960698759059,3.42316933982249));
#3485=CARTESIAN_POINT('Ctrl Pts',(5.12713329649077,-1.39578664925365,3.41583528749992));
#3486=CARTESIAN_POINT('Ctrl Pts',(5.48992084350632,-0.267525470852153,4.59691550533487));
#3487=CARTESIAN_POINT('Ctrl Pts',(5.49018867951854,-0.262029177353679,4.59691550533487));
#3488=CARTESIAN_POINT('Ctrl Pts',(5.49110736318929,-0.24257583844978,4.59691550533487));
#3489=CARTESIAN_POINT('Ctrl Pts',(5.49250688674723,-0.209173791901016,4.59691550533487));
#3490=CARTESIAN_POINT('Ctrl Pts',(5.49394119574297,-0.167318290528916,4.59691550533488));
#3491=CARTESIAN_POINT('Ctrl Pts',(5.4950565051197,-0.125456341663852,4.59691550533488));
#3492=CARTESIAN_POINT('Ctrl Pts',(5.49585278832919,-0.0835902316999489,
4.59691550533488));
#3493=CARTESIAN_POINT('Ctrl Pts',(5.49629215796495,-0.0450489250635967,
4.59691550533489));
#3494=CARTESIAN_POINT('Ctrl Pts',(5.49642307147208,-0.0171347363424736,
4.59691550533489));
#3495=CARTESIAN_POINT('Ctrl Pts',(5.49644766275347,0.0107782367154304,4.59691550533489));
#3496=CARTESIAN_POINT('Ctrl Pts',(5.49632781899,0.0420190926264533,4.59691550533488));
#3497=CARTESIAN_POINT('Ctrl Pts',(5.49584829743973,0.0838838520384518,4.59691550533488));
#3498=CARTESIAN_POINT('Ctrl Pts',(5.49504996435487,0.125741358615285,4.59691550533488));
#3499=CARTESIAN_POINT('Ctrl Pts',(5.49393284074792,0.167591264729753,4.59691550533487));
#3500=CARTESIAN_POINT('Ctrl Pts',(5.49249702846125,0.209431361792499,4.59691550533487));
#3501=CARTESIAN_POINT('Ctrl Pts',(5.49109981587088,0.24274209659212,4.59691550533487));
#3502=CARTESIAN_POINT('Ctrl Pts',(5.49018477756644,0.262109249732091,4.59691550533487));
#3503=CARTESIAN_POINT('Ctrl Pts',(5.48992084357274,0.267525469489103,4.59691550533487));
#3504=CARTESIAN_POINT('Ctrl Pts',(5.4881516544147,-0.267439257743029,4.54932941247778));
#3505=CARTESIAN_POINT('Ctrl Pts',(5.48841940411294,-0.26194473551823,4.54932941247778));
#3506=CARTESIAN_POINT('Ctrl Pts',(5.48933779172946,-0.242497665594163,4.54932941247779));
#3507=CARTESIAN_POINT('Ctrl Pts',(5.4907368642744,-0.209106383283822,4.54932941247779));
#3508=CARTESIAN_POINT('Ctrl Pts',(5.4921707110478,-0.167264370308661,4.54932941247779));
#3509=CARTESIAN_POINT('Ctrl Pts',(5.4932856610038,-0.125415911927064,4.54932941247779));
#3510=CARTESIAN_POINT('Ctrl Pts',(5.49408168760176,-0.0835632938114961,
4.5493294124778));
#3511=CARTESIAN_POINT('Ctrl Pts',(5.49452091564586,-0.0450344075233263,
4.5493294124778));
#3512=CARTESIAN_POINT('Ctrl Pts',(5.49465178696457,-0.0171292145001782,
4.5493294124778));
#3513=CARTESIAN_POINT('Ctrl Pts',(5.49467637032112,0.0107747633281641,4.5493294124778));
#3514=CARTESIAN_POINT('Ctrl Pts',(5.49455656517876,0.0420055514825189,4.5493294124778));
#3515=CARTESIAN_POINT('Ctrl Pts',(5.49407719815954,0.083856819526594,4.5493294124778));
#3516=CARTESIAN_POINT('Ctrl Pts',(5.49327912234683,0.125700837028881,4.54932941247779));
#3517=CARTESIAN_POINT('Ctrl Pts',(5.49216235874526,0.167537256539141,4.54932941247779));
#3518=CARTESIAN_POINT('Ctrl Pts',(5.49072700916535,0.209363870171485,4.54932941247779));
#3519=CARTESIAN_POINT('Ctrl Pts',(5.48933024684331,0.242663870155678,4.54932941247778));
#3520=CARTESIAN_POINT('Ctrl Pts',(5.48841550341827,0.262024782093207,4.54932941247778));
#3521=CARTESIAN_POINT('Ctrl Pts',(5.48815165448111,0.267439256380418,4.54932941247778));
#3522=CARTESIAN_POINT('Ctrl Pts',(5.46508541487134,-0.266315233049317,4.44663694902036));
#3523=CARTESIAN_POINT('Ctrl Pts',(5.46535203927411,-0.260843802531893,4.44663694902036));
#3524=CARTESIAN_POINT('Ctrl Pts',(5.46626656690126,-0.241478470332013,4.44663694902036));
#3525=CARTESIAN_POINT('Ctrl Pts',(5.46765975929178,-0.208227526611394,4.44663694902037));
#3526=CARTESIAN_POINT('Ctrl Pts',(5.46908757972933,-0.166561372595618,4.44663694902037));
#3527=CARTESIAN_POINT('Ctrl Pts',(5.47019784363022,-0.124888799893028,4.44663694902037));
#3528=CARTESIAN_POINT('Ctrl Pts',(5.4709905246069,-0.0832120839288619,4.44663694902037));
#3529=CARTESIAN_POINT('Ctrl Pts',(5.47142790660508,-0.0448451323152926,
4.44663694902038));
#3530=CARTESIAN_POINT('Ctrl Pts',(5.47155822788504,-0.0170572209945237,
4.44663694902038));
#3531=CARTESIAN_POINT('Ctrl Pts',(5.47158270792082,0.010729476998584,4.44663694902038));
#3532=CARTESIAN_POINT('Ctrl Pts',(5.47146340630471,0.0418290063623631,4.44663694902038));
#3533=CARTESIAN_POINT('Ctrl Pts',(5.47098605403306,0.083504376019374,4.44663694902037));
#3534=CARTESIAN_POINT('Ctrl Pts',(5.47019133245436,0.125172527465027,4.44663694902037));
#3535=CARTESIAN_POINT('Ctrl Pts',(5.46907926252993,0.166833111964551,4.44663694902037));
#3536=CARTESIAN_POINT('Ctrl Pts',(5.46764994560354,0.208483931261399,4.44663694902037));
#3537=CARTESIAN_POINT('Ctrl Pts',(5.46625905372335,0.241643976445203,4.44663694902037));
#3538=CARTESIAN_POINT('Ctrl Pts',(5.46534815497469,0.26092351264424,4.44663694902036));
#3539=CARTESIAN_POINT('Ctrl Pts',(5.46508541493747,0.266315231692433,4.44663694902036));
#3540=CARTESIAN_POINT('Ctrl Pts',(5.33761190883648,-0.260103411295368,4.28989873730535));
#3541=CARTESIAN_POINT('Ctrl Pts',(5.33787231415665,-0.254759604185168,4.28989873730535));
#3542=CARTESIAN_POINT('Ctrl Pts',(5.33876551048331,-0.235845964898851,4.28989873730535));
#3543=CARTESIAN_POINT('Ctrl Pts',(5.34012620651896,-0.203370604947007,4.28989873730535));
#3544=CARTESIAN_POINT('Ctrl Pts',(5.34152072294111,-0.162676316209982,4.28989873730536));
#3545=CARTESIAN_POINT('Ctrl Pts',(5.3426050898783,-0.121975759040454,4.28989873730536));
#3546=CARTESIAN_POINT('Ctrl Pts',(5.34337928149805,-0.0812711567211535,
4.28989873730537));
#3547=CARTESIAN_POINT('Ctrl Pts',(5.34380646154079,-0.0437991155169502,
4.28989873730537));
#3548=CARTESIAN_POINT('Ctrl Pts',(5.34393374306416,-0.0166593613504162,
4.28989873730537));
#3549=CARTESIAN_POINT('Ctrl Pts',(5.34395765209989,0.0104792125022732,4.28989873730537));
#3550=CARTESIAN_POINT('Ctrl Pts',(5.34384113320928,0.0408533408279276,4.28989873730537));
#3551=CARTESIAN_POINT('Ctrl Pts',(5.34337491520121,0.0815566310207126,4.28989873730536));
#3552=CARTESIAN_POINT('Ctrl Pts',(5.34259873057653,0.122252868666426,4.28989873730536));
#3553=CARTESIAN_POINT('Ctrl Pts',(5.34151259974226,0.162941717156898,4.28989873730536));
#3554=CARTESIAN_POINT('Ctrl Pts',(5.3401166217348,0.203621029001312,4.28989873730535));
#3555=CARTESIAN_POINT('Ctrl Pts',(5.33875817255413,0.236007610431333,4.28989873730535));
#3556=CARTESIAN_POINT('Ctrl Pts',(5.3378685204574,0.254837455102363,4.28989873730535));
#3557=CARTESIAN_POINT('Ctrl Pts',(5.33761190890106,0.260103409970133,4.28989873730535));
#3558=CARTESIAN_POINT('Ctrl Pts',(5.20162258755498,-0.253476611338911,4.25));
#3559=CARTESIAN_POINT('Ctrl Pts',(5.2018763584323,-0.248268949503678,4.25));
#3560=CARTESIAN_POINT('Ctrl Pts',(5.20274679817661,-0.229837188370469,4.25));
#3561=CARTESIAN_POINT('Ctrl Pts',(5.20407282704189,-0.198189218197074,4.25000000000001));
#3562=CARTESIAN_POINT('Ctrl Pts',(5.205431814592,-0.158531721315499,4.25000000000001));
#3563=CARTESIAN_POINT('Ctrl Pts',(5.2064885544862,-0.118868115172405,4.25000000000001));
#3564=CARTESIAN_POINT('Ctrl Pts',(5.20724302161005,-0.0792005654827497,
4.25000000000001));
#3565=CARTESIAN_POINT('Ctrl Pts',(5.20765931813745,-0.0426832218653441,
4.25000000000002));
#3566=CARTESIAN_POINT('Ctrl Pts',(5.20778335684176,-0.0162349202538022,
4.25000000000002));
#3567=CARTESIAN_POINT('Ctrl Pts',(5.20780665673508,0.0102122264429509,4.25000000000002));
#3568=CARTESIAN_POINT('Ctrl Pts',(5.2076931064546,0.0398124984119096,4.25000000000001));
#3569=CARTESIAN_POINT('Ctrl Pts',(5.20723876655526,0.0794787666507157,4.25000000000001));
#3570=CARTESIAN_POINT('Ctrl Pts',(5.20648235720347,0.119138164701984,4.25000000000001));
#3571=CARTESIAN_POINT('Ctrl Pts',(5.20542389835115,0.158790360575388,4.25000000000001));
#3572=CARTESIAN_POINT('Ctrl Pts',(5.20406348645552,0.198433261997333,4.25));
#3573=CARTESIAN_POINT('Ctrl Pts',(5.20273964719666,0.229994715707047,4.25));
#3574=CARTESIAN_POINT('Ctrl Pts',(5.20187266138863,0.248344816921083,4.25));
#3575=CARTESIAN_POINT('Ctrl Pts',(5.20162258761792,0.253476610047441,4.25));
#3576=CARTESIAN_POINT('Ctrl Pts',(5.13027867401794,-0.250000001273757,4.25));
#3577=CARTESIAN_POINT('Ctrl Pts',(5.13052896421715,-0.244863767414445,4.25));
#3578=CARTESIAN_POINT('Ctrl Pts',(5.13138746534651,-0.226684807724131,4.25));
#3579=CARTESIAN_POINT('Ctrl Pts',(5.13269530676495,-0.195470913760547,4.25));
#3580=CARTESIAN_POINT('Ctrl Pts',(5.13403565484328,-0.156357346880323,4.25000000000001));
#3581=CARTESIAN_POINT('Ctrl Pts',(5.13507790081977,-0.117237754879412,4.25000000000001));
#3582=CARTESIAN_POINT('Ctrl Pts',(5.13582201988534,-0.0781142743713172,
4.25000000000001));
#3583=CARTESIAN_POINT('Ctrl Pts',(5.13623260661994,-0.042097790866069,4.25000000000002));
#3584=CARTESIAN_POINT('Ctrl Pts',(5.13635494404391,-0.0160122477078501,
4.25000000000002));
#3585=CARTESIAN_POINT('Ctrl Pts',(5.13637792436185,0.0100721594246837,4.25000000000002));
#3586=CARTESIAN_POINT('Ctrl Pts',(5.13626593150777,0.0392664413473396,4.25000000000001));
#3587=CARTESIAN_POINT('Ctrl Pts',(5.13581782319197,0.0783886597775588,4.25000000000001));
#3588=CARTESIAN_POINT('Ctrl Pts',(5.13507178853742,0.117504100502482,4.25000000000001));
#3589=CARTESIAN_POINT('Ctrl Pts',(5.13402784718008,0.156612438667807,4.25000000000001));
#3590=CARTESIAN_POINT('Ctrl Pts',(5.13268609429072,0.19571161036784,4.25));
#3591=CARTESIAN_POINT('Ctrl Pts',(5.13138041244943,0.226840174372639,4.25));
#3592=CARTESIAN_POINT('Ctrl Pts',(5.13052531788013,0.244938594288467,4.25));
#3593=CARTESIAN_POINT('Ctrl Pts',(5.13027867408001,0.25,4.25));
#3594=CARTESIAN_POINT('',(5.48992084357274,0.267525469489103,4.59691550533487));
#3595=CARTESIAN_POINT('Ctrl Pts',(5.13027867408001,0.25,4.25));
#3596=CARTESIAN_POINT('Ctrl Pts',(5.20162258761792,0.253476610047441,4.25));
#3597=CARTESIAN_POINT('Ctrl Pts',(5.33761190890106,0.260103409970133,4.28989873730535));
#3598=CARTESIAN_POINT('Ctrl Pts',(5.46508541493747,0.266315231692433,4.44663694902036));
#3599=CARTESIAN_POINT('Ctrl Pts',(5.48815165448111,0.267439256380418,4.54932941247778));
#3600=CARTESIAN_POINT('Ctrl Pts',(5.48992084357274,0.267525469489103,4.59691550533487));
#3601=CARTESIAN_POINT('Ctrl Pts',(5.48992084357274,0.267525469489103,4.59691550533487));
#3602=CARTESIAN_POINT('Ctrl Pts',(5.49018477756644,0.262109249732091,4.59691550533487));
#3603=CARTESIAN_POINT('Ctrl Pts',(5.49109981587088,0.24274209659212,4.59691550533487));
#3604=CARTESIAN_POINT('Ctrl Pts',(5.49249702846125,0.209431361792499,4.59691550533487));
#3605=CARTESIAN_POINT('Ctrl Pts',(5.49393284074792,0.167591264729753,4.59691550533487));
#3606=CARTESIAN_POINT('Ctrl Pts',(5.49504996435487,0.125741358615285,4.59691550533488));
#3607=CARTESIAN_POINT('Ctrl Pts',(5.49584829743973,0.0838838520384518,4.59691550533488));
#3608=CARTESIAN_POINT('Ctrl Pts',(5.49632781899,0.0420190926264533,4.59691550533488));
#3609=CARTESIAN_POINT('Ctrl Pts',(5.49644766275347,0.0107782367154304,4.59691550533489));
#3610=CARTESIAN_POINT('Ctrl Pts',(5.49642307147208,-0.0171347363424736,
4.59691550533489));
#3611=CARTESIAN_POINT('Ctrl Pts',(5.49629215796495,-0.0450489250635967,
4.59691550533489));
#3612=CARTESIAN_POINT('Ctrl Pts',(5.49585278832919,-0.0835902316999489,
4.59691550533488));
#3613=CARTESIAN_POINT('Ctrl Pts',(5.4950565051197,-0.125456341663852,4.59691550533488));
#3614=CARTESIAN_POINT('Ctrl Pts',(5.49394119574297,-0.167318290528916,4.59691550533488));
#3615=CARTESIAN_POINT('Ctrl Pts',(5.49250688674723,-0.209173791901016,4.59691550533487));
#3616=CARTESIAN_POINT('Ctrl Pts',(5.49110736318929,-0.24257583844978,4.59691550533487));
#3617=CARTESIAN_POINT('Ctrl Pts',(5.49018867951854,-0.262029177353679,4.59691550533487));
#3618=CARTESIAN_POINT('Ctrl Pts',(5.48992084350632,-0.267525470852153,4.59691550533487));
#3619=CARTESIAN_POINT('Ctrl Pts',(5.48992084357274,0.267525469489103,4.59691550533487));
#3620=CARTESIAN_POINT('Ctrl Pts',(5.48784187996573,0.309940128506572,4.59659123160532));
#3621=CARTESIAN_POINT('Ctrl Pts',(5.4821464765409,0.40071814845595,4.59081849831752));
#3622=CARTESIAN_POINT('Ctrl Pts',(5.46946627482415,0.537520465192446,4.56550089730764));
#3623=CARTESIAN_POINT('Ctrl Pts',(5.45785316210528,0.629404497519018,4.53606400456876));
#3624=CARTESIAN_POINT('Ctrl Pts',(5.44496673190663,0.718672086774297,4.5011128113599));
#3625=CARTESIAN_POINT('Ctrl Pts',(5.43787760151452,0.762093737588815,4.48086088857324));
#3626=CARTESIAN_POINT('Ctrl Pts',(5.42247941618905,0.846007237096944,4.43510332482421));
#3627=CARTESIAN_POINT('Ctrl Pts',(5.41416819851498,0.886483929936066,4.40958703924627));
#3628=CARTESIAN_POINT('Ctrl Pts',(5.39646990848252,0.963714216392827,4.35384580152086));
#3629=CARTESIAN_POINT('Ctrl Pts',(5.38708320700354,1.00047434238523,4.32362365461584));
#3630=CARTESIAN_POINT('Ctrl Pts',(5.36733674733032,1.06985792300179,4.2589229548735));
#3631=CARTESIAN_POINT('Ctrl Pts',(5.35697537816985,1.10247276594881,4.22443746279564));
#3632=CARTESIAN_POINT('Ctrl Pts',(5.33538591768639,1.16317255015211,4.15167787069439));
#3633=CARTESIAN_POINT('Ctrl Pts',(5.32415464599929,1.19123551275789,4.11338954460304));
#3634=CARTESIAN_POINT('Ctrl Pts',(5.30100253419613,1.24231710463206,4.03373487503074));
#3635=CARTESIAN_POINT('Ctrl Pts',(5.28907950527139,1.26533214058174,3.99236040918664));
#3636=CARTESIAN_POINT('Ctrl Pts',(5.26464877143734,1.30609351728136,3.90699773317303));
#3637=CARTESIAN_POINT('Ctrl Pts',(5.24722974782585,1.33076180926323,3.84573336504174));
#3638=CARTESIAN_POINT('Ctrl Pts',(5.22160091443074,1.35846267328396,3.75492722967067));
#3639=CARTESIAN_POINT('Ctrl Pts',(5.19548459576126,1.3805472803332,3.66194310012678));
#3640=CARTESIAN_POINT('Ctrl Pts',(5.16493733736734,1.3950548420347,3.55242353664457));
#3641=CARTESIAN_POINT('Ctrl Pts',(5.14041585103454,1.39724879882436,3.46392984603477));
#3642=CARTESIAN_POINT('Ctrl Pts',(5.1291591013727,1.39607006174916,3.42317415216685));
#3643=CARTESIAN_POINT('Ctrl Pts',(5.12713329649077,1.39578664925365,3.41583528749991));
#3644=CARTESIAN_POINT('Ctrl Pts',(5.48815165448111,0.267439256380418,4.54932941247778));
#3645=CARTESIAN_POINT('Ctrl Pts',(5.48615313615626,0.30814170196287,4.54900529461083));
#3646=CARTESIAN_POINT('Ctrl Pts',(5.48067482678963,0.395260194348534,4.54342960369226));
#3647=CARTESIAN_POINT('Ctrl Pts',(5.46846937441937,0.526556593322462,4.51904986266273));
#3648=CARTESIAN_POINT('Ctrl Pts',(5.45728609635347,0.614750605276442,4.49071841693842));
#3649=CARTESIAN_POINT('Ctrl Pts',(5.44487448068151,0.700437455790212,4.4570815866782));
#3650=CARTESIAN_POINT('Ctrl Pts',(5.43804570651981,0.742118425718934,4.43759228008546));
#3651=CARTESIAN_POINT('Ctrl Pts',(5.42321123651695,0.822671043013471,4.39355679889836));
#3652=CARTESIAN_POINT('Ctrl Pts',(5.41520351518968,0.861527376517589,4.36900046476986));
#3653=CARTESIAN_POINT('Ctrl Pts',(5.39815017945453,0.93566618284204,4.31535367625104));
#3654=CARTESIAN_POINT('Ctrl Pts',(5.38910494913289,0.970954599384686,4.28626592983837));
#3655=CARTESIAN_POINT('Ctrl Pts',(5.37007608768757,1.03755731601959,4.2239904559308));
#3656=CARTESIAN_POINT('Ctrl Pts',(5.36009090923522,1.06886320613382,4.1907960050489));
#3657=CARTESIAN_POINT('Ctrl Pts',(5.33928531486938,1.12711990928152,4.12075720483326));
#3658=CARTESIAN_POINT('Ctrl Pts',(5.32846184351918,1.15404952960634,4.08389913511927));
#3659=CARTESIAN_POINT('Ctrl Pts',(5.30615135074718,1.20305655651645,4.00721804793164));
#3660=CARTESIAN_POINT('Ctrl Pts',(5.29466225411662,1.22513044491991,3.96738729013634));
#3661=CARTESIAN_POINT('Ctrl Pts',(5.27112288290358,1.26420766694599,3.8852101159808));
#3662=CARTESIAN_POINT('Ctrl Pts',(5.25434098087636,1.28784300591066,3.82623253703893));
#3663=CARTESIAN_POINT('Ctrl Pts',(5.22965468589898,1.31434939095658,3.73882152217223));
#3664=CARTESIAN_POINT('Ctrl Pts',(5.20450339166997,1.33544884626906,3.6493204912681));
#3665=CARTESIAN_POINT('Ctrl Pts',(5.17509525052049,1.34923117340717,3.54392053189843));
#3666=CARTESIAN_POINT('Ctrl Pts',(5.15149982583261,1.351201162668,3.45877848591513));
#3667=CARTESIAN_POINT('Ctrl Pts',(5.14067150945897,1.35000315227129,3.41957372294901));
#3668=CARTESIAN_POINT('Ctrl Pts',(5.13872289017442,1.34971902611885,3.41251427664436));
#3669=CARTESIAN_POINT('Ctrl Pts',(5.46483534962999,0.2663030459359,4.4462969209227));
#3670=CARTESIAN_POINT('Ctrl Pts',(5.46300133508829,0.303123342348672,4.44595460175806));
#3671=CARTESIAN_POINT('Ctrl Pts',(5.45796803167278,0.381929980737485,4.44077747880092));
#3672=CARTESIAN_POINT('Ctrl Pts',(5.44673865019543,0.500691511819655,4.41842530746528));
#3673=CARTESIAN_POINT('Ctrl Pts',(5.43644287409436,0.580447674393568,4.39251962867777));
#3674=CARTESIAN_POINT('Ctrl Pts',(5.42501472840606,0.657920076490076,4.36178211804811));
#3675=CARTESIAN_POINT('Ctrl Pts',(5.41872628907695,0.695598113019362,4.34398038719803));
#3676=CARTESIAN_POINT('Ctrl Pts',(5.40506595850106,0.768389867943843,4.30377108407811));
#3677=CARTESIAN_POINT('Ctrl Pts',(5.39769215783576,0.803490561090647,4.28135409692228));
#3678=CARTESIAN_POINT('Ctrl Pts',(5.38199130498461,0.870429577198624,4.23239206341147));
#3679=CARTESIAN_POINT('Ctrl Pts',(5.37366459064423,0.902273637982487,4.20584943118021));
#3680=CARTESIAN_POINT('Ctrl Pts',(5.35615239209135,0.962330354104224,4.14903502014695));
#3681=CARTESIAN_POINT('Ctrl Pts',(5.3469654966636,0.990535433170436,4.11875715568331));
#3682=CARTESIAN_POINT('Ctrl Pts',(5.32783152925004,1.04296302457208,4.05488831781366));
#3683=CARTESIAN_POINT('Ctrl Pts',(5.31788168912412,1.06716618173354,4.02128491593481));
#3684=CARTESIAN_POINT('Ctrl Pts',(5.29738416490773,1.1111359650478,3.95139810793832));
#3685=CARTESIAN_POINT('Ctrl Pts',(5.28683458587063,1.13089929796514,3.91510759332957));
#3686=CARTESIAN_POINT('Ctrl Pts',(5.26523671883094,1.16578959187981,3.84026731782106));
#3687=CARTESIAN_POINT('Ctrl Pts',(5.24985035026162,1.18681551878493,3.78657752061672));
#3688=CARTESIAN_POINT('Ctrl Pts',(5.22724720140093,1.21021710118145,3.7070672014502));
#3689=CARTESIAN_POINT('Ctrl Pts',(5.20424225278833,1.22867903445791,3.625706496794));
#3690=CARTESIAN_POINT('Ctrl Pts',(5.17739512736836,1.24035095870839,3.53000600716203));
#3691=CARTESIAN_POINT('Ctrl Pts',(5.15590716116401,1.24145475199211,3.45282126308904));
#3692=CARTESIAN_POINT('Ctrl Pts',(5.14605952259323,1.240054478401,3.41731237973013));
#3693=CARTESIAN_POINT('Ctrl Pts',(5.14428784956494,1.23974033054578,3.41091963139181));
#3694=CARTESIAN_POINT('Ctrl Pts',(5.35606418286707,0.261002594748303,4.31257786730343));
#3695=CARTESIAN_POINT('Ctrl Pts',(5.3543644666167,0.292065734087788,4.31225933294958));
#3696=CARTESIAN_POINT('Ctrl Pts',(5.3496950298529,0.358554701255584,4.3078140216563));
#3697=CARTESIAN_POINT('Ctrl Pts',(5.33926223140784,0.458744672923842,4.28878859411796));
#3698=CARTESIAN_POINT('Ctrl Pts',(5.32968521427226,0.526014795402922,4.26677632887767));
#3699=CARTESIAN_POINT('Ctrl Pts',(5.31904839665381,0.591346250730069,4.24066656503593));
#3700=CARTESIAN_POINT('Ctrl Pts',(5.31319260865807,0.623111339836433,4.22554880008662));
#3701=CARTESIAN_POINT('Ctrl Pts',(5.30046494407346,0.684458320628122,4.19140628105968));
#3702=CARTESIAN_POINT('Ctrl Pts',(5.29359133265006,0.714027779516012,4.17237368025321));
#3703=CARTESIAN_POINT('Ctrl Pts',(5.27894784837728,0.770384075357335,4.1308080632141));
#3704=CARTESIAN_POINT('Ctrl Pts',(5.27117832226614,0.797175158808207,4.10827714457477));
#3705=CARTESIAN_POINT('Ctrl Pts',(5.25483014742045,0.847652903618197,4.06005731881977));
#3706=CARTESIAN_POINT('Ctrl Pts',(5.2462501729477,0.871332815198838,4.03436326568208));
#3707=CARTESIAN_POINT('Ctrl Pts',(5.22837274465099,0.915281932025183,3.98017768866256));
#3708=CARTESIAN_POINT('Ctrl Pts',(5.21907268499983,0.935534423765312,3.95167575539889));
#3709=CARTESIAN_POINT('Ctrl Pts',(5.19990709852576,0.972238419934043,3.89242285852469));
#3710=CARTESIAN_POINT('Ctrl Pts',(5.19003983520955,0.988686868121119,3.86166616426228));
#3711=CARTESIAN_POINT('Ctrl Pts',(5.1698337710485,1.01760892202195,3.79827591014222));
#3712=CARTESIAN_POINT('Ctrl Pts',(5.15543550547578,1.03494551760431,3.75282662452263));
#3713=CARTESIAN_POINT('Ctrl Pts',(5.1342799477964,1.05402292319177,3.68559665845159));
#3714=CARTESIAN_POINT('Ctrl Pts',(5.1127468126341,1.06886793174376,3.61686652125091));
#3715=CARTESIAN_POINT('Ctrl Pts',(5.08761775817383,1.07776798258406,3.53616572116428));
#3716=CARTESIAN_POINT('Ctrl Pts',(5.06751080960685,1.07787764305717,3.47123361727841));
#3717=CARTESIAN_POINT('Ctrl Pts',(5.05829860769114,1.0763091149464,3.44140393098639));
#3718=CARTESIAN_POINT('Ctrl Pts',(5.0566413106157,1.07597417908397,3.43603484381836));
#3719=CARTESIAN_POINT('Ctrl Pts',(5.22815656694323,0.254769618722553,4.25685501447371));
#3720=CARTESIAN_POINT('Ctrl Pts',(5.22648860887204,0.282684315531392,4.25668974629095));
#3721=CARTESIAN_POINT('Ctrl Pts',(5.2219060817853,0.342459062300492,4.25302933102221));
#3722=CARTESIAN_POINT('Ctrl Pts',(5.21165770439255,0.432689287790501,4.23666387872176));
#3723=CARTESIAN_POINT('Ctrl Pts',(5.20223555180847,0.49344139831861,4.21751777987837));
#3724=CARTESIAN_POINT('Ctrl Pts',(5.19175952721687,0.552550520940933,4.19472683331621));
#3725=CARTESIAN_POINT('Ctrl Pts',(5.18598709113399,0.581346498427969,4.1814965563754));
#3726=CARTESIAN_POINT('Ctrl Pts',(5.17342473480041,0.637089028086869,4.15153673347772));
#3727=CARTESIAN_POINT('Ctrl Pts',(5.16663296179004,0.664025434524797,4.13479996594749));
#3728=CARTESIAN_POINT('Ctrl Pts',(5.15214269916887,0.715514764705599,4.09815995139803));
#3729=CARTESIAN_POINT('Ctrl Pts',(5.14444451685045,0.740071747905161,4.07825855675085));
#3730=CARTESIAN_POINT('Ctrl Pts',(5.12821988049558,0.786511707406963,4.03556615395027));
#3731=CARTESIAN_POINT('Ctrl Pts',(5.11969203037835,0.808388960718084,4.01277037233422));
#3732=CARTESIAN_POINT('Ctrl Pts',(5.10189081007989,0.84918629004073,3.9645821544491));
#3733=CARTESIAN_POINT('Ctrl Pts',(5.09261466724611,0.868091852149318,3.93917991443796));
#3734=CARTESIAN_POINT('Ctrl Pts',(5.07345992791953,0.902576183714699,3.88624041907095));
#3735=CARTESIAN_POINT('Ctrl Pts',(5.0635794724703,0.918152473120918,3.85869773706103));
#3736=CARTESIAN_POINT('Ctrl Pts',(5.04330187721437,0.945801242312861,3.80178508389617));
#3737=CARTESIAN_POINT('Ctrl Pts',(5.02882190418215,0.96258297965448,3.76087968027302));
#3738=CARTESIAN_POINT('Ctrl Pts',(5.00747549695117,0.981507280767666,3.70014391780176));
#3739=CARTESIAN_POINT('Ctrl Pts',(4.98569424409679,0.996660674946795,3.63788222513688));
#3740=CARTESIAN_POINT('Ctrl Pts',(4.9601680390351,1.00674693443384,3.56443911855699));
#3741=CARTESIAN_POINT('Ctrl Pts',(4.93964356871739,1.00844596558405,3.50503894605509));
#3742=CARTESIAN_POINT('Ctrl Pts',(4.93021553416427,1.00774465778725,3.47767598020174));
#3743=CARTESIAN_POINT('Ctrl Pts',(4.92851864237811,1.00757016768798,3.4727485357453));
#3744=CARTESIAN_POINT('Ctrl Pts',(5.15405997859264,0.251158870015814,4.25));
#3745=CARTESIAN_POINT('Ctrl Pts',(5.15241941741637,0.278158024156052,4.24995859155797));
#3746=CARTESIAN_POINT('Ctrl Pts',(5.14791152003859,0.33599860756041,4.24674349036855));
#3747=CARTESIAN_POINT('Ctrl Pts',(5.13782394618559,0.423468595016562,4.23162041367446));
#3748=CARTESIAN_POINT('Ctrl Pts',(5.12854150643986,0.482533746668949,4.21370991523563));
#3749=CARTESIAN_POINT('Ctrl Pts',(5.11821470921638,0.540111059837247,4.19230639298648));
#3750=CARTESIAN_POINT('Ctrl Pts',(5.11252174681937,0.568217364149264,4.17984651154295));
#3751=CARTESIAN_POINT('Ctrl Pts',(5.10012392130777,0.622756364025572,4.15154814549326));
#3752=CARTESIAN_POINT('Ctrl Pts',(5.09341719237717,0.649179951222293,4.13570250005885));
#3753=CARTESIAN_POINT('Ctrl Pts',(5.07909740714799,0.699841639030394,4.10092104519182));
#3754=CARTESIAN_POINT('Ctrl Pts',(5.07148465595766,0.724083757089983,4.08198698349875));
#3755=CARTESIAN_POINT('Ctrl Pts',(5.05542653828212,0.770100116438766,4.0412643574179));
#3756=CARTESIAN_POINT('Ctrl Pts',(5.04697976035039,0.791869092413122,4.01947098481395));
#3757=CARTESIAN_POINT('Ctrl Pts',(5.02933156860497,0.832656928854978,3.97328059321893));
#3758=CARTESIAN_POINT('Ctrl Pts',(5.02012733227311,0.851662205683002,3.94887358583077));
#3759=CARTESIAN_POINT('Ctrl Pts',(5.00110218994232,0.886545259603229,3.89786999935856));
#3760=CARTESIAN_POINT('Ctrl Pts',(4.99127940817599,0.902420832979153,3.8712678907678));
#3761=CARTESIAN_POINT('Ctrl Pts',(4.97109872555009,0.930850931375222,3.81614385342176));
#3762=CARTESIAN_POINT('Ctrl Pts',(4.9566732306356,0.948305197588832,3.77641819804743));
#3763=CARTESIAN_POINT('Ctrl Pts',(4.93537368855346,0.968415586806991,3.71719493620365));
#3764=CARTESIAN_POINT('Ctrl Pts',(4.91361517375712,0.984907901006278,3.65630532533735));
#3765=CARTESIAN_POINT('Ctrl Pts',(4.88806600522422,0.996768763575956,3.58412952367035));
#3766=CARTESIAN_POINT('Ctrl Pts',(4.86747795397244,1.00001487294036,3.52543799111874));
#3767=CARTESIAN_POINT('Ctrl Pts',(4.85800987080598,1.00004273287317,3.49832597367108));
#3768=CARTESIAN_POINT('Ctrl Pts',(4.85630541791962,1.,3.49344131487868));
#3769=CARTESIAN_POINT('Ctrl Pts',(5.13027867408001,0.25,4.25));
#3770=CARTESIAN_POINT('Ctrl Pts',(5.12864861011856,0.276783760950013,4.25));
#3771=CARTESIAN_POINT('Ctrl Pts',(5.12416924138796,0.334172860327119,4.24692312031144));
#3772=CARTESIAN_POINT('Ctrl Pts',(5.11414331747084,0.42101550081286,4.23216446729951));
#3773=CARTESIAN_POINT('Ctrl Pts',(5.10491483248403,0.479716894694602,4.21460619752718));
#3774=CARTESIAN_POINT('Ctrl Pts',(5.09464599857605,0.536977831538467,4.19359329254554));
#3775=CARTESIAN_POINT('Ctrl Pts',(5.08898408174521,0.564949093724381,4.1813482729323));
#3776=CARTESIAN_POINT('Ctrl Pts',(5.07665106242915,0.619271627420728,4.15350782956977));
#3777=CARTESIAN_POINT('Ctrl Pts',(5.06997810005468,0.645613893582861,4.1379052846743));
#3778=CARTESIAN_POINT('Ctrl Pts',(5.05572680856415,0.696171850022766,4.10362432014207));
#3779=CARTESIAN_POINT('Ctrl Pts',(5.04814878336578,0.720391476405268,4.08494760516585));
#3780=CARTESIAN_POINT('Ctrl Pts',(5.03215950073343,0.766423186168776,4.04474093711489));
#3781=CARTESIAN_POINT('Ctrl Pts',(5.02374682384112,0.788230109472493,4.02320610130976));
#3782=CARTESIAN_POINT('Ctrl Pts',(5.0061646265647,0.829153168920528,3.97752085010689));
#3783=CARTESIAN_POINT('Ctrl Pts',(4.99699226463882,0.848255979647326,3.95336030061225));
#3784=CARTESIAN_POINT('Ctrl Pts',(4.97802691305607,0.883389188712526,3.90282332895164));
#3785=CARTESIAN_POINT('Ctrl Pts',(4.968232039044,0.899417483170652,3.87644129900928));
#3786=CARTESIAN_POINT('Ctrl Pts',(4.94810181025821,0.928201557876728,3.82171962020595));
#3787=CARTESIAN_POINT('Ctrl Pts',(4.9337076542877,0.945936465292823,3.78224736128868));
#3788=CARTESIAN_POINT('Ctrl Pts',(4.91244369597741,0.96650457598367,3.72331982514026));
#3789=CARTESIAN_POINT('Ctrl Pts',(4.89071355121642,0.98349182336897,3.66267368202204));
#3790=CARTESIAN_POINT('Ctrl Pts',(4.86518194192648,0.995973202910696,3.59066786519416));
#3791=CARTESIAN_POINT('Ctrl Pts',(4.8445937803643,0.999734662098868,3.53200894754898));
#3792=CARTESIAN_POINT('Ctrl Pts',(4.83512224409626,1.,3.50488722578731));
#3793=CARTESIAN_POINT('Ctrl Pts',(4.83341705682679,1.,3.5));
#3794=CARTESIAN_POINT('',(4.83341705682679,1.,3.5));
#3795=CARTESIAN_POINT('',(5.12713329649077,1.39578664925365,3.41583528749991));
#3796=CARTESIAN_POINT('Ctrl Pts',(4.83341705682679,1.,3.5));
#3797=CARTESIAN_POINT('Ctrl Pts',(4.85630541791962,1.,3.49344131487868));
#3798=CARTESIAN_POINT('Ctrl Pts',(4.92851864237811,1.00757016768798,3.4727485357453));
#3799=CARTESIAN_POINT('Ctrl Pts',(5.0566413106157,1.07597417908397,3.43603484381836));
#3800=CARTESIAN_POINT('Ctrl Pts',(5.14428784956494,1.23974033054578,3.41091963139181));
#3801=CARTESIAN_POINT('Ctrl Pts',(5.13872289017442,1.34971902611885,3.41251427664436));
#3802=CARTESIAN_POINT('Ctrl Pts',(5.12713329649077,1.39578664925365,3.41583528749991));
#3803=CARTESIAN_POINT('Ctrl Pts',(5.12713329649077,1.39578664925365,3.41583528749991));
#3804=CARTESIAN_POINT('Ctrl Pts',(5.1291591013727,1.39607006174916,3.42317415216685));
#3805=CARTESIAN_POINT('Ctrl Pts',(5.14041585103454,1.39724879882436,3.46392984603477));
#3806=CARTESIAN_POINT('Ctrl Pts',(5.16493733736734,1.3950548420347,3.55242353664457));
#3807=CARTESIAN_POINT('Ctrl Pts',(5.19548459576126,1.3805472803332,3.66194310012678));
#3808=CARTESIAN_POINT('Ctrl Pts',(5.22160091443074,1.35846267328396,3.75492722967067));
#3809=CARTESIAN_POINT('Ctrl Pts',(5.24722974782585,1.33076180926323,3.84573336504174));
#3810=CARTESIAN_POINT('Ctrl Pts',(5.26464877143734,1.30609351728136,3.90699773317303));
#3811=CARTESIAN_POINT('Ctrl Pts',(5.28907950527139,1.26533214058174,3.99236040918664));
#3812=CARTESIAN_POINT('Ctrl Pts',(5.30100253419613,1.24231710463206,4.03373487503074));
#3813=CARTESIAN_POINT('Ctrl Pts',(5.32415464599929,1.19123551275789,4.11338954460304));
#3814=CARTESIAN_POINT('Ctrl Pts',(5.33538591768639,1.16317255015211,4.15167787069439));
#3815=CARTESIAN_POINT('Ctrl Pts',(5.35697537816985,1.10247276594881,4.22443746279564));
#3816=CARTESIAN_POINT('Ctrl Pts',(5.36733674733032,1.06985792300179,4.2589229548735));
#3817=CARTESIAN_POINT('Ctrl Pts',(5.38708320700354,1.00047434238523,4.32362365461584));
#3818=CARTESIAN_POINT('Ctrl Pts',(5.39646990848252,0.963714216392827,4.35384580152086));
#3819=CARTESIAN_POINT('Ctrl Pts',(5.41416819851498,0.886483929936066,4.40958703924627));
#3820=CARTESIAN_POINT('Ctrl Pts',(5.42247941618905,0.846007237096944,4.43510332482421));
#3821=CARTESIAN_POINT('Ctrl Pts',(5.43787760151452,0.762093737588815,4.48086088857324));
#3822=CARTESIAN_POINT('Ctrl Pts',(5.44496673190663,0.718672086774297,4.5011128113599));
#3823=CARTESIAN_POINT('Ctrl Pts',(5.45785316210528,0.629404497519018,4.53606400456876));
#3824=CARTESIAN_POINT('Ctrl Pts',(5.46946627482415,0.537520465192446,4.56550089730764));
#3825=CARTESIAN_POINT('Ctrl Pts',(5.4821464765409,0.40071814845595,4.59081849831752));
#3826=CARTESIAN_POINT('Ctrl Pts',(5.48784187996573,0.309940128506572,4.59659123160532));
#3827=CARTESIAN_POINT('Ctrl Pts',(5.48992084357274,0.267525469489103,4.59691550533487));
#3828=CARTESIAN_POINT('Ctrl Pts',(5.13027867408001,0.25,4.25));
#3829=CARTESIAN_POINT('Ctrl Pts',(5.12864861011856,0.276783760950013,4.25));
#3830=CARTESIAN_POINT('Ctrl Pts',(5.12416924138796,0.334172860327119,4.24692312031144));
#3831=CARTESIAN_POINT('Ctrl Pts',(5.11414331747084,0.42101550081286,4.23216446729951));
#3832=CARTESIAN_POINT('Ctrl Pts',(5.10491483248403,0.479716894694602,4.21460619752718));
#3833=CARTESIAN_POINT('Ctrl Pts',(5.09464599857605,0.536977831538467,4.19359329254554));
#3834=CARTESIAN_POINT('Ctrl Pts',(5.08898408174521,0.564949093724381,4.1813482729323));
#3835=CARTESIAN_POINT('Ctrl Pts',(5.07665106242915,0.619271627420728,4.15350782956977));
#3836=CARTESIAN_POINT('Ctrl Pts',(5.06997810005468,0.645613893582861,4.1379052846743));
#3837=CARTESIAN_POINT('Ctrl Pts',(5.05572680856415,0.696171850022766,4.10362432014207));
#3838=CARTESIAN_POINT('Ctrl Pts',(5.04814878336578,0.720391476405268,4.08494760516585));
#3839=CARTESIAN_POINT('Ctrl Pts',(5.03215950073343,0.766423186168776,4.04474093711489));
#3840=CARTESIAN_POINT('Ctrl Pts',(5.02374682384112,0.788230109472493,4.02320610130976));
#3841=CARTESIAN_POINT('Ctrl Pts',(5.0061646265647,0.829153168920528,3.97752085010689));
#3842=CARTESIAN_POINT('Ctrl Pts',(4.99699226463882,0.848255979647326,3.95336030061225));
#3843=CARTESIAN_POINT('Ctrl Pts',(4.97802691305607,0.883389188712526,3.90282332895164));
#3844=CARTESIAN_POINT('Ctrl Pts',(4.968232039044,0.899417483170652,3.87644129900928));
#3845=CARTESIAN_POINT('Ctrl Pts',(4.94810181025821,0.928201557876728,3.82171962020595));
#3846=CARTESIAN_POINT('Ctrl Pts',(4.9337076542877,0.945936465292823,3.78224736128868));
#3847=CARTESIAN_POINT('Ctrl Pts',(4.91244369597741,0.96650457598367,3.72331982514026));
#3848=CARTESIAN_POINT('Ctrl Pts',(4.89071355121642,0.98349182336897,3.66267368202204));
#3849=CARTESIAN_POINT('Ctrl Pts',(4.86518194192648,0.995973202910696,3.59066786519416));
#3850=CARTESIAN_POINT('Ctrl Pts',(4.8445937803643,0.999734662098868,3.53200894754898));
#3851=CARTESIAN_POINT('Ctrl Pts',(4.83512224409626,1.,3.50488722578731));
#3852=CARTESIAN_POINT('Ctrl Pts',(4.83341705682679,1.,3.5));
#3853=CARTESIAN_POINT('Ctrl Pts',(5.12713329649077,1.39578664925365,3.41583528749992));
#3854=CARTESIAN_POINT('Ctrl Pts',(5.12117856717964,1.39578351998341,3.39505162572833));
#3855=CARTESIAN_POINT('Ctrl Pts',(5.10685367572559,1.39577596907339,3.34625492873909));
#3856=CARTESIAN_POINT('Ctrl Pts',(5.08312443232615,1.39576336486535,3.26977181161643));
#3857=CARTESIAN_POINT('Ctrl Pts',(5.05566710572335,1.39574864227327,3.18647764469526));
#3858=CARTESIAN_POINT('Ctrl Pts',(5.02674929262972,1.39573298092537,3.10367945945051));
#3859=CARTESIAN_POINT('Ctrl Pts',(4.99637717549481,1.39571635748903,3.02139488389368));
#3860=CARTESIAN_POINT('Ctrl Pts',(4.96455752576329,1.39569874704271,2.93964374467808));
#3861=CARTESIAN_POINT('Ctrl Pts',(4.93129692877542,1.39568012258891,2.85844500909216));
#3862=CARTESIAN_POINT('Ctrl Pts',(4.89660204349427,1.39566045507494,2.77781799507569));
#3863=CARTESIAN_POINT('Ctrl Pts',(4.86047940396073,1.39563971315723,2.69778163716999));
#3864=CARTESIAN_POINT('Ctrl Pts',(4.82919733267236,1.39562150744077,2.6316022062252));
#3865=CARTESIAN_POINT('Ctrl Pts',(4.80668373806085,1.39560826450891,2.58555666354226));
#3866=CARTESIAN_POINT('Ctrl Pts',(4.7936407420933,1.39560055071312,2.55932117348052));
#3867=CARTESIAN_POINT('Ctrl Pts',(4.78484461790032,1.39559532966461,2.54182183018072));
#3868=CARTESIAN_POINT('Ctrl Pts',(4.77706321791127,1.39559069670302,2.52648233024518));
#3869=CARTESIAN_POINT('Ctrl Pts',(4.77032007339213,1.395586671908,2.51328674151198));
#3870=CARTESIAN_POINT('Ctrl Pts',(4.76353095028131,1.39558260949589,2.5000980069285));
#3871=CARTESIAN_POINT('Ctrl Pts',(4.75669684045407,1.39557850981809,2.48691831761854));
#3872=CARTESIAN_POINT('Ctrl Pts',(4.7497117972727,1.39557430891424,2.47354506929113));
#3873=CARTESIAN_POINT('Ctrl Pts',(4.74251223790712,1.39556996761802,2.45986285300841));
#3874=CARTESIAN_POINT('Ctrl Pts',(4.73509385741809,1.39556548210059,2.44587216206159));
#3875=CARTESIAN_POINT('Ctrl Pts',(4.72740284897141,1.39556081871311,2.43147877886952));
#3876=CARTESIAN_POINT('Ctrl Pts',(4.71947841428697,1.39555599979462,2.4167657059189));
#3877=CARTESIAN_POINT('Ctrl Pts',(4.71125986784425,1.39555098683261,2.4016308071364));
#3878=CARTESIAN_POINT('Ctrl Pts',(4.70147213487808,1.39554499819139,2.38375432223414));
#3879=CARTESIAN_POINT('Ctrl Pts',(4.6943695486175,1.39554063517558,2.3709168992729));
#3880=CARTESIAN_POINT('Ctrl Pts',(4.69009892010235,1.39553800544077,2.36324584730955));
#3881=CARTESIAN_POINT('Ctrl Pts',(5.13872289017442,1.34971902611884,3.41251427664436));
#3882=CARTESIAN_POINT('Ctrl Pts',(5.13275284950311,1.34971564988609,3.39168060746569));
#3883=CARTESIAN_POINT('Ctrl Pts',(5.11839112915126,1.34970750317587,3.34276655648663));
#3884=CARTESIAN_POINT('Ctrl Pts',(5.09460088522205,1.34969390473788,3.26609968004259));
#3885=CARTESIAN_POINT('Ctrl Pts',(5.06707298837713,1.34967802131735,3.18260564374683));
#3886=CARTESIAN_POINT('Ctrl Pts',(5.03808086560775,1.34966112566534,3.09960904677242));
#3887=CARTESIAN_POINT('Ctrl Pts',(5.00763071833944,1.34964319272131,3.01712757737524));
#3888=CARTESIAN_POINT('Ctrl Pts',(4.97572933810935,1.34962419571102,2.93518112637757));
#3889=CARTESIAN_POINT('Ctrl Pts',(4.94238333012815,1.34960410563216,2.85378872376349));
#3890=CARTESIAN_POINT('Ctrl Pts',(4.90759937378742,1.34958289127942,2.77296975194775));
#3891=CARTESIAN_POINT('Ctrl Pts',(4.87138402333201,1.34956051898702,2.69274320913604));
#3892=CARTESIAN_POINT('Ctrl Pts',(4.84002168834312,1.3495408831412,2.62640684464294));
#3893=CARTESIAN_POINT('Ctrl Pts',(4.81745034197566,1.34952660044665,2.58025229289044));
#3894=CARTESIAN_POINT('Ctrl Pts',(4.80437389227438,1.34951828115953,2.55395474559355));
#3895=CARTESIAN_POINT('Ctrl Pts',(4.79555520892602,1.34951265035746,2.53641403352814));
#3896=CARTESIAN_POINT('Ctrl Pts',(4.78775385360555,1.34950765384836,2.52103828864458));
#3897=CARTESIAN_POINT('Ctrl Pts',(4.78099341734611,1.34950331326604,2.50781153328125));
#3898=CARTESIAN_POINT('Ctrl Pts',(4.77418688557236,1.34949893215256,2.49459166092418));
#3899=CARTESIAN_POINT('Ctrl Pts',(4.76733525277529,1.34949451088897,2.48138086808812));
#3900=CARTESIAN_POINT('Ctrl Pts',(4.76033230063419,1.34948998049799,2.46797607255658));
#3901=CARTESIAN_POINT('Ctrl Pts',(4.75311428349185,1.34948529874694,2.45426159428246));
#3902=CARTESIAN_POINT('Ctrl Pts',(4.74567688537195,1.34948046150911,2.44023792884114));
#3903=CARTESIAN_POINT('Ctrl Pts',(4.7379661617235,1.34947543250371,2.42581063791047));
#3904=CARTESIAN_POINT('Ctrl Pts',(4.73002141494376,1.34947023582741,2.41106292114786));
#3905=CARTESIAN_POINT('Ctrl Pts',(4.7217818035747,1.34946482994514,2.39589240265194));
#3906=CARTESIAN_POINT('Ctrl Pts',(4.71196898699674,1.34945837200523,2.37797387045724));
#3907=CARTESIAN_POINT('Ctrl Pts',(4.70484819726872,1.34945366709384,2.36510626769485));
#3908=CARTESIAN_POINT('Ctrl Pts',(4.7005666282217,1.34945083138794,2.35741719646244));
#3909=CARTESIAN_POINT('Ctrl Pts',(5.1442859498397,1.2397487177347,3.41092017576017));
#3910=CARTESIAN_POINT('Ctrl Pts',(5.1383069075755,1.23974557275683,3.39006297297043));
#3911=CARTESIAN_POINT('Ctrl Pts',(5.12392354067813,1.23973798423675,3.34109378830173));
#3912=CARTESIAN_POINT('Ctrl Pts',(5.100097449571,1.23972531802531,3.26434088902688));
#3913=CARTESIAN_POINT('Ctrl Pts',(5.07252809661413,1.23971052429022,3.18075372379397));
#3914=CARTESIAN_POINT('Ctrl Pts',(5.0434923357075,1.23969478865673,3.09766513656742));
#3915=CARTESIAN_POINT('Ctrl Pts',(5.0129963826944,1.23967808796366,3.01509287415686));
#3916=CARTESIAN_POINT('Ctrl Pts',(4.98104704364507,1.23966039745755,2.93305688577258));
#3917=CARTESIAN_POINT('Ctrl Pts',(4.94765093843664,1.23964169032847,2.85157626007784));
#3918=CARTESIAN_POINT('Ctrl Pts',(4.91281476185323,1.23962193773709,2.77067044052005));
#3919=CARTESIAN_POINT('Ctrl Pts',(4.8765450834569,1.23960110857117,2.69035848622333));
#3920=CARTESIAN_POINT('Ctrl Pts',(4.84513573873762,1.23958282856463,2.62395220485856));
#3921=CARTESIAN_POINT('Ctrl Pts',(4.82253058177299,1.23956953292928,2.57774940049952));
#3922=CARTESIAN_POINT('Ctrl Pts',(4.80943455087106,1.23956178882913,2.55142447611942));
#3923=CARTESIAN_POINT('Ctrl Pts',(4.80060266505891,1.2395565474501,2.53386555572511));
#3924=CARTESIAN_POINT('Ctrl Pts',(4.79278963255156,1.23955189658235,2.51847388892475));
#3925=CARTESIAN_POINT('Ctrl Pts',(4.78601907876843,1.23954785632781,2.50523346438628));
#3926=CARTESIAN_POINT('Ctrl Pts',(4.77920236205854,1.23954377840771,2.49199995758863));
#3927=CARTESIAN_POINT('Ctrl Pts',(4.7723404785277,1.23953966317984,2.47877556777699));
#3928=CARTESIAN_POINT('Ctrl Pts',(4.76532705087568,1.23953544644226,2.4653570041933));
#3929=CARTESIAN_POINT('Ctrl Pts',(4.7580982384217,1.23953108889464,2.45162847043503));
#3930=CARTESIAN_POINT('Ctrl Pts',(4.75064971870589,1.23952658670077,2.43759046505336));
#3931=CARTESIAN_POINT('Ctrl Pts',(4.74292746689016,1.23952190610274,2.4231484560147));
#3932=CARTESIAN_POINT('Ctrl Pts',(4.73497084444153,1.23951706953776,2.40838573139368));
#3933=CARTESIAN_POINT('Ctrl Pts',(4.72671891821438,1.2395120383463,2.39319981270311));
#3934=CARTESIAN_POINT('Ctrl Pts',(4.71689144107653,1.2395060281659,2.37526314415855));
#3935=CARTESIAN_POINT('Ctrl Pts',(4.70976001008138,1.23950164950366,2.36238255105408));
#3936=CARTESIAN_POINT('Ctrl Pts',(4.70547205132839,1.23949901057254,2.35468574864022));
#3937=CARTESIAN_POINT('Ctrl Pts',(5.05663991447801,1.07597720829076,3.43603524388316));
#3938=CARTESIAN_POINT('Ctrl Pts',(5.05076841532999,1.07597624178358,3.41555856960595));
#3939=CARTESIAN_POINT('Ctrl Pts',(5.03664375224637,1.07597390958896,3.36748284545495));
#3940=CARTESIAN_POINT('Ctrl Pts',(5.01324618801161,1.07597001695653,3.29213052059389));
#3941=CARTESIAN_POINT('Ctrl Pts',(4.98617266077607,1.07596547043377,3.21006889039211));
#3942=CARTESIAN_POINT('Ctrl Pts',(4.95765906958091,1.07596063445303,3.12849700849431));
#3943=CARTESIAN_POINT('Ctrl Pts',(4.92771151307745,1.07595550187299,3.04743231350041));
#3944=CARTESIAN_POINT('Ctrl Pts',(4.89633666932953,1.07595006508951,2.96689440760677));
#3945=CARTESIAN_POINT('Ctrl Pts',(4.86354103307535,1.0759443158645,2.88690204856885));
#3946=CARTESIAN_POINT('Ctrl Pts',(4.8293311720556,1.07593824533002,2.80747434277141));
#3947=CARTESIAN_POINT('Ctrl Pts',(4.79371353055446,1.0759318439255,2.72863002009964));
#3948=CARTESIAN_POINT('Ctrl Pts',(4.76286879859926,1.07592622594455,2.66343758094139));
#3949=CARTESIAN_POINT('Ctrl Pts',(4.74066996300049,1.07592213979766,2.61807949948794));
#3950=CARTESIAN_POINT('Ctrl Pts',(4.727809321302,1.07591975980375,2.59223592525053));
#3951=CARTESIAN_POINT('Ctrl Pts',(4.7191361768071,1.07591814896879,2.57499809307255));
#3952=CARTESIAN_POINT('Ctrl Pts',(4.71146357025579,1.07591671961657,2.55988790134117));
#3953=CARTESIAN_POINT('Ctrl Pts',(4.70481470364263,1.07591547792284,2.54688962360604));
#3954=CARTESIAN_POINT('Ctrl Pts',(4.69812050175696,1.07591422465426,2.53389814984542));
#3955=CARTESIAN_POINT('Ctrl Pts',(4.69138194273049,1.07591295991786,2.52091563917266));
#3956=CARTESIAN_POINT('Ctrl Pts',(4.68449456106194,1.0759116639864,2.50774251949718));
#3957=CARTESIAN_POINT('Ctrl Pts',(4.6773956631906,1.07591032477626,2.49426511337236));
#3958=CARTESIAN_POINT('Ctrl Pts',(4.67008100413494,1.07590894111499,2.48048391166633));
#3959=CARTESIAN_POINT('Ctrl Pts',(4.66249752968712,1.07590750262176,2.46630611272482));
#3960=CARTESIAN_POINT('Ctrl Pts',(4.65468389363279,1.07590601619041,2.45181348236512));
#3961=CARTESIAN_POINT('Ctrl Pts',(4.6465802577254,1.0759044699668,2.43690541926174));
#3962=CARTESIAN_POINT('Ctrl Pts',(4.63692937981673,1.07590262279931,2.4192969572651));
#3963=CARTESIAN_POINT('Ctrl Pts',(4.62992609790004,1.07590127721121,2.40665207762737));
#3964=CARTESIAN_POINT('Ctrl Pts',(4.62571518915552,1.07590046603937,2.39909612930486));
#3965=CARTESIAN_POINT('Ctrl Pts',(4.92851721285747,1.00757314532311,3.47274894537601));
#3966=CARTESIAN_POINT('Ctrl Pts',(4.9228053656728,1.00757310891297,3.45282783746288));
#3967=CARTESIAN_POINT('Ctrl Pts',(4.90906475178534,1.00757302098757,3.40605642460496));
#3968=CARTESIAN_POINT('Ctrl Pts',(4.8863033289868,1.00757287425319,3.33274825634833));
#3969=CARTESIAN_POINT('Ctrl Pts',(4.85996582403349,1.00757270279397,3.25291252894094));
#3970=CARTESIAN_POINT('Ctrl Pts',(4.83222733688053,1.0075725203712,3.17355299194303));
#3971=CARTESIAN_POINT('Ctrl Pts',(4.80309378726926,1.00757232669254,3.09468659137354));
#3972=CARTESIAN_POINT('Ctrl Pts',(4.77257165872817,1.00757212146167,3.01633238111915));
#3973=CARTESIAN_POINT('Ctrl Pts',(4.74066725531978,1.00757190435625,2.93850859285033));
#3974=CARTESIAN_POINT('Ctrl Pts',(4.70738695073971,1.00757167502557,2.86123379613243));
#3975=CARTESIAN_POINT('Ctrl Pts',(4.67273699764444,1.00757143309478,2.78452619456268));
#3976=CARTESIAN_POINT('Ctrl Pts',(4.64273016846241,1.00757122067951,2.72110017201676));
#3977=CARTESIAN_POINT('Ctrl Pts',(4.62113430343901,1.00757106612606,2.67697090254546));
#3978=CARTESIAN_POINT('Ctrl Pts',(4.6086229665271,1.00757097609032,2.65182741148202));
#3979=CARTESIAN_POINT('Ctrl Pts',(4.60018538243351,1.00757091514389,2.63505651475615));
#3980=CARTESIAN_POINT('Ctrl Pts',(4.59272115532313,1.00757086105903,2.62035560703337));
#3981=CARTESIAN_POINT('Ctrl Pts',(4.58625285983667,1.00757081407045,2.60770939583525));
#3982=CARTESIAN_POINT('Ctrl Pts',(4.57974045559074,1.0075707666406,2.5950697914144));
#3983=CARTESIAN_POINT('Ctrl Pts',(4.57318489394563,1.00757071877181,2.58243889411392));
#3984=CARTESIAN_POINT('Ctrl Pts',(4.56648454628151,1.00757066971945,2.56962253686785));
#3985=CARTESIAN_POINT('Ctrl Pts',(4.5595784209191,1.00757061902281,2.55651011960693));
#3986=CARTESIAN_POINT('Ctrl Pts',(4.55246238779368,1.0075705666406,2.54310211893768));
#3987=CARTESIAN_POINT('Ctrl Pts',(4.54508483262181,1.00757051217613,2.52930824482671));
#3988=CARTESIAN_POINT('Ctrl Pts',(4.5374833588322,1.00757045588886,2.51520804716411));
#3989=CARTESIAN_POINT('Ctrl Pts',(4.52959975320451,1.00757039734409,2.50070364892601));
#3990=CARTESIAN_POINT('Ctrl Pts',(4.52021090491285,1.00757032735757,2.48357194290123));
#3991=CARTESIAN_POINT('Ctrl Pts',(4.5133977654339,1.00757027644988,2.4712694175035));
#3992=CARTESIAN_POINT('Ctrl Pts',(4.50930117409482,1.00757024564222,2.46391802152448));
#3993=CARTESIAN_POINT('Ctrl Pts',(4.85630541791962,1.,3.49344131487867));
#3994=CARTESIAN_POINT('Ctrl Pts',(4.85068337681375,1.,3.47383337705365));
#3995=CARTESIAN_POINT('Ctrl Pts',(4.83715880141431,1.,3.42779722655157));
#3996=CARTESIAN_POINT('Ctrl Pts',(4.81475522147497,1.,3.35564139972719));
#3997=CARTESIAN_POINT('Ctrl Pts',(4.78883174864191,0.999999999999999,3.27706052166638));
#3998=CARTESIAN_POINT('Ctrl Pts',(4.76152927892536,0.999999999999999,3.19894823599143));
#3999=CARTESIAN_POINT('Ctrl Pts',(4.73285363298956,0.999999999999999,3.12132121792233));
#4000=CARTESIAN_POINT('Ctrl Pts',(4.70281118502894,0.999999999999999,3.04419821450838));
#4001=CARTESIAN_POINT('Ctrl Pts',(4.67140813207233,0.999999999999999,2.96759716352198));
#4002=CARTESIAN_POINT('Ctrl Pts',(4.63865073925755,0.999999999999999,2.89153633573834));
#4003=CARTESIAN_POINT('Ctrl Pts',(4.60454515169677,0.999999999999999,2.81603364080605));
#4004=CARTESIAN_POINT('Ctrl Pts',(4.57500968101796,0.999999999999999,2.75360376680446));
#4005=CARTESIAN_POINT('Ctrl Pts',(4.55375301619366,0.999999999999999,2.71016750301274));
#4006=CARTESIAN_POINT('Ctrl Pts',(4.54143818069538,0.999999999999999,2.68541884322738));
#4007=CARTESIAN_POINT('Ctrl Pts',(4.53313311134273,0.999999999999999,2.66891129201566));
#4008=CARTESIAN_POINT('Ctrl Pts',(4.52578610845346,0.999999999999999,2.65444121833336));
#4009=CARTESIAN_POINT('Ctrl Pts',(4.51941939371887,0.999999999999999,2.64199357313145));
#4010=CARTESIAN_POINT('Ctrl Pts',(4.51300926027684,0.999999999999999,2.62955242568202));
#4011=CARTESIAN_POINT('Ctrl Pts',(4.50655664454856,0.999999999999999,2.61711984342137));
#4012=CARTESIAN_POINT('Ctrl Pts',(4.49996151363934,0.999999999999999,2.60450470753538));
#4013=CARTESIAN_POINT('Ctrl Pts',(4.49316383353101,0.999999999999999,2.59159815427353));
#4014=CARTESIAN_POINT('Ctrl Pts',(4.48615953851396,0.999999999999999,2.57840065190575));
#4015=CARTESIAN_POINT('Ctrl Pts',(4.47889782462865,0.999999999999999,2.56482332768826));
#4016=CARTESIAN_POINT('Ctrl Pts',(4.47141570454506,1.,2.55094448221184));
#4017=CARTESIAN_POINT('Ctrl Pts',(4.46365587787276,1.,2.53666777271242));
#4018=CARTESIAN_POINT('Ctrl Pts',(4.45441443926261,1.,2.51980499360492));
#4019=CARTESIAN_POINT('Ctrl Pts',(4.44770826083197,1.,2.50769557192412));
#4020=CARTESIAN_POINT('Ctrl Pts',(4.44367598705663,1.,2.50045957366375));
#4021=CARTESIAN_POINT('Ctrl Pts',(4.83341705682679,1.,3.5));
#4022=CARTESIAN_POINT('Ctrl Pts',(4.82782346265395,1.,3.480491335493));
#4023=CARTESIAN_POINT('Ctrl Pts',(4.81436731387784,1.,3.43468824163075));
#4024=CARTESIAN_POINT('Ctrl Pts',(4.7920770801718,1.,3.36289769390908));
#4025=CARTESIAN_POINT('Ctrl Pts',(4.76628474919345,0.999999999999999,3.28471458637395));
#4026=CARTESIAN_POINT('Ctrl Pts',(4.73912038615627,0.999999999999999,3.20699767115314));
#4027=CARTESIAN_POINT('Ctrl Pts',(4.71058977921428,0.999999999999999,3.12976353420902));
#4028=CARTESIAN_POINT('Ctrl Pts',(4.68069926818802,0.999999999999999,3.05303082637831));
#4029=CARTESIAN_POINT('Ctrl Pts',(4.64945501636694,0.999999999999999,2.97681739301847));
#4030=CARTESIAN_POINT('Ctrl Pts',(4.61686325434978,0.999999999999999,2.90114140993649));
#4031=CARTESIAN_POINT('Ctrl Pts',(4.58293009338112,0.999999999999999,2.82602069449106));
#4032=CARTESIAN_POINT('Ctrl Pts',(4.55354392477561,0.999999999999999,2.76390662602298));
#4033=CARTESIAN_POINT('Ctrl Pts',(4.53239470115716,0.999999999999999,2.72069006693156));
#4034=CARTESIAN_POINT('Ctrl Pts',(4.52014210723723,0.999999999999999,2.69606658217009));
#4035=CARTESIAN_POINT('Ctrl Pts',(4.51187901177813,0.999999999999999,2.67964252095809));
#4036=CARTESIAN_POINT('Ctrl Pts',(4.50456913955616,0.999999999999999,2.66524563036107));
#4037=CARTESIAN_POINT('Ctrl Pts',(4.49823460041988,0.999999999999999,2.65286093826059));
#4038=CARTESIAN_POINT('Ctrl Pts',(4.49185686120539,0.999999999999999,2.64048270968804));
#4039=CARTESIAN_POINT('Ctrl Pts',(4.48543685349236,0.999999999999999,2.62811300144328));
#4040=CARTESIAN_POINT('Ctrl Pts',(4.478875049997,0.999999999999999,2.61556166144602));
#4041=CARTESIAN_POINT('Ctrl Pts',(4.47211171980987,0.999999999999999,2.60272037603301));
#4042=CARTESIAN_POINT('Ctrl Pts',(4.46514281789199,0.999999999999999,2.58958961136428));
#4043=CARTESIAN_POINT('Ctrl Pts',(4.45791779670218,0.999999999999999,2.57608094364306));
#4044=CARTESIAN_POINT('Ctrl Pts',(4.45047348168797,1.,2.56227227711471));
#4045=CARTESIAN_POINT('Ctrl Pts',(4.44275286286163,1.,2.54806775804408));
#4046=CARTESIAN_POINT('Ctrl Pts',(4.43355811397563,1.,2.5312902381165));
#4047=CARTESIAN_POINT('Ctrl Pts',(4.42688582064103,1.,2.51924205078036));
#4048=CARTESIAN_POINT('Ctrl Pts',(4.42287391294379,1.,2.51204262752014));
#4049=CARTESIAN_POINT('',(4.42287391294379,1.,2.51204262752014));
#4050=CARTESIAN_POINT('',(4.69009892010235,1.39553800544077,2.36324584730955));
#4051=CARTESIAN_POINT('Ctrl Pts',(4.42287391294379,1.,2.51204262752014));
#4052=CARTESIAN_POINT('Ctrl Pts',(4.44367598705663,1.,2.50045957366375));
#4053=CARTESIAN_POINT('Ctrl Pts',(4.50930117409482,1.00757024564222,2.46391802152448));
#4054=CARTESIAN_POINT('Ctrl Pts',(4.62571518915552,1.07590046603937,2.39909612930486));
#4055=CARTESIAN_POINT('Ctrl Pts',(4.70547205132839,1.23949901057254,2.35468574864022));
#4056=CARTESIAN_POINT('Ctrl Pts',(4.7005666282217,1.34945083138794,2.35741719646244));
#4057=CARTESIAN_POINT('Ctrl Pts',(4.69009892010235,1.39553800544077,2.36324584730955));
#4058=CARTESIAN_POINT('Ctrl Pts',(4.69009892010235,1.39553800544077,2.36324584730955));
#4059=CARTESIAN_POINT('Ctrl Pts',(4.6943695486175,1.39554063517558,2.3709168992729));
#4060=CARTESIAN_POINT('Ctrl Pts',(4.70147213487808,1.39554499819139,2.38375432223414));
#4061=CARTESIAN_POINT('Ctrl Pts',(4.71125986784425,1.39555098683261,2.4016308071364));
#4062=CARTESIAN_POINT('Ctrl Pts',(4.71947841428697,1.39555599979462,2.4167657059189));
#4063=CARTESIAN_POINT('Ctrl Pts',(4.72740284897141,1.39556081871311,2.43147877886952));
#4064=CARTESIAN_POINT('Ctrl Pts',(4.73509385741809,1.39556548210059,2.44587216206159));
#4065=CARTESIAN_POINT('Ctrl Pts',(4.74251223790712,1.39556996761802,2.45986285300841));
#4066=CARTESIAN_POINT('Ctrl Pts',(4.7497117972727,1.39557430891424,2.47354506929113));
#4067=CARTESIAN_POINT('Ctrl Pts',(4.75669684045407,1.39557850981809,2.48691831761854));
#4068=CARTESIAN_POINT('Ctrl Pts',(4.76353095028131,1.39558260949589,2.5000980069285));
#4069=CARTESIAN_POINT('Ctrl Pts',(4.77032007339213,1.395586671908,2.51328674151198));
#4070=CARTESIAN_POINT('Ctrl Pts',(4.77706321791127,1.39559069670302,2.52648233024518));
#4071=CARTESIAN_POINT('Ctrl Pts',(4.78484461790032,1.39559532966461,2.54182183018072));
#4072=CARTESIAN_POINT('Ctrl Pts',(4.7936407420933,1.39560055071312,2.55932117348052));
#4073=CARTESIAN_POINT('Ctrl Pts',(4.80668373806085,1.39560826450891,2.58555666354226));
#4074=CARTESIAN_POINT('Ctrl Pts',(4.82919733267236,1.39562150744077,2.6316022062252));
#4075=CARTESIAN_POINT('Ctrl Pts',(4.86047940396073,1.39563971315723,2.69778163716999));
#4076=CARTESIAN_POINT('Ctrl Pts',(4.89660204349427,1.39566045507494,2.77781799507569));
#4077=CARTESIAN_POINT('Ctrl Pts',(4.93129692877542,1.39568012258891,2.85844500909216));
#4078=CARTESIAN_POINT('Ctrl Pts',(4.96455752576329,1.39569874704271,2.93964374467808));
#4079=CARTESIAN_POINT('Ctrl Pts',(4.99637717549481,1.39571635748903,3.02139488389368));
#4080=CARTESIAN_POINT('Ctrl Pts',(5.02674929262972,1.39573298092537,3.10367945945051));
#4081=CARTESIAN_POINT('Ctrl Pts',(5.05566710572335,1.39574864227327,3.18647764469526));
#4082=CARTESIAN_POINT('Ctrl Pts',(5.08312443232615,1.39576336486535,3.26977181161643));
#4083=CARTESIAN_POINT('Ctrl Pts',(5.10685367572559,1.39577596907339,3.34625492873909));
#4084=CARTESIAN_POINT('Ctrl Pts',(5.12117856717964,1.39578351998341,3.39505162572833));
#4085=CARTESIAN_POINT('Ctrl Pts',(5.12713329649077,1.39578664925365,3.41583528749992));
#4086=CARTESIAN_POINT('Ctrl Pts',(4.83341705682679,1.,3.5));
#4087=CARTESIAN_POINT('Ctrl Pts',(4.82782346265395,1.,3.480491335493));
#4088=CARTESIAN_POINT('Ctrl Pts',(4.81436731387784,1.,3.43468824163075));
#4089=CARTESIAN_POINT('Ctrl Pts',(4.7920770801718,1.,3.36289769390908));
#4090=CARTESIAN_POINT('Ctrl Pts',(4.76628474919345,0.999999999999999,3.28471458637395));
#4091=CARTESIAN_POINT('Ctrl Pts',(4.73912038615627,0.999999999999999,3.20699767115314));
#4092=CARTESIAN_POINT('Ctrl Pts',(4.71058977921428,0.999999999999999,3.12976353420902));
#4093=CARTESIAN_POINT('Ctrl Pts',(4.68069926818802,0.999999999999999,3.05303082637831));
#4094=CARTESIAN_POINT('Ctrl Pts',(4.64945501636694,0.999999999999999,2.97681739301847));
#4095=CARTESIAN_POINT('Ctrl Pts',(4.61686325434978,0.999999999999999,2.90114140993649));
#4096=CARTESIAN_POINT('Ctrl Pts',(4.58293009338112,0.999999999999999,2.82602069449106));
#4097=CARTESIAN_POINT('Ctrl Pts',(4.55354392477561,0.999999999999999,2.76390662602298));
#4098=CARTESIAN_POINT('Ctrl Pts',(4.53239470115716,0.999999999999999,2.72069006693156));
#4099=CARTESIAN_POINT('Ctrl Pts',(4.52014210723723,0.999999999999999,2.69606658217009));
#4100=CARTESIAN_POINT('Ctrl Pts',(4.51187901177813,0.999999999999999,2.67964252095809));
#4101=CARTESIAN_POINT('Ctrl Pts',(4.50456913955616,0.999999999999999,2.66524563036107));
#4102=CARTESIAN_POINT('Ctrl Pts',(4.49823460041988,0.999999999999999,2.65286093826059));
#4103=CARTESIAN_POINT('Ctrl Pts',(4.49185686120539,0.999999999999999,2.64048270968804));
#4104=CARTESIAN_POINT('Ctrl Pts',(4.48543685349236,0.999999999999999,2.62811300144328));
#4105=CARTESIAN_POINT('Ctrl Pts',(4.478875049997,0.999999999999999,2.61556166144602));
#4106=CARTESIAN_POINT('Ctrl Pts',(4.47211171980987,0.999999999999999,2.60272037603301));
#4107=CARTESIAN_POINT('Ctrl Pts',(4.46514281789199,0.999999999999999,2.58958961136428));
#4108=CARTESIAN_POINT('Ctrl Pts',(4.45791779670218,0.999999999999999,2.57608094364306));
#4109=CARTESIAN_POINT('Ctrl Pts',(4.45047348168797,1.,2.56227227711471));
#4110=CARTESIAN_POINT('Ctrl Pts',(4.44275286286163,1.,2.54806775804408));
#4111=CARTESIAN_POINT('Ctrl Pts',(4.43355811397563,1.,2.5312902381165));
#4112=CARTESIAN_POINT('Ctrl Pts',(4.42688582064103,1.,2.51924205078036));
#4113=CARTESIAN_POINT('Ctrl Pts',(4.42287391294379,1.,2.51204262752014));
#4114=CARTESIAN_POINT('Ctrl Pts',(4.69009892010235,1.39553800544077,2.36324584730955));
#4115=CARTESIAN_POINT('Ctrl Pts',(4.68785751712967,1.39555592879586,2.35923007634087));
#4116=CARTESIAN_POINT('Ctrl Pts',(4.68562227618045,1.39557382467412,2.35522560421375));
#4117=CARTESIAN_POINT('Ctrl Pts',(4.68338813903231,1.3955917334352,2.3512233675752));
#4118=CARTESIAN_POINT('Ctrl Pts',(4.7005666282217,1.34945083138794,2.35741719646244));
#4119=CARTESIAN_POINT('Ctrl Pts',(4.6983296898563,1.34947029799295,2.35339871198477));
#4120=CARTESIAN_POINT('Ctrl Pts',(4.69609937359351,1.34948931894397,2.34939125458131));
#4121=CARTESIAN_POINT('Ctrl Pts',(4.69386969739593,1.34950877195941,2.34538630563996));
#4122=CARTESIAN_POINT('Ctrl Pts',(4.705415417611,1.23941260099616,2.35471728354366));
#4123=CARTESIAN_POINT('Ctrl Pts',(4.70318945669649,1.23943052486655,2.35069257178346));
#4124=CARTESIAN_POINT('Ctrl Pts',(4.70096949871524,1.23944855535097,2.34667925233622));
#4125=CARTESIAN_POINT('Ctrl Pts',(4.6987507944959,1.23946647027247,2.3426680775773));
#4126=CARTESIAN_POINT('Ctrl Pts',(4.63240074389334,1.08976814678885,2.39537346491245));
#4127=CARTESIAN_POINT('Ctrl Pts',(4.63018203324943,1.0897748201119,2.39134633981031));
#4128=CARTESIAN_POINT('Ctrl Pts',(4.6279694793936,1.08978130326544,2.38733051688656));
#4129=CARTESIAN_POINT('Ctrl Pts',(4.62575802433249,1.08978797328703,2.38331693011313));
#4130=CARTESIAN_POINT('Ctrl Pts',(4.52200337633221,1.01235043156849,2.45684515504913));
#4131=CARTESIAN_POINT('Ctrl Pts',(4.51978445036772,1.01235091758369,2.4528206082104));
#4132=CARTESIAN_POINT('Ctrl Pts',(4.51757178673132,1.01235152527983,2.44880728903822));
#4133=CARTESIAN_POINT('Ctrl Pts',(4.51536011765334,1.01235201075881,2.44479628236706));
#4134=CARTESIAN_POINT('Ctrl Pts',(4.45407702411305,1.,2.49466804673555));
#4135=CARTESIAN_POINT('Ctrl Pts',(4.45185817279576,1.000000067811,2.49064495909111));
#4136=CARTESIAN_POINT('Ctrl Pts',(4.44964524050264,0.999999932138326,2.48663331615704));
#4137=CARTESIAN_POINT('Ctrl Pts',(4.44743364710831,1.,2.48262376964125));
#4138=CARTESIAN_POINT('Ctrl Pts',(4.42287391294379,1.,2.51204262752014));
#4139=CARTESIAN_POINT('Ctrl Pts',(4.42065528515006,1.,2.50802011399451));
#4140=CARTESIAN_POINT('Ctrl Pts',(4.41844278993725,1.,2.50400891056213));
#4141=CARTESIAN_POINT('Ctrl Pts',(4.41623142037064,1.,2.49999993868662));
#4142=CARTESIAN_POINT('Ctrl Pts',(4.42287391294379,1.,2.51204262752014));
#4143=CARTESIAN_POINT('Ctrl Pts',(4.4206552868732,1.,2.50802011711867));
#4144=CARTESIAN_POINT('Ctrl Pts',(4.41844279337399,1.,2.50400891679287));
#4145=CARTESIAN_POINT('Ctrl Pts',(4.41623142552314,1.,2.49999994802753));
#4146=CARTESIAN_POINT('Ctrl Pts',(4.68338813903231,1.3955917334352,2.3512233675752));
#4147=CARTESIAN_POINT('Ctrl Pts',(4.68562227618045,1.39557382467412,2.35522560421375));
#4148=CARTESIAN_POINT('Ctrl Pts',(4.68785751712967,1.39555592879586,2.35923007634087));
#4149=CARTESIAN_POINT('Ctrl Pts',(4.69009892010235,1.39553800544077,2.36324584730955));
#4150=CARTESIAN_POINT('Ctrl Pts',(4.68338817320129,-1.3955917331613,2.35122342878558));
#4151=CARTESIAN_POINT('Ctrl Pts',(4.68562468190973,-1.39557380539011,2.35522991384343));
#4152=CARTESIAN_POINT('Ctrl Pts',(4.68786147312751,-1.39555589716177,2.35923716403614));
#4153=CARTESIAN_POINT('Ctrl Pts',(4.69009892010235,-1.39553800544077,2.36324584730955));
#4154=CARTESIAN_POINT('Ctrl Pts',(4.69386973149431,-1.34950877166402,2.34538636689322));
#4155=CARTESIAN_POINT('Ctrl Pts',(4.6961017745169,-1.34948929799925,2.34939556713298));
#4156=CARTESIAN_POINT('Ctrl Pts',(4.69833363797426,-1.34947026363508,2.35340580446929));
#4157=CARTESIAN_POINT('Ctrl Pts',(4.7005666282217,-1.34945083138795,2.35741719646244));
#4158=CARTESIAN_POINT('Ctrl Pts',(4.69875082842955,-1.23946646999781,2.34266813892396));
#4159=CARTESIAN_POINT('Ctrl Pts',(4.70097188782718,-1.23944853605968,2.34668357158996));
#4160=CARTESIAN_POINT('Ctrl Pts',(4.70319338543963,-1.23943049323155,2.35069967525892));
#4161=CARTESIAN_POINT('Ctrl Pts',(4.705415417611,-1.23941260099616,2.35471728354367));
#4162=CARTESIAN_POINT('Ctrl Pts',(4.62575805815445,-1.08978797318594,2.38331699149716));
#4163=CARTESIAN_POINT('Ctrl Pts',(4.62797186069889,-1.08978129608415,2.38733483873801));
#4164=CARTESIAN_POINT('Ctrl Pts',(4.6301859491961,-1.08977480833372,2.39135344754523));
#4165=CARTESIAN_POINT('Ctrl Pts',(4.63240074389334,-1.08976814678886,2.39537346491245));
#4166=CARTESIAN_POINT('Ctrl Pts',(4.51536015147803,-1.01235201075076,2.44479634371199));
#4167=CARTESIAN_POINT('Ctrl Pts',(4.51757416826654,-1.01235152475644,2.44881160811183));
#4168=CARTESIAN_POINT('Ctrl Pts',(4.51978836669442,-1.01235091672589,2.45282771139477));
#4169=CARTESIAN_POINT('Ctrl Pts',(4.52200337633221,-1.01235043156849,2.45684515504913));
#4170=CARTESIAN_POINT('Ctrl Pts',(4.4474336809336,-1.,2.48262383096274));
#4171=CARTESIAN_POINT('Ctrl Pts',(4.44964762195813,-0.999999932066293,2.48663763365726));
#4172=CARTESIAN_POINT('Ctrl Pts',(4.45186208899071,-1.00000006769132,2.49065205970006));
#4173=CARTESIAN_POINT('Ctrl Pts',(4.45407702411305,-1.,2.49466804673555));
#4174=CARTESIAN_POINT('Ctrl Pts',(4.41623145419142,-1.,2.5));
#4175=CARTESIAN_POINT('Ctrl Pts',(4.41844517115063,-1.,2.50401322744427));
#4176=CARTESIAN_POINT('Ctrl Pts',(4.4206592009505,-1.,2.50802721359016));
#4177=CARTESIAN_POINT('Ctrl Pts',(4.42287391294379,-1.,2.51204262752015));
#4178=CARTESIAN_POINT('Ctrl Pts',(4.69009892010235,-1.39553800544077,2.36324584730955));
#4179=CARTESIAN_POINT('Ctrl Pts',(4.68786147312751,-1.39555589716177,2.35923716403614));
#4180=CARTESIAN_POINT('Ctrl Pts',(4.68562468190973,-1.39557380539011,2.35522991384343));
#4181=CARTESIAN_POINT('Ctrl Pts',(4.68338817320129,-1.3955917331613,2.35122342878558));
#4182=CARTESIAN_POINT('Origin',(0.,1.,2.5));
#4183=CARTESIAN_POINT('',(0.,1.,2.5));
#4184=CARTESIAN_POINT('',(0.,1.,3.5));
#4185=CARTESIAN_POINT('Origin',(0.,0.25,3.5));
#4186=CARTESIAN_POINT('Ctrl Pts',(-4.25385186031843,9.44232365023716E-16,
1.16506598226677));
#4187=CARTESIAN_POINT('Ctrl Pts',(-4.25385186031843,1.2727495003653,1.16506598226677));
#4188=CARTESIAN_POINT('Ctrl Pts',(-3.03862989584965,3.80616211900766,1.16506598226677));
#4189=CARTESIAN_POINT('Ctrl Pts',(1.08356183636578,4.74653653922568,1.16506598226677));
#4190=CARTESIAN_POINT('Ctrl Pts',(4.38901690214548,2.11269981160142,1.16506598226677));
#4191=CARTESIAN_POINT('Ctrl Pts',(4.38516456973096,-2.11077218528811,1.16506598226677));
#4192=CARTESIAN_POINT('Ctrl Pts',(1.08480593555375,-4.75142955980586,1.16506598226677));
#4193=CARTESIAN_POINT('Ctrl Pts',(-3.03707213951205,-3.80351141120833,1.16506598226677));
#4194=CARTESIAN_POINT('Ctrl Pts',(-4.25385186031843,-1.2727495003653,1.16506598226677));
#4195=CARTESIAN_POINT('Ctrl Pts',(-4.25385186031843,9.44232365023716E-16,
1.16506598226677));
#4196=CARTESIAN_POINT('Ctrl Pts',(-4.46700700710021,1.01314532485055E-15,
1.56445927061439));
#4197=CARTESIAN_POINT('Ctrl Pts',(-4.46700700710021,1.33652537114668,1.56445927061439));
#4198=CARTESIAN_POINT('Ctrl Pts',(-3.19089180405274,3.99688409800285,1.56445927061439));
#4199=CARTESIAN_POINT('Ctrl Pts',(1.13785775212915,4.98437949331671,1.56445927061439));
#4200=CARTESIAN_POINT('Ctrl Pts',(4.60894499854479,2.21856453215001,1.56445927061439));
#4201=CARTESIAN_POINT('Ctrl Pts',(4.60489963061606,-2.21654031491552,1.56445927061439));
#4202=CARTESIAN_POINT('Ctrl Pts',(1.13916419155691,-4.98951769698135,1.56445927061439));
#4203=CARTESIAN_POINT('Ctrl Pts',(-3.18925599051153,-3.99410056658188,1.56445927061439));
#4204=CARTESIAN_POINT('Ctrl Pts',(-4.46700700710021,-1.33652537114668,1.56445927061439));
#4205=CARTESIAN_POINT('Ctrl Pts',(-4.46700700710021,7.82720276730452E-16,
1.56445927061439));
#4206=CARTESIAN_POINT('Ctrl Pts',(-4.68016215388199,1.08205828467739E-15,
1.96385255896202));
#4207=CARTESIAN_POINT('Ctrl Pts',(-4.68016215388198,1.40030124192806,1.96385255896202));
#4208=CARTESIAN_POINT('Ctrl Pts',(-3.34315371225583,4.18760607699805,1.96385255896202));
#4209=CARTESIAN_POINT('Ctrl Pts',(1.19215366789251,5.22222244740773,1.96385255896201));
#4210=CARTESIAN_POINT('Ctrl Pts',(4.82887309494412,2.32442925269861,1.96385255896202));
#4211=CARTESIAN_POINT('Ctrl Pts',(4.82463469150115,-2.32230844454293,1.96385255896201));
#4212=CARTESIAN_POINT('Ctrl Pts',(1.19352244756007,-5.22760583415684,1.96385255896202));
#4213=CARTESIAN_POINT('Ctrl Pts',(-3.34143984151101,-4.18468972195543,1.96385255896201));
#4214=CARTESIAN_POINT('Ctrl Pts',(-4.68016215388199,-1.40030124192806,1.96385255896202));
#4215=CARTESIAN_POINT('Ctrl Pts',(-4.68016215388199,6.21208188437188E-16,
1.96385255896202));
#4216=CARTESIAN_POINT('Ctrl Pts',(-4.89331730066376,1.15097124450422E-15,
2.36324584730964));
#4217=CARTESIAN_POINT('Ctrl Pts',(-4.89331730066376,1.46407711270944,2.36324584730964));
#4218=CARTESIAN_POINT('Ctrl Pts',(-3.49541562045892,4.37832805599325,2.36324584730964));
#4219=CARTESIAN_POINT('Ctrl Pts',(1.24644958365588,5.46006540149875,2.36324584730963));
#4220=CARTESIAN_POINT('Ctrl Pts',(5.04880119134343,2.43029397324721,2.36324584730964));
#4221=CARTESIAN_POINT('Ctrl Pts',(5.04436975238626,-2.42807657417035,2.36324584730964));
#4222=CARTESIAN_POINT('Ctrl Pts',(1.24788070356323,-5.46569397133233,2.36324584730964));
#4223=CARTESIAN_POINT('Ctrl Pts',(-3.49362369251048,-4.37527887732898,2.36324584730964));
#4224=CARTESIAN_POINT('Ctrl Pts',(-4.89331730066376,-1.46407711270944,2.36324584730964));
#4225=CARTESIAN_POINT('Ctrl Pts',(-4.89331730066376,4.59696100143925E-16,
2.36324584730964));
#4226=CARTESIAN_POINT('',(-4.89331730066372,-8.0694091693005E-16,2.36324584730955));
#4227=CARTESIAN_POINT('Ctrl Pts',(-4.89331730066372,-4.9960036108131E-15,
2.36324584730955));
#4228=CARTESIAN_POINT('Ctrl Pts',(-4.89331730066371,-1.46407711270943,2.36324584730955));
#4229=CARTESIAN_POINT('Ctrl Pts',(-4.19347049658708,-2.91967799501918,2.36324584730955));
#4230=CARTESIAN_POINT('Ctrl Pts',(-3.05329636186982,-3.82921428517461,2.36324584730955));
#4231=CARTESIAN_POINT('Ctrl Pts',(-1.91312222715256,-4.73875057533005,2.36324584730955));
#4232=CARTESIAN_POINT('Ctrl Pts',(-0.332620761794671,-5.10222227333116,
2.36324584730955));
#4233=CARTESIAN_POINT('Ctrl Pts',(1.0903781456881,-4.77768855613806,2.36324584730955));
#4234=CARTESIAN_POINT('Ctrl Pts',(2.51337705317088,-4.45315483894496,2.36324584730955));
#4235=CARTESIAN_POINT('Ctrl Pts',(3.77887340277854,-3.44061570655764,2.36324584730954));
#4236=CARTESIAN_POINT('Ctrl Pts',(4.4123601507419,-2.1246177157944,2.36324584730955));
#4237=CARTESIAN_POINT('Ctrl Pts',(4.52499314200816,-1.89063525179403,2.36324584730955));
#4238=CARTESIAN_POINT('Ctrl Pts',(4.61764685278463,-1.64705975371185,2.36324584730955));
#4239=CARTESIAN_POINT('Ctrl Pts',(4.69030748872302,-1.3973098254876,2.36324584730955));
#4240=CARTESIAN_POINT('',(-4.25385186031843,9.44232365023716E-16,1.16506598226677));
#4241=CARTESIAN_POINT('',(-4.25385186031843,9.44232365023716E-16,1.16506598226677));
#4242=CARTESIAN_POINT('Ctrl Pts',(-4.25385186031843,9.44232365023716E-16,
1.16506598226677));
#4243=CARTESIAN_POINT('Ctrl Pts',(-4.25385186031843,-1.2727495003653,1.16506598226677));
#4244=CARTESIAN_POINT('Ctrl Pts',(-3.03707213951205,-3.80351141120833,1.16506598226677));
#4245=CARTESIAN_POINT('Ctrl Pts',(1.08480593555375,-4.75142955980586,1.16506598226677));
#4246=CARTESIAN_POINT('Ctrl Pts',(4.38516456973096,-2.11077218528811,1.16506598226677));
#4247=CARTESIAN_POINT('Ctrl Pts',(4.38901690214548,2.11269981160142,1.16506598226677));
#4248=CARTESIAN_POINT('Ctrl Pts',(1.08356183636578,4.74653653922568,1.16506598226677));
#4249=CARTESIAN_POINT('Ctrl Pts',(-3.03862989584965,3.80616211900766,1.16506598226677));
#4250=CARTESIAN_POINT('Ctrl Pts',(-4.25385186031843,1.2727495003653,1.16506598226677));
#4251=CARTESIAN_POINT('Ctrl Pts',(-4.25385186031843,9.44232365023716E-16,
1.16506598226677));
#4252=CARTESIAN_POINT('Ctrl Pts',(4.69181279830399,1.39879304923473,2.36324584730955));
#4253=CARTESIAN_POINT('Ctrl Pts',(4.61936865070613,1.6483931536013,2.36324584730955));
#4254=CARTESIAN_POINT('Ctrl Pts',(4.52688143279954,1.89177748963171,2.36324584730955));
#4255=CARTESIAN_POINT('Ctrl Pts',(4.41433735023593,2.12552745338618,2.36324584730955));
#4256=CARTESIAN_POINT('Ctrl Pts',(3.78135065544754,3.44021778266435,2.36324584730955));
#4257=CARTESIAN_POINT('Ctrl Pts',(2.5139001195517,4.45014159208153,2.36324584730954));
#4258=CARTESIAN_POINT('Ctrl Pts',(1.08986398425133,4.77481393920586,2.36324584730954));
#4259=CARTESIAN_POINT('Ctrl Pts',(-0.334172151049052,5.0994862863302,2.36324584730954));
#4260=CARTESIAN_POINT('Ctrl Pts',(-1.91479388575397,4.7389071711617,2.36324584730955));
#4261=CARTESIAN_POINT('Ctrl Pts',(-3.05458017315763,3.83005487775651,2.36324584730955));
#4262=CARTESIAN_POINT('Ctrl Pts',(-4.1943664605613,2.92120258435131,2.36324584730955));
#4263=CARTESIAN_POINT('Ctrl Pts',(-4.89331730066372,1.46407711270942,2.36324584730955));
#4264=CARTESIAN_POINT('Ctrl Pts',(-4.89331730066372,-3.19516758269057E-15,
2.36324584730955));
#4265=CARTESIAN_POINT('Origin',(0.,0.25,2.5));
#4266=CARTESIAN_POINT('',(0.,0.25,1.75));
#4267=CARTESIAN_POINT('Origin',(0.,-0.25,1.75));
#4268=CARTESIAN_POINT('Ctrl Pts',(-4.89331730066372,-3.19516758269057E-15,
2.36324584730955));
#4269=CARTESIAN_POINT('Ctrl Pts',(-4.89331730066372,0.424108722803305,2.36324584730955));
#4270=CARTESIAN_POINT('Ctrl Pts',(-4.78060026768556,1.28391032071605,2.36324584730955));
#4271=CARTESIAN_POINT('Ctrl Pts',(-4.28563349564021,2.47465333678877,2.36324584730955));
#4272=CARTESIAN_POINT('Ctrl Pts',(-3.50288002633565,3.49783531633135,2.36324584730955));
#4273=CARTESIAN_POINT('Ctrl Pts',(-2.47485225038891,4.28653911259097,2.36324584730955));
#4274=CARTESIAN_POINT('Ctrl Pts',(-1.28332524172331,4.77953596142028,2.36324584730955));
#4275=CARTESIAN_POINT('Ctrl Pts',(0.00651381559341593,4.95167701952918,
2.36324584730955));
#4276=CARTESIAN_POINT('Ctrl Pts',(1.28230590624259,4.77684541882121,2.36324584730955));
#4277=CARTESIAN_POINT('Ctrl Pts',(2.48417476360171,4.28499459128939,2.36324584730955));
#4278=CARTESIAN_POINT('Ctrl Pts',(3.50010500849248,3.49801567597008,2.36324584730955));
#4279=CARTESIAN_POINT('Ctrl Pts',(4.1472092107325,2.64962498142901,2.36324584730955));
#4280=CARTESIAN_POINT('Ctrl Pts',(4.51787565320902,1.92121130628664,2.36324584730955));
#4281=CARTESIAN_POINT('Ctrl Pts',(4.81605336105793,1.05318512671478,2.36324584730955));
#4282=CARTESIAN_POINT('Ctrl Pts',(4.94497877240203,0.0026108966998478,2.36324584730955));
#4283=CARTESIAN_POINT('Ctrl Pts',(4.80901652079439,-1.07330068112507,2.36324584730955));
#4284=CARTESIAN_POINT('Ctrl Pts',(4.53088344627528,-1.88944019381618,2.36324584730955));
#4285=CARTESIAN_POINT('Ctrl Pts',(4.23168536249811,-2.49159322895626,2.36324584730955));
#4286=CARTESIAN_POINT('Ctrl Pts',(3.86951525807759,-3.00837685498299,2.36324584730955));
#4287=CARTESIAN_POINT('Ctrl Pts',(3.39167950720563,-3.57029654949261,2.36324584730955));
#4288=CARTESIAN_POINT('Ctrl Pts',(2.74780083583255,-4.08679895198195,2.36324584730955));
#4289=CARTESIAN_POINT('Ctrl Pts',(1.94118158297603,-4.50975271894939,2.36324584730955));
#4290=CARTESIAN_POINT('Ctrl Pts',(1.31033990777956,-4.73627840034866,2.36324584730955));
#4291=CARTESIAN_POINT('Ctrl Pts',(0.667384300113096,-4.85733964103105,2.36324584730955));
#4292=CARTESIAN_POINT('Ctrl Pts',(-0.204427399599395,-4.92752017185727,
2.36324584730955));
#4293=CARTESIAN_POINT('Ctrl Pts',(-1.26100598458561,-4.78872774627166,2.36324584730955));
#4294=CARTESIAN_POINT('Ctrl Pts',(-2.46871919538941,-4.28511963407877,2.36324584730955));
#4295=CARTESIAN_POINT('Ctrl Pts',(-3.31413217923896,-3.64848728781886,2.36324584730955));
#4296=CARTESIAN_POINT('Ctrl Pts',(-3.85134754197546,-3.03750898396459,2.36324584730955));
#4297=CARTESIAN_POINT('Ctrl Pts',(-4.1158970035705,-2.65286932874171,2.36324584730955));
#4298=CARTESIAN_POINT('Ctrl Pts',(-4.405221246348,-2.17476755979742,2.36324584730955));
#4299=CARTESIAN_POINT('Ctrl Pts',(-4.78624909944027,-1.26861942924502,2.36324584730955));
#4300=CARTESIAN_POINT('Ctrl Pts',(-4.89331730066372,-0.425581709746632,
2.36324584730955));
#4301=CARTESIAN_POINT('Ctrl Pts',(-4.89331730066372,-2.76485307836431E-15,
2.36324584730955));
#4302=CARTESIAN_POINT('Ctrl Pts',(-5.28568251173377,-2.95125797918949E-15,
3.09842880792983));
#4303=CARTESIAN_POINT('Ctrl Pts',(-5.28578009462734,0.457792866603845,3.09842880792982));
#4304=CARTESIAN_POINT('Ctrl Pts',(-5.16391180995931,1.38690640441572,3.09842880792983));
#4305=CARTESIAN_POINT('Ctrl Pts',(-4.62928955233336,2.67299505740387,3.09842880792982));
#4306=CARTESIAN_POINT('Ctrl Pts',(-3.78377381207545,3.77828129361072,3.09842880792983));
#4307=CARTESIAN_POINT('Ctrl Pts',(-2.67330367377651,4.63025535818431,3.09842880792982));
#4308=CARTESIAN_POINT('Ctrl Pts',(-1.38620708270218,5.162755898133,3.09842880792983));
#4309=CARTESIAN_POINT('Ctrl Pts',(0.00696436818296753,5.34878215689739,
3.09842880792982));
#4310=CARTESIAN_POINT('Ctrl Pts',(1.38520156170242,5.15987834245678,3.09842880792983));
#4311=CARTESIAN_POINT('Ctrl Pts',(2.6833841824842,4.62849470742199,3.09842880792982));
#4312=CARTESIAN_POINT('Ctrl Pts',(3.78070562794777,3.77858661328267,3.09842880792983));
#4313=CARTESIAN_POINT('Ctrl Pts',(4.47993966329973,2.86181553458897,3.09842880792982));
#4314=CARTESIAN_POINT('Ctrl Pts',(4.87991385643076,2.07556452706968,3.09842880792983));
#4315=CARTESIAN_POINT('Ctrl Pts',(5.20230440775119,1.13750776045696,3.09842880792982));
#4316=CARTESIAN_POINT('Ctrl Pts',(5.34133799329497,0.00292585514835097,
3.09842880792983));
#4317=CARTESIAN_POINT('Ctrl Pts',(5.19469606361543,-1.15938306541458,3.09842880792983));
#4318=CARTESIAN_POINT('Ctrl Pts',(4.89403307441651,-2.04096527051058,3.09842880792983));
#4319=CARTESIAN_POINT('Ctrl Pts',(4.57103192746258,-2.69140186886002,3.09842880792983));
#4320=CARTESIAN_POINT('Ctrl Pts',(4.17963581119292,-3.24962637522205,3.09842880792983));
#4321=CARTESIAN_POINT('Ctrl Pts',(3.66383576219359,-3.85650504144692,3.09842880792982));
#4322=CARTESIAN_POINT('Ctrl Pts',(2.96809606826179,-4.41455726107074,3.09842880792983));
#4323=CARTESIAN_POINT('Ctrl Pts',(2.09691342827538,-4.87127849759578,3.09842880792983));
#4324=CARTESIAN_POINT('Ctrl Pts',(1.41529927563937,-5.11609567749658,3.09842880792983));
#4325=CARTESIAN_POINT('Ctrl Pts',(0.720933656895624,-5.24677986788756,3.09842880792983));
#4326=CARTESIAN_POINT('Ctrl Pts',(-0.220817392056437,-5.32259390620739,
3.09842880792983));
#4327=CARTESIAN_POINT('Ctrl Pts',(-1.3620230893051,-5.1726386379053,3.09842880792983));
#4328=CARTESIAN_POINT('Ctrl Pts',(-2.66672836413836,-4.62876172315097,3.09842880792982));
#4329=CARTESIAN_POINT('Ctrl Pts',(-3.57989280255502,-3.94083139751624,3.09842880792983));
#4330=CARTESIAN_POINT('Ctrl Pts',(-4.1601946268046,-3.28111800219921,3.09842880792982));
#4331=CARTESIAN_POINT('Ctrl Pts',(-4.44601594072483,-2.86522126945888,3.09842880792983));
#4332=CARTESIAN_POINT('Ctrl Pts',(-4.75834848100724,-2.34958577685881,3.09842880792983));
#4333=CARTESIAN_POINT('Ctrl Pts',(-5.1700268999747,-1.3703391203903,3.09842880792983));
#4334=CARTESIAN_POINT('Ctrl Pts',(-5.28572390475278,-0.459151350872862,
3.09842880792982));
#4335=CARTESIAN_POINT('Ctrl Pts',(-5.28568251173377,-2.81280648594301E-15,
3.09842880792982));
#4336=CARTESIAN_POINT('Ctrl Pts',(-5.5,-2.57510505161491E-15,3.95518282928666));
#4337=CARTESIAN_POINT('Ctrl Pts',(-5.5,0.476690521397784,3.95518282928666));
#4338=CARTESIAN_POINT('Ctrl Pts',(-5.3733080968823,1.44309194153023,3.95518282928667));
#4339=CARTESIAN_POINT('Ctrl Pts',(-4.81697441178074,2.78146552043378,3.95518282928666));
#4340=CARTESIAN_POINT('Ctrl Pts',(-3.93717369242189,3.9315035297656,3.95518282928667));
#4341=CARTESIAN_POINT('Ctrl Pts',(-2.78168909571687,4.8179923088275,3.95518282928666));
#4342=CARTESIAN_POINT('Ctrl Pts',(-1.44243432334152,5.3721118359208,3.95518282928666));
#4343=CARTESIAN_POINT('Ctrl Pts',(0.00732141072456852,5.56559526677669,
3.95518282928667));
#4344=CARTESIAN_POINT('Ctrl Pts',(1.44128860872717,5.36908771478054,3.95518282928666));
#4345=CARTESIAN_POINT('Ctrl Pts',(2.79216743168406,4.81625629486463,3.95518282928666));
#4346=CARTESIAN_POINT('Ctrl Pts',(3.9340546226376,3.93170625073217,3.95518282928666));
#4347=CARTESIAN_POINT('Ctrl Pts',(4.6613880231995,2.9781304792728,3.95518282928666));
#4348=CARTESIAN_POINT('Ctrl Pts',(5.07801038965515,2.15940670414798,3.95518282928666));
#4349=CARTESIAN_POINT('Ctrl Pts',(5.41315673157468,1.18376100322486,3.95518282928666));
#4350=CARTESIAN_POINT('Ctrl Pts',(5.55806655834932,0.00293460059236821,
3.95518282928666));
#4351=CARTESIAN_POINT('Ctrl Pts',(5.40524745059586,-1.20637052197437,3.95518282928667));
#4352=CARTESIAN_POINT('Ctrl Pts',(5.09263091341614,-2.12369654928764,3.95518282928666));
#4353=CARTESIAN_POINT('Ctrl Pts',(4.75633768743808,-2.80050565235176,3.95518282928667));
#4354=CARTESIAN_POINT('Ctrl Pts',(4.34926505104013,-3.38136108610047,3.95518282928667));
#4355=CARTESIAN_POINT('Ctrl Pts',(3.81218632339676,-4.01294864315173,3.95518282928666));
#4356=CARTESIAN_POINT('Ctrl Pts',(3.0884783610965,-4.59348798673896,3.95518282928666));
#4357=CARTESIAN_POINT('Ctrl Pts',(2.18185293337099,-5.06888035870008,3.95518282928666));
#4358=CARTESIAN_POINT('Ctrl Pts',(1.47279831859872,-5.32349112091798,3.95518282928666));
#4359=CARTESIAN_POINT('Ctrl Pts',(0.750127863182744,-5.45956176233394,3.95518282928667));
#4360=CARTESIAN_POINT('Ctrl Pts',(-0.229772693801029,-5.53844340761206,
3.95518282928667));
#4361=CARTESIAN_POINT('Ctrl Pts',(-1.41734788264807,-5.38244323557798,3.95518282928666));
#4362=CARTESIAN_POINT('Ctrl Pts',(-2.77479565300213,-4.81639684069466,3.95518282928667));
#4363=CARTESIAN_POINT('Ctrl Pts',(-3.72502453158759,-4.10083361654924,3.95518282928667));
#4364=CARTESIAN_POINT('Ctrl Pts',(-4.32884486726253,-3.41410507132641,3.95518282928667));
#4365=CARTESIAN_POINT('Ctrl Pts',(-4.62619366959246,-2.9817770668786,3.95518282928667));
#4366=CARTESIAN_POINT('Ctrl Pts',(-4.95138887715858,-2.44439933974104,3.95518282928667));
#4367=CARTESIAN_POINT('Ctrl Pts',(-5.37965728144196,-1.42590525652224,3.95518282928666));
#4368=CARTESIAN_POINT('Ctrl Pts',(-5.5,-0.47834613203787,3.95518282928666));
#4369=CARTESIAN_POINT('Ctrl Pts',(-5.5,-2.7546051438409E-15,3.95518282928666));
#4370=CARTESIAN_POINT('Ctrl Pts',(-5.5,-2.13036659369845E-15,4.78851616262));
#4371=CARTESIAN_POINT('Ctrl Pts',(-5.5,0.476690521397784,4.78851616262));
#4372=CARTESIAN_POINT('Ctrl Pts',(-5.3733080968823,1.44309194153023,4.78851616262));
#4373=CARTESIAN_POINT('Ctrl Pts',(-4.81697441178074,2.78146552043378,4.78851616262));
#4374=CARTESIAN_POINT('Ctrl Pts',(-3.93717369242189,3.93150352976559,4.78851616262));
#4375=CARTESIAN_POINT('Ctrl Pts',(-2.78168909571687,4.8179923088275,4.78851616262));
#4376=CARTESIAN_POINT('Ctrl Pts',(-1.44243432334152,5.3721118359208,4.78851616262));
#4377=CARTESIAN_POINT('Ctrl Pts',(0.00732141072456919,5.56559526677669,
4.78851616262));
#4378=CARTESIAN_POINT('Ctrl Pts',(1.44128860872717,5.36908771478055,4.78851616261999));
#4379=CARTESIAN_POINT('Ctrl Pts',(2.79216743168406,4.81625629486463,4.78851616262));
#4380=CARTESIAN_POINT('Ctrl Pts',(3.9340546226376,3.93170625073218,4.78851616261999));
#4381=CARTESIAN_POINT('Ctrl Pts',(4.6613880231995,2.9781304792728,4.78851616262));
#4382=CARTESIAN_POINT('Ctrl Pts',(5.07801038965515,2.15940670414798,4.78851616261999));
#4383=CARTESIAN_POINT('Ctrl Pts',(5.41315673157468,1.18376100322487,4.78851616262));
#4384=CARTESIAN_POINT('Ctrl Pts',(5.55806655834932,0.00293460059236711,
4.78851616262));
#4385=CARTESIAN_POINT('Ctrl Pts',(5.40524745059586,-1.20637052197437,4.78851616262));
#4386=CARTESIAN_POINT('Ctrl Pts',(5.09263091341614,-2.12369654928764,4.78851616262));
#4387=CARTESIAN_POINT('Ctrl Pts',(4.75633768743808,-2.80050565235177,4.78851616262));
#4388=CARTESIAN_POINT('Ctrl Pts',(4.34926505104014,-3.38136108610047,4.78851616262));
#4389=CARTESIAN_POINT('Ctrl Pts',(3.81218632339676,-4.01294864315173,4.78851616262));
#4390=CARTESIAN_POINT('Ctrl Pts',(3.0884783610965,-4.59348798673896,4.78851616262));
#4391=CARTESIAN_POINT('Ctrl Pts',(2.18185293337099,-5.06888035870008,4.78851616262));
#4392=CARTESIAN_POINT('Ctrl Pts',(1.47279831859872,-5.32349112091798,4.78851616262));
#4393=CARTESIAN_POINT('Ctrl Pts',(0.750127863182744,-5.45956176233394,4.78851616262));
#4394=CARTESIAN_POINT('Ctrl Pts',(-0.22977269380103,-5.53844340761206,4.78851616262));
#4395=CARTESIAN_POINT('Ctrl Pts',(-1.41734788264807,-5.38244323557798,4.78851616262));
#4396=CARTESIAN_POINT('Ctrl Pts',(-2.77479565300213,-4.81639684069466,4.78851616262));
#4397=CARTESIAN_POINT('Ctrl Pts',(-3.72502453158759,-4.10083361654924,4.78851616262));
#4398=CARTESIAN_POINT('Ctrl Pts',(-4.32884486726253,-3.41410507132641,4.78851616262));
#4399=CARTESIAN_POINT('Ctrl Pts',(-4.62619366959246,-2.9817770668786,4.78851616262));
#4400=CARTESIAN_POINT('Ctrl Pts',(-4.95138887715858,-2.44439933974104,4.78851616262));
#4401=CARTESIAN_POINT('Ctrl Pts',(-5.37965728144196,-1.42590525652224,4.78851616262));
#4402=CARTESIAN_POINT('Ctrl Pts',(-5.5,-0.47834613203787,4.78851616262));
#4403=CARTESIAN_POINT('Ctrl Pts',(-5.5,-2.60009868703046E-15,4.78851616262));
#4404=CARTESIAN_POINT('',(-5.5,-2.13036659369845E-15,4.78851616262));
#4405=CARTESIAN_POINT('Ctrl Pts',(-4.89331730066372,-3.19516758269057E-15,
2.36324584730955));
#4406=CARTESIAN_POINT('Ctrl Pts',(-5.28568251173377,-2.95125797918949E-15,
3.09842880792983));
#4407=CARTESIAN_POINT('Ctrl Pts',(-5.5,-2.57510505161491E-15,3.95518282928666));
#4408=CARTESIAN_POINT('Ctrl Pts',(-5.5,-2.13036659369845E-15,4.78851616262));
#4409=CARTESIAN_POINT('',(5.50018052576235,0.000908127690081661,4.78851616262));
#4410=CARTESIAN_POINT('Ctrl Pts',(-5.5,-2.13036659369845E-15,4.78851616262));
#4411=CARTESIAN_POINT('Ctrl Pts',(-5.5,0.476690521397784,4.78851616262));
#4412=CARTESIAN_POINT('Ctrl Pts',(-5.3733080968823,1.44309194153023,4.78851616262));
#4413=CARTESIAN_POINT('Ctrl Pts',(-4.81697441178074,2.78146552043378,4.78851616262));
#4414=CARTESIAN_POINT('Ctrl Pts',(-3.93717369242189,3.93150352976559,4.78851616262));
#4415=CARTESIAN_POINT('Ctrl Pts',(-2.78168909571687,4.8179923088275,4.78851616262));
#4416=CARTESIAN_POINT('Ctrl Pts',(-1.44243432334152,5.3721118359208,4.78851616262));
#4417=CARTESIAN_POINT('Ctrl Pts',(0.00732141072456919,5.56559526677669,
4.78851616262));
#4418=CARTESIAN_POINT('Ctrl Pts',(1.44128860872717,5.36908771478055,4.78851616261999));
#4419=CARTESIAN_POINT('Ctrl Pts',(2.79216743168406,4.81625629486463,4.78851616262));
#4420=CARTESIAN_POINT('Ctrl Pts',(3.9340546226376,3.93170625073218,4.78851616261999));
#4421=CARTESIAN_POINT('Ctrl Pts',(4.6613880231995,2.9781304792728,4.78851616262));
#4422=CARTESIAN_POINT('Ctrl Pts',(5.07801038965515,2.15940670414798,4.78851616261999));
#4423=CARTESIAN_POINT('Ctrl Pts',(5.41205436483757,1.18697010693083,4.78851616262));
#4424=CARTESIAN_POINT('Ctrl Pts',(5.501324520942,0.465282432941765,4.78851616262));
#4425=CARTESIAN_POINT('Ctrl Pts',(5.50018052576236,0.000908127690081533,
4.78851616262));
#4426=CARTESIAN_POINT('Ctrl Pts',(5.50018052576236,0.000908127690081533,
4.78851616262));
#4427=CARTESIAN_POINT('Ctrl Pts',(5.50017241285486,-0.00238509053947577,
4.78851616262));
#4428=CARTESIAN_POINT('Ctrl Pts',(5.49861582280425,-0.467517557464954,4.78851616262));
#4429=CARTESIAN_POINT('Ctrl Pts',(5.40524745059586,-1.20637052197437,4.78851616262));
#4430=CARTESIAN_POINT('Ctrl Pts',(5.09263091341614,-2.12369654928764,4.78851616262));
#4431=CARTESIAN_POINT('Ctrl Pts',(4.75633768743808,-2.80050565235177,4.78851616262));
#4432=CARTESIAN_POINT('Ctrl Pts',(4.34926505104014,-3.38136108610047,4.78851616262));
#4433=CARTESIAN_POINT('Ctrl Pts',(3.81218632339676,-4.01294864315173,4.78851616262));
#4434=CARTESIAN_POINT('Ctrl Pts',(3.0884783610965,-4.59348798673896,4.78851616262));
#4435=CARTESIAN_POINT('Ctrl Pts',(2.18185293337099,-5.06888035870008,4.78851616262));
#4436=CARTESIAN_POINT('Ctrl Pts',(1.47279831859872,-5.32349112091798,4.78851616262));
#4437=CARTESIAN_POINT('Ctrl Pts',(0.750127863182744,-5.45956176233394,4.78851616262));
#4438=CARTESIAN_POINT('Ctrl Pts',(-0.22977269380103,-5.53844340761206,4.78851616262));
#4439=CARTESIAN_POINT('Ctrl Pts',(-1.41734788264807,-5.38244323557798,4.78851616262));
#4440=CARTESIAN_POINT('Ctrl Pts',(-2.77479565300213,-4.81639684069466,4.78851616262));
#4441=CARTESIAN_POINT('Ctrl Pts',(-3.72502453158759,-4.10083361654924,4.78851616262));
#4442=CARTESIAN_POINT('Ctrl Pts',(-4.32884486726253,-3.41410507132641,4.78851616262));
#4443=CARTESIAN_POINT('Ctrl Pts',(-4.62619366959246,-2.9817770668786,4.78851616262));
#4444=CARTESIAN_POINT('Ctrl Pts',(-4.95138887715858,-2.44439933974104,4.78851616262));
#4445=CARTESIAN_POINT('Ctrl Pts',(-5.37965728144196,-1.42590525652224,4.78851616262));
#4446=CARTESIAN_POINT('Ctrl Pts',(-5.5,-0.47834613203787,4.78851616262));
#4447=CARTESIAN_POINT('Ctrl Pts',(-5.5,-2.60009868703046E-15,4.78851616262));
#4448=CARTESIAN_POINT('Origin',(0.,0.,6.));
#4449=CARTESIAN_POINT('',(5.5,-6.73555739531044E-16,6.));
#4450=CARTESIAN_POINT('Origin',(0.,0.,0.503337045290424));
#4451=CARTESIAN_POINT('',(-4.1,-9.10684068845711E-16,0.503337045290424));
#4452=CARTESIAN_POINT('Origin',(0.,0.,0.503337045290424));
#4453=CARTESIAN_POINT('Origin',(-5.6,-1.2438611672039E-15,0.503337045290424));
#4454=CARTESIAN_POINT('Origin',(0.,0.,0.));
#4455=CARTESIAN_POINT('',(-4.1,-5.02105187650415E-16,0.));
#4456=UNCERTAINTY_MEASURE_WITH_UNIT(LENGTH_MEASURE(0.01),#4460,
'DISTANCE_ACCURACY_VALUE',
'Maximum model space distance between geometric entities at asserted c
onnectivities');
#4457=UNCERTAINTY_MEASURE_WITH_UNIT(LENGTH_MEASURE(0.01),#4460,
'DISTANCE_ACCURACY_VALUE',
'Maximum model space distance between geometric entities at asserted c
onnectivities');
#4458=(
GEOMETRIC_REPRESENTATION_CONTEXT(3)
GLOBAL_UNCERTAINTY_ASSIGNED_CONTEXT((#4456))
GLOBAL_UNIT_ASSIGNED_CONTEXT((#4460,#4462,#4463))
REPRESENTATION_CONTEXT('','3D')
);
#4459=(
GEOMETRIC_REPRESENTATION_CONTEXT(3)
GLOBAL_UNCERTAINTY_ASSIGNED_CONTEXT((#4457))
GLOBAL_UNIT_ASSIGNED_CONTEXT((#4460,#4462,#4463))
REPRESENTATION_CONTEXT('','3D')
);
#4460=(
LENGTH_UNIT()
NAMED_UNIT(*)
SI_UNIT(.MILLI.,.METRE.)
);
#4461=(
LENGTH_UNIT()
NAMED_UNIT(*)
SI_UNIT($,.METRE.)
);
#4462=(
NAMED_UNIT(*)
PLANE_ANGLE_UNIT()
SI_UNIT($,.RADIAN.)
);
#4463=(
NAMED_UNIT(*)
SI_UNIT($,.STERADIAN.)
SOLID_ANGLE_UNIT()
);
#4464=SHAPE_DEFINITION_REPRESENTATION(#4465,#4466);
#4465=PRODUCT_DEFINITION_SHAPE('',$,#4468);
#4466=SHAPE_REPRESENTATION('',(#662),#4458);
#4467=PRODUCT_DEFINITION_CONTEXT('part definition',#4472,'design');
#4468=PRODUCT_DEFINITION('MiniRemoteEncoderPillowJoint',
'MiniRemoteEncoderPillowJoint v2',#4469,#4467);
#4469=PRODUCT_DEFINITION_FORMATION('',$,#4474);
#4470=PRODUCT_RELATED_PRODUCT_CATEGORY(
'MiniRemoteEncoderPillowJoint v2','MiniRemoteEncoderPillowJoint v2',(#4474));
#4471=APPLICATION_PROTOCOL_DEFINITION('international standard',
'automotive_design',2009,#4472);
#4472=APPLICATION_CONTEXT(
'Core Data for Automotive Mechanical Design Process');
#4473=PRODUCT_CONTEXT('part definition',#4472,'mechanical');
#4474=PRODUCT('MiniRemoteEncoderPillowJoint',
'MiniRemoteEncoderPillowJoint v2',$,(#4473));
#4475=PRESENTATION_STYLE_ASSIGNMENT((#4477));
#4476=PRESENTATION_STYLE_ASSIGNMENT((#4478));
#4477=SURFACE_STYLE_USAGE(.BOTH.,#4479);
#4478=SURFACE_STYLE_USAGE(.BOTH.,#4480);
#4479=SURFACE_SIDE_STYLE('',(#4481));
#4480=SURFACE_SIDE_STYLE('',(#4482));
#4481=SURFACE_STYLE_FILL_AREA(#4483);
#4482=SURFACE_STYLE_FILL_AREA(#4484);
#4483=FILL_AREA_STYLE('Steel - Satin',(#4485));
#4484=FILL_AREA_STYLE('ABS (White)',(#4486));
#4485=FILL_AREA_STYLE_COLOUR('Steel - Satin',#4487);
#4486=FILL_AREA_STYLE_COLOUR('ABS (White)',#4488);
#4487=COLOUR_RGB('Steel - Satin',0.627450980392157,0.627450980392157,0.627450980392157);
#4488=COLOUR_RGB('ABS (White)',0.964705882352941,0.964705882352941,0.952941176470588);
ENDSEC;
END-ISO-10303-21;
